account_id,created_at,region,segment,acquisition_channel
ACC00001,2023-01-01,India,SMB,Partner
ACC00002,2023-01-01,North America,Mid-Market,Organic Search
ACC00003,2023-01-01,Europe,Mid-Market,Paid Social
ACC00004,2023-01-01,North America,Mid-Market,Organic Search
ACC00005,2023-01-01,APAC,Mid-Market,Partner
ACC00006,2023-01-01,North America,Enterprise,Paid Social
ACC00007,2023-01-01,North America,SMB,Paid Search
ACC00008,2023-01-02,North America,Mid-Market,Organic Search
ACC00009,2023-01-02,APAC,SMB,Paid Social
ACC00010,2023-01-02,APAC,SMB,Paid Social
ACC00011,2023-01-02,North America,SMB,Organic Search
ACC00012,2023-01-02,Latin America,Mid-Market,Organic Search
ACC00013,2023-01-02,APAC,SMB,Organic Search
ACC00014,2023-01-03,North America,SMB,Organic Search
ACC00015,2023-01-03,Latin America,Enterprise,Organic Search
ACC00016,2023-01-04,India,Mid-Market,Paid Search
ACC00017,2023-01-04,Europe,SMB,Organic Search
ACC00018,2023-01-05,APAC,Mid-Market,Partner
ACC00019,2023-01-05,North America,SMB,Referral
ACC00020,2023-01-05,North America,SMB,Organic Search
ACC00021,2023-01-05,North America,SMB,Partner
ACC00022,2023-01-05,North America,SMB,Paid Search
ACC00023,2023-01-05,North America,SMB,Paid Search
ACC00024,2023-01-05,Latin America,Mid-Market,Paid Search
ACC00025,2023-01-05,North America,SMB,Paid Social
ACC00026,2023-01-05,Latin America,SMB,Organic Search
ACC00027,2023-01-05,India,Enterprise,Paid Search
ACC00028,2023-01-05,APAC,SMB,Organic Search
ACC00029,2023-01-05,Europe,SMB,Paid Search
ACC00030,2023-01-06,Latin America,SMB,Paid Search
ACC00031,2023-01-06,India,SMB,Organic Search
ACC00032,2023-01-06,Europe,SMB,Referral
ACC00033,2023-01-07,India,SMB,Referral
ACC00034,2023-01-07,Latin America,SMB,Referral
ACC00035,2023-01-07,Latin America,Mid-Market,Partner
ACC00036,2023-01-07,North America,SMB,Referral
ACC00037,2023-01-07,Europe,Mid-Market,Paid Search
ACC00038,2023-01-07,India,SMB,Paid Social
ACC00039,2023-01-08,Europe,Mid-Market,Organic Search
ACC00040,2023-01-08,India,Mid-Market,Organic Search
ACC00041,2023-01-08,India,SMB,Paid Social
ACC00042,2023-01-08,APAC,SMB,Referral
ACC00043,2023-01-08,Europe,SMB,Paid Search
ACC00044,2023-01-08,North America,SMB,Organic Search
ACC00045,2023-01-09,Latin America,SMB,Organic Search
ACC00046,2023-01-09,Latin America,Mid-Market,Referral
ACC00047,2023-01-09,Europe,SMB,Paid Search
ACC00048,2023-01-09,North America,Enterprise,Referral
ACC00049,2023-01-10,APAC,SMB,Referral
ACC00050,2023-01-10,North America,Mid-Market,Partner
ACC00051,2023-01-10,North America,SMB,Paid Social
ACC00052,2023-01-10,Latin America,SMB,Organic Search
ACC00053,2023-01-10,North America,Mid-Market,Paid Social
ACC00054,2023-01-10,APAC,SMB,Organic Search
ACC00055,2023-01-11,India,Mid-Market,Referral
ACC00056,2023-01-11,APAC,SMB,Organic Search
ACC00057,2023-01-11,India,Mid-Market,Paid Social
ACC00058,2023-01-11,India,SMB,Paid Search
ACC00059,2023-01-11,India,SMB,Organic Search
ACC00060,2023-01-11,North America,SMB,Organic Search
ACC00061,2023-01-11,North America,Mid-Market,Paid Search
ACC00062,2023-01-11,North America,SMB,Paid Social
ACC00063,2023-01-11,North America,Mid-Market,Organic Search
ACC00064,2023-01-12,Europe,SMB,Paid Search
ACC00065,2023-01-12,India,SMB,Paid Search
ACC00066,2023-01-12,Europe,Enterprise,Partner
ACC00067,2023-01-12,India,SMB,Organic Search
ACC00068,2023-01-12,North America,SMB,Paid Social
ACC00069,2023-01-12,India,Mid-Market,Referral
ACC00070,2023-01-13,North America,SMB,Paid Search
ACC00071,2023-01-13,North America,Mid-Market,Partner
ACC00072,2023-01-13,Europe,SMB,Organic Search
ACC00073,2023-01-13,Europe,SMB,Referral
ACC00074,2023-01-13,North America,SMB,Partner
ACC00075,2023-01-13,North America,Mid-Market,Organic Search
ACC00076,2023-01-13,North America,SMB,Paid Search
ACC00077,2023-01-13,Latin America,Mid-Market,Partner
ACC00078,2023-01-14,India,SMB,Referral
ACC00079,2023-01-14,Europe,Mid-Market,Organic Search
ACC00080,2023-01-14,Latin America,SMB,Organic Search
ACC00081,2023-01-14,APAC,Mid-Market,Referral
ACC00082,2023-01-14,North America,Mid-Market,Partner
ACC00083,2023-01-14,APAC,SMB,Paid Social
ACC00084,2023-01-15,APAC,SMB,Paid Search
ACC00085,2023-01-15,India,SMB,Paid Social
ACC00086,2023-01-15,North America,Enterprise,Referral
ACC00087,2023-01-15,Europe,SMB,Paid Social
ACC00088,2023-01-16,APAC,Mid-Market,Paid Social
ACC00089,2023-01-16,APAC,SMB,Referral
ACC00090,2023-01-16,North America,SMB,Partner
ACC00091,2023-01-16,Europe,Mid-Market,Partner
ACC00092,2023-01-16,APAC,SMB,Organic Search
ACC00093,2023-01-16,North America,Mid-Market,Organic Search
ACC00094,2023-01-16,North America,Mid-Market,Referral
ACC00095,2023-01-16,North America,SMB,Referral
ACC00096,2023-01-16,Europe,SMB,Organic Search
ACC00097,2023-01-17,APAC,SMB,Paid Social
ACC00098,2023-01-17,North America,SMB,Organic Search
ACC00099,2023-01-17,North America,SMB,Paid Search
ACC00100,2023-01-17,India,Mid-Market,Paid Search
ACC00101,2023-01-17,Latin America,SMB,Referral
ACC00102,2023-01-17,APAC,SMB,Paid Search
ACC00103,2023-01-18,North America,SMB,Paid Search
ACC00104,2023-01-18,APAC,Enterprise,Paid Social
ACC00105,2023-01-18,Latin America,Mid-Market,Paid Search
ACC00106,2023-01-18,APAC,Mid-Market,Organic Search
ACC00107,2023-01-18,North America,Mid-Market,Paid Social
ACC00108,2023-01-18,APAC,Enterprise,Organic Search
ACC00109,2023-01-19,India,SMB,Partner
ACC00110,2023-01-19,APAC,Mid-Market,Organic Search
ACC00111,2023-01-19,North America,Mid-Market,Paid Social
ACC00112,2023-01-19,North America,Mid-Market,Referral
ACC00113,2023-01-20,Europe,SMB,Organic Search
ACC00114,2023-01-20,Europe,SMB,Organic Search
ACC00115,2023-01-20,Europe,SMB,Paid Search
ACC00116,2023-01-20,Europe,SMB,Paid Search
ACC00117,2023-01-21,Latin America,Mid-Market,Paid Social
ACC00118,2023-01-21,North America,SMB,Partner
ACC00119,2023-01-21,India,Enterprise,Paid Social
ACC00120,2023-01-21,North America,Mid-Market,Organic Search
ACC00121,2023-01-21,Europe,Enterprise,Paid Search
ACC00122,2023-01-21,India,SMB,Referral
ACC00123,2023-01-21,India,SMB,Paid Social
ACC00124,2023-01-21,Europe,SMB,Paid Search
ACC00125,2023-01-21,India,Mid-Market,Paid Social
ACC00126,2023-01-21,North America,SMB,Paid Social
ACC00127,2023-01-21,India,SMB,Referral
ACC00128,2023-01-22,Europe,SMB,Organic Search
ACC00129,2023-01-22,Latin America,SMB,Partner
ACC00130,2023-01-22,Latin America,Mid-Market,Referral
ACC00131,2023-01-22,Europe,Enterprise,Paid Social
ACC00132,2023-01-23,APAC,SMB,Referral
ACC00133,2023-01-23,APAC,SMB,Paid Social
ACC00134,2023-01-23,India,SMB,Referral
ACC00135,2023-01-23,APAC,Mid-Market,Paid Search
ACC00136,2023-01-23,India,Mid-Market,Paid Search
ACC00137,2023-01-23,APAC,Mid-Market,Paid Search
ACC00138,2023-01-23,Europe,Mid-Market,Paid Social
ACC00139,2023-01-23,Europe,SMB,Paid Search
ACC00140,2023-01-23,North America,Enterprise,Paid Social
ACC00141,2023-01-24,North America,Enterprise,Referral
ACC00142,2023-01-24,North America,Mid-Market,Partner
ACC00143,2023-01-24,India,Mid-Market,Referral
ACC00144,2023-01-24,Europe,Enterprise,Paid Search
ACC00145,2023-01-24,APAC,Mid-Market,Paid Search
ACC00146,2023-01-24,India,SMB,Organic Search
ACC00147,2023-01-24,APAC,SMB,Organic Search
ACC00148,2023-01-24,India,Mid-Market,Partner
ACC00149,2023-01-24,Latin America,Enterprise,Paid Search
ACC00150,2023-01-24,North America,SMB,Organic Search
ACC00151,2023-01-25,APAC,Enterprise,Paid Search
ACC00152,2023-01-25,North America,SMB,Referral
ACC00153,2023-01-25,India,SMB,Paid Search
ACC00154,2023-01-25,India,SMB,Organic Search
ACC00155,2023-01-25,India,Enterprise,Organic Search
ACC00156,2023-01-25,North America,Mid-Market,Paid Search
ACC00157,2023-01-25,APAC,SMB,Paid Search
ACC00158,2023-01-26,Latin America,Enterprise,Paid Search
ACC00159,2023-01-26,Europe,SMB,Partner
ACC00160,2023-01-26,India,Enterprise,Paid Search
ACC00161,2023-01-26,North America,Mid-Market,Organic Search
ACC00162,2023-01-26,India,Enterprise,Paid Social
ACC00163,2023-01-26,Europe,Mid-Market,Partner
ACC00164,2023-01-26,Europe,Mid-Market,Referral
ACC00165,2023-01-27,North America,Mid-Market,Paid Social
ACC00166,2023-01-28,North America,SMB,Organic Search
ACC00167,2023-01-28,APAC,SMB,Referral
ACC00168,2023-01-28,Europe,Mid-Market,Paid Social
ACC00169,2023-01-28,APAC,Mid-Market,Paid Search
ACC00170,2023-01-28,Europe,SMB,Partner
ACC00171,2023-01-29,APAC,Mid-Market,Paid Social
ACC00172,2023-01-29,North America,Mid-Market,Referral
ACC00173,2023-01-29,India,SMB,Paid Search
ACC00174,2023-01-29,Europe,SMB,Paid Social
ACC00175,2023-01-29,APAC,SMB,Paid Search
ACC00176,2023-01-30,APAC,Mid-Market,Partner
ACC00177,2023-01-30,India,Mid-Market,Paid Social
ACC00178,2023-01-30,APAC,Enterprise,Organic Search
ACC00179,2023-01-30,APAC,SMB,Organic Search
ACC00180,2023-01-30,North America,Enterprise,Referral
ACC00181,2023-01-30,India,Enterprise,Referral
ACC00182,2023-01-30,APAC,SMB,Referral
ACC00183,2023-01-30,Europe,SMB,Organic Search
ACC00184,2023-01-30,APAC,SMB,Partner
ACC00185,2023-01-30,North America,SMB,Paid Search
ACC00186,2023-01-31,APAC,SMB,Organic Search
ACC00187,2023-01-31,APAC,SMB,Paid Social
ACC00188,2023-01-31,APAC,Mid-Market,Organic Search
ACC00189,2023-01-31,Europe,Mid-Market,Referral
ACC00190,2023-01-31,North America,Mid-Market,Paid Social
ACC00191,2023-01-31,North America,SMB,Paid Social
ACC00192,2023-02-01,North America,Mid-Market,Paid Search
ACC00193,2023-02-01,Europe,SMB,Referral
ACC00194,2023-02-01,APAC,Mid-Market,Paid Search
ACC00195,2023-02-01,Europe,SMB,Referral
ACC00196,2023-02-01,Latin America,Mid-Market,Organic Search
ACC00197,2023-02-01,APAC,SMB,Organic Search
ACC00198,2023-02-01,Latin America,Mid-Market,Organic Search
ACC00199,2023-02-01,Europe,Enterprise,Referral
ACC00200,2023-02-01,APAC,Mid-Market,Referral
ACC00201,2023-02-01,APAC,SMB,Paid Social
ACC00202,2023-02-01,North America,Enterprise,Referral
ACC00203,2023-02-01,APAC,Mid-Market,Organic Search
ACC00204,2023-02-02,India,Mid-Market,Paid Social
ACC00205,2023-02-02,Europe,SMB,Organic Search
ACC00206,2023-02-02,Latin America,Enterprise,Paid Search
ACC00207,2023-02-02,APAC,SMB,Paid Search
ACC00208,2023-02-02,Europe,SMB,Organic Search
ACC00209,2023-02-02,Europe,SMB,Organic Search
ACC00210,2023-02-02,Latin America,SMB,Referral
ACC00211,2023-02-02,North America,SMB,Organic Search
ACC00212,2023-02-02,North America,SMB,Organic Search
ACC00213,2023-02-03,North America,SMB,Partner
ACC00214,2023-02-03,North America,SMB,Paid Search
ACC00215,2023-02-03,North America,Enterprise,Paid Social
ACC00216,2023-02-03,APAC,SMB,Paid Social
ACC00217,2023-02-03,India,SMB,Organic Search
ACC00218,2023-02-03,North America,Enterprise,Paid Social
ACC00219,2023-02-03,Latin America,Enterprise,Organic Search
ACC00220,2023-02-04,North America,SMB,Organic Search
ACC00221,2023-02-04,India,SMB,Referral
ACC00222,2023-02-04,India,SMB,Partner
ACC00223,2023-02-04,India,Mid-Market,Organic Search
ACC00224,2023-02-04,APAC,SMB,Paid Search
ACC00225,2023-02-04,APAC,SMB,Paid Search
ACC00226,2023-02-04,India,SMB,Referral
ACC00227,2023-02-04,Europe,SMB,Organic Search
ACC00228,2023-02-04,North America,SMB,Organic Search
ACC00229,2023-02-04,Latin America,SMB,Partner
ACC00230,2023-02-05,Europe,SMB,Referral
ACC00231,2023-02-05,North America,Mid-Market,Paid Social
ACC00232,2023-02-05,APAC,SMB,Organic Search
ACC00233,2023-02-05,Latin America,SMB,Organic Search
ACC00234,2023-02-05,North America,SMB,Paid Social
ACC00235,2023-02-05,APAC,SMB,Partner
ACC00236,2023-02-05,North America,SMB,Partner
ACC00237,2023-02-05,Europe,SMB,Organic Search
ACC00238,2023-02-06,Europe,Mid-Market,Paid Search
ACC00239,2023-02-06,Latin America,Mid-Market,Paid Social
ACC00240,2023-02-07,North America,Mid-Market,Organic Search
ACC00241,2023-02-07,Europe,Enterprise,Paid Social
ACC00242,2023-02-07,Europe,Mid-Market,Referral
ACC00243,2023-02-07,North America,SMB,Referral
ACC00244,2023-02-07,Europe,Mid-Market,Organic Search
ACC00245,2023-02-07,APAC,SMB,Organic Search
ACC00246,2023-02-07,India,Enterprise,Paid Search
ACC00247,2023-02-07,Latin America,SMB,Paid Search
ACC00248,2023-02-08,Latin America,Mid-Market,Paid Social
ACC00249,2023-02-08,India,SMB,Partner
ACC00250,2023-02-08,Latin America,SMB,Referral
ACC00251,2023-02-08,India,Mid-Market,Partner
ACC00252,2023-02-08,APAC,SMB,Paid Social
ACC00253,2023-02-08,North America,Mid-Market,Organic Search
ACC00254,2023-02-08,APAC,Mid-Market,Paid Social
ACC00255,2023-02-08,Latin America,SMB,Paid Social
ACC00256,2023-02-09,APAC,Mid-Market,Paid Social
ACC00257,2023-02-09,India,SMB,Organic Search
ACC00258,2023-02-09,Latin America,SMB,Organic Search
ACC00259,2023-02-09,North America,Enterprise,Organic Search
ACC00260,2023-02-09,APAC,SMB,Organic Search
ACC00261,2023-02-10,Europe,SMB,Paid Social
ACC00262,2023-02-10,Europe,Mid-Market,Paid Search
ACC00263,2023-02-10,North America,Mid-Market,Referral
ACC00264,2023-02-10,Europe,SMB,Referral
ACC00265,2023-02-10,APAC,SMB,Organic Search
ACC00266,2023-02-10,APAC,SMB,Paid Social
ACC00267,2023-02-10,Latin America,Mid-Market,Paid Social
ACC00268,2023-02-10,North America,SMB,Organic Search
ACC00269,2023-02-10,APAC,Mid-Market,Paid Search
ACC00270,2023-02-10,Europe,SMB,Paid Social
ACC00271,2023-02-10,Latin America,Mid-Market,Paid Social
ACC00272,2023-02-10,Europe,Enterprise,Paid Search
ACC00273,2023-02-11,APAC,Enterprise,Partner
ACC00274,2023-02-11,North America,SMB,Paid Search
ACC00275,2023-02-11,North America,Mid-Market,Paid Social
ACC00276,2023-02-11,Europe,SMB,Organic Search
ACC00277,2023-02-11,Europe,Mid-Market,Paid Search
ACC00278,2023-02-11,Latin America,SMB,Referral
ACC00279,2023-02-12,Europe,Mid-Market,Referral
ACC00280,2023-02-12,Europe,Enterprise,Paid Search
ACC00281,2023-02-12,Europe,Mid-Market,Paid Social
ACC00282,2023-02-12,North America,SMB,Partner
ACC00283,2023-02-12,India,SMB,Organic Search
ACC00284,2023-02-12,Latin America,SMB,Paid Search
ACC00285,2023-02-12,North America,SMB,Referral
ACC00286,2023-02-13,North America,SMB,Referral
ACC00287,2023-02-13,Europe,Enterprise,Paid Social
ACC00288,2023-02-13,India,SMB,Paid Search
ACC00289,2023-02-13,Europe,SMB,Paid Search
ACC00290,2023-02-13,APAC,Mid-Market,Referral
ACC00291,2023-02-13,Europe,Mid-Market,Paid Search
ACC00292,2023-02-13,Latin America,Mid-Market,Paid Search
ACC00293,2023-02-13,India,SMB,Paid Search
ACC00294,2023-02-13,Europe,SMB,Paid Social
ACC00295,2023-02-13,APAC,Mid-Market,Organic Search
ACC00296,2023-02-14,APAC,SMB,Referral
ACC00297,2023-02-14,Latin America,SMB,Organic Search
ACC00298,2023-02-15,North America,SMB,Paid Search
ACC00299,2023-02-15,APAC,Enterprise,Referral
ACC00300,2023-02-15,North America,Enterprise,Partner
ACC00301,2023-02-15,North America,Mid-Market,Referral
ACC00302,2023-02-15,Latin America,SMB,Paid Social
ACC00303,2023-02-15,APAC,SMB,Organic Search
ACC00304,2023-02-15,North America,Enterprise,Referral
ACC00305,2023-02-15,North America,SMB,Paid Social
ACC00306,2023-02-15,APAC,SMB,Referral
ACC00307,2023-02-15,North America,Mid-Market,Paid Search
ACC00308,2023-02-16,Europe,SMB,Paid Social
ACC00309,2023-02-16,Latin America,Mid-Market,Organic Search
ACC00310,2023-02-16,APAC,SMB,Referral
ACC00311,2023-02-16,India,SMB,Organic Search
ACC00312,2023-02-17,APAC,SMB,Paid Social
ACC00313,2023-02-17,North America,Mid-Market,Paid Social
ACC00314,2023-02-17,North America,SMB,Organic Search
ACC00315,2023-02-17,Europe,SMB,Partner
ACC00316,2023-02-17,APAC,SMB,Paid Search
ACC00317,2023-02-18,Europe,Mid-Market,Organic Search
ACC00318,2023-02-18,India,SMB,Paid Search
ACC00319,2023-02-18,Europe,SMB,Paid Social
ACC00320,2023-02-18,North America,Mid-Market,Paid Social
ACC00321,2023-02-18,Latin America,Mid-Market,Referral
ACC00322,2023-02-18,APAC,Enterprise,Paid Search
ACC00323,2023-02-18,India,SMB,Paid Social
ACC00324,2023-02-18,Latin America,Mid-Market,Referral
ACC00325,2023-02-18,APAC,SMB,Paid Social
ACC00326,2023-02-19,North America,Enterprise,Paid Social
ACC00327,2023-02-19,APAC,Mid-Market,Organic Search
ACC00328,2023-02-19,North America,Enterprise,Paid Search
ACC00329,2023-02-19,Europe,Mid-Market,Paid Search
ACC00330,2023-02-19,North America,SMB,Organic Search
ACC00331,2023-02-19,APAC,SMB,Organic Search
ACC00332,2023-02-19,Latin America,Enterprise,Organic Search
ACC00333,2023-02-19,APAC,SMB,Paid Search
ACC00334,2023-02-19,Europe,SMB,Paid Search
ACC00335,2023-02-19,North America,Enterprise,Paid Search
ACC00336,2023-02-20,Europe,Mid-Market,Referral
ACC00337,2023-02-20,North America,SMB,Organic Search
ACC00338,2023-02-20,India,SMB,Organic Search
ACC00339,2023-02-20,India,Mid-Market,Paid Search
ACC00340,2023-02-20,North America,Mid-Market,Partner
ACC00341,2023-02-20,Europe,Mid-Market,Paid Search
ACC00342,2023-02-20,North America,Mid-Market,Organic Search
ACC00343,2023-02-21,North America,Enterprise,Partner
ACC00344,2023-02-21,India,SMB,Paid Search
ACC00345,2023-02-21,North America,SMB,Paid Social
ACC00346,2023-02-21,APAC,Mid-Market,Paid Search
ACC00347,2023-02-21,North America,Enterprise,Referral
ACC00348,2023-02-21,Europe,Mid-Market,Organic Search
ACC00349,2023-02-21,APAC,Mid-Market,Referral
ACC00350,2023-02-22,APAC,SMB,Paid Social
ACC00351,2023-02-22,North America,SMB,Referral
ACC00352,2023-02-22,North America,SMB,Referral
ACC00353,2023-02-22,India,SMB,Paid Search
ACC00354,2023-02-22,North America,SMB,Partner
ACC00355,2023-02-22,Latin America,Mid-Market,Organic Search
ACC00356,2023-02-23,Europe,SMB,Paid Search
ACC00357,2023-02-23,India,Mid-Market,Paid Social
ACC00358,2023-02-23,North America,Mid-Market,Paid Social
ACC00359,2023-02-23,APAC,SMB,Paid Social
ACC00360,2023-02-23,Latin America,SMB,Referral
ACC00361,2023-02-23,India,Enterprise,Partner
ACC00362,2023-02-23,India,SMB,Paid Social
ACC00363,2023-02-23,North America,SMB,Referral
ACC00364,2023-02-24,Europe,SMB,Referral
ACC00365,2023-02-24,North America,SMB,Referral
ACC00366,2023-02-24,Europe,Mid-Market,Paid Search
ACC00367,2023-02-24,North America,SMB,Organic Search
ACC00368,2023-02-24,Europe,Mid-Market,Organic Search
ACC00369,2023-02-25,Latin America,SMB,Organic Search
ACC00370,2023-02-25,North America,SMB,Referral
ACC00371,2023-02-25,Europe,SMB,Referral
ACC00372,2023-02-25,North America,Enterprise,Paid Social
ACC00373,2023-02-25,Europe,SMB,Paid Social
ACC00374,2023-02-25,North America,SMB,Paid Social
ACC00375,2023-02-25,Europe,Enterprise,Paid Social
ACC00376,2023-02-25,Latin America,Mid-Market,Paid Search
ACC00377,2023-02-25,India,Mid-Market,Organic Search
ACC00378,2023-02-26,India,Enterprise,Paid Social
ACC00379,2023-02-26,Europe,SMB,Partner
ACC00380,2023-02-26,North America,SMB,Referral
ACC00381,2023-02-26,India,SMB,Referral
ACC00382,2023-02-26,India,SMB,Paid Search
ACC00383,2023-02-27,Latin America,SMB,Paid Search
ACC00384,2023-02-27,Europe,SMB,Paid Social
ACC00385,2023-02-27,India,SMB,Organic Search
ACC00386,2023-02-27,APAC,SMB,Referral
ACC00387,2023-02-27,APAC,Mid-Market,Paid Social
ACC00388,2023-02-27,Europe,Enterprise,Partner
ACC00389,2023-02-27,India,SMB,Organic Search
ACC00390,2023-02-28,APAC,SMB,Paid Search
ACC00391,2023-02-28,India,Enterprise,Paid Search
ACC00392,2023-02-28,Latin America,SMB,Organic Search
ACC00393,2023-02-28,India,SMB,Referral
ACC00394,2023-02-28,North America,SMB,Organic Search
ACC00395,2023-02-28,APAC,SMB,Paid Social
ACC00396,2023-03-01,North America,Enterprise,Paid Search
ACC00397,2023-03-01,Latin America,SMB,Paid Search
ACC00398,2023-03-01,India,Mid-Market,Referral
ACC00399,2023-03-01,India,SMB,Paid Social
ACC00400,2023-03-01,Latin America,SMB,Organic Search
ACC00401,2023-03-01,North America,Mid-Market,Referral
ACC00402,2023-03-01,APAC,Mid-Market,Paid Social
ACC00403,2023-03-01,APAC,SMB,Paid Social
ACC00404,2023-03-01,North America,Enterprise,Organic Search
ACC00405,2023-03-01,Europe,Mid-Market,Organic Search
ACC00406,2023-03-02,Europe,SMB,Partner
ACC00407,2023-03-02,APAC,SMB,Paid Social
ACC00408,2023-03-02,North America,Mid-Market,Organic Search
ACC00409,2023-03-02,Europe,Mid-Market,Paid Search
ACC00410,2023-03-02,Europe,Enterprise,Organic Search
ACC00411,2023-03-02,North America,Mid-Market,Paid Search
ACC00412,2023-03-02,North America,SMB,Paid Search
ACC00413,2023-03-02,North America,Mid-Market,Paid Social
ACC00414,2023-03-02,North America,SMB,Paid Search
ACC00415,2023-03-03,Latin America,SMB,Organic Search
ACC00416,2023-03-03,Europe,SMB,Paid Social
ACC00417,2023-03-03,Latin America,Mid-Market,Organic Search
ACC00418,2023-03-03,Europe,SMB,Paid Social
ACC00419,2023-03-04,India,SMB,Paid Search
ACC00420,2023-03-04,Europe,SMB,Referral
ACC00421,2023-03-04,North America,Mid-Market,Paid Social
ACC00422,2023-03-04,Europe,Mid-Market,Paid Social
ACC00423,2023-03-04,North America,SMB,Paid Social
ACC00424,2023-03-04,North America,SMB,Organic Search
ACC00425,2023-03-04,Europe,Mid-Market,Paid Search
ACC00426,2023-03-04,India,Mid-Market,Paid Social
ACC00427,2023-03-04,Europe,Mid-Market,Organic Search
ACC00428,2023-03-05,India,SMB,Paid Social
ACC00429,2023-03-05,Latin America,SMB,Organic Search
ACC00430,2023-03-05,India,SMB,Referral
ACC00431,2023-03-05,North America,SMB,Organic Search
ACC00432,2023-03-06,North America,Mid-Market,Referral
ACC00433,2023-03-06,Latin America,SMB,Partner
ACC00434,2023-03-06,Europe,Mid-Market,Paid Social
ACC00435,2023-03-06,Europe,SMB,Referral
ACC00436,2023-03-06,Latin America,SMB,Referral
ACC00437,2023-03-07,Europe,SMB,Paid Search
ACC00438,2023-03-07,APAC,SMB,Paid Social
ACC00439,2023-03-07,Latin America,SMB,Organic Search
ACC00440,2023-03-07,North America,SMB,Paid Social
ACC00441,2023-03-07,North America,SMB,Organic Search
ACC00442,2023-03-07,North America,Mid-Market,Organic Search
ACC00443,2023-03-07,North America,SMB,Paid Social
ACC00444,2023-03-07,India,Mid-Market,Paid Social
ACC00445,2023-03-08,Latin America,Enterprise,Referral
ACC00446,2023-03-08,North America,SMB,Referral
ACC00447,2023-03-08,North America,Mid-Market,Paid Social
ACC00448,2023-03-08,India,Mid-Market,Referral
ACC00449,2023-03-08,North America,SMB,Organic Search
ACC00450,2023-03-08,India,SMB,Referral
ACC00451,2023-03-08,North America,Enterprise,Paid Social
ACC00452,2023-03-09,India,Mid-Market,Referral
ACC00453,2023-03-09,North America,Enterprise,Paid Search
ACC00454,2023-03-09,APAC,Enterprise,Partner
ACC00455,2023-03-09,Europe,Mid-Market,Partner
ACC00456,2023-03-09,India,SMB,Paid Search
ACC00457,2023-03-10,APAC,SMB,Paid Social
ACC00458,2023-03-10,APAC,SMB,Paid Social
ACC00459,2023-03-10,North America,Mid-Market,Paid Social
ACC00460,2023-03-10,North America,Mid-Market,Organic Search
ACC00461,2023-03-10,Europe,SMB,Paid Social
ACC00462,2023-03-10,Latin America,SMB,Paid Social
ACC00463,2023-03-11,North America,Mid-Market,Partner
ACC00464,2023-03-11,North America,Mid-Market,Organic Search
ACC00465,2023-03-11,Europe,Mid-Market,Organic Search
ACC00466,2023-03-12,North America,Mid-Market,Referral
ACC00467,2023-03-12,North America,Mid-Market,Organic Search
ACC00468,2023-03-12,India,SMB,Paid Social
ACC00469,2023-03-12,APAC,SMB,Paid Social
ACC00470,2023-03-13,APAC,SMB,Paid Social
ACC00471,2023-03-14,India,Mid-Market,Organic Search
ACC00472,2023-03-14,North America,SMB,Referral
ACC00473,2023-03-14,APAC,SMB,Paid Search
ACC00474,2023-03-14,Latin America,SMB,Organic Search
ACC00475,2023-03-15,Europe,SMB,Partner
ACC00476,2023-03-15,North America,SMB,Partner
ACC00477,2023-03-15,India,SMB,Referral
ACC00478,2023-03-15,North America,Mid-Market,Paid Search
ACC00479,2023-03-15,India,SMB,Partner
ACC00480,2023-03-15,APAC,SMB,Organic Search
ACC00481,2023-03-16,North America,SMB,Paid Social
ACC00482,2023-03-16,India,Mid-Market,Paid Social
ACC00483,2023-03-16,North America,Enterprise,Organic Search
ACC00484,2023-03-16,India,Mid-Market,Paid Search
ACC00485,2023-03-16,India,SMB,Paid Search
ACC00486,2023-03-16,North America,Mid-Market,Partner
ACC00487,2023-03-16,North America,SMB,Paid Search
ACC00488,2023-03-16,APAC,SMB,Partner
ACC00489,2023-03-16,APAC,Enterprise,Partner
ACC00490,2023-03-17,India,Mid-Market,Referral
ACC00491,2023-03-17,Europe,Mid-Market,Paid Search
ACC00492,2023-03-17,APAC,SMB,Paid Search
ACC00493,2023-03-17,APAC,Mid-Market,Paid Search
ACC00494,2023-03-17,Europe,Mid-Market,Paid Social
ACC00495,2023-03-18,APAC,SMB,Paid Social
ACC00496,2023-03-18,Europe,SMB,Referral
ACC00497,2023-03-18,APAC,SMB,Referral
ACC00498,2023-03-18,North America,Mid-Market,Organic Search
ACC00499,2023-03-19,North America,Mid-Market,Organic Search
ACC00500,2023-03-19,North America,SMB,Paid Social
ACC00501,2023-03-19,North America,SMB,Referral
ACC00502,2023-03-19,North America,SMB,Paid Search
ACC00503,2023-03-19,Europe,SMB,Paid Search
ACC00504,2023-03-19,North America,SMB,Organic Search
ACC00505,2023-03-20,India,SMB,Paid Search
ACC00506,2023-03-20,North America,Mid-Market,Paid Search
ACC00507,2023-03-20,Europe,SMB,Organic Search
ACC00508,2023-03-20,North America,Mid-Market,Organic Search
ACC00509,2023-03-20,Europe,Mid-Market,Organic Search
ACC00510,2023-03-20,North America,SMB,Organic Search
ACC00511,2023-03-21,North America,SMB,Organic Search
ACC00512,2023-03-21,North America,SMB,Paid Search
ACC00513,2023-03-21,Europe,Enterprise,Organic Search
ACC00514,2023-03-21,North America,SMB,Paid Social
ACC00515,2023-03-22,Europe,Mid-Market,Organic Search
ACC00516,2023-03-22,North America,Enterprise,Organic Search
ACC00517,2023-03-22,Europe,SMB,Referral
ACC00518,2023-03-22,North America,SMB,Partner
ACC00519,2023-03-22,Europe,SMB,Organic Search
ACC00520,2023-03-22,APAC,Mid-Market,Organic Search
ACC00521,2023-03-22,APAC,Mid-Market,Paid Social
ACC00522,2023-03-22,Latin America,Enterprise,Referral
ACC00523,2023-03-22,India,Enterprise,Paid Social
ACC00524,2023-03-22,North America,SMB,Paid Social
ACC00525,2023-03-22,APAC,SMB,Paid Search
ACC00526,2023-03-22,Latin America,SMB,Paid Social
ACC00527,2023-03-23,APAC,SMB,Paid Social
ACC00528,2023-03-23,North America,SMB,Paid Social
ACC00529,2023-03-23,Europe,SMB,Partner
ACC00530,2023-03-23,APAC,SMB,Paid Social
ACC00531,2023-03-24,Europe,Mid-Market,Organic Search
ACC00532,2023-03-24,Latin America,SMB,Organic Search
ACC00533,2023-03-24,APAC,SMB,Paid Social
ACC00534,2023-03-24,India,SMB,Organic Search
ACC00535,2023-03-24,APAC,Mid-Market,Referral
ACC00536,2023-03-24,North America,SMB,Paid Social
ACC00537,2023-03-24,Europe,SMB,Organic Search
ACC00538,2023-03-24,Europe,SMB,Referral
ACC00539,2023-03-25,Europe,Mid-Market,Partner
ACC00540,2023-03-25,India,Mid-Market,Paid Search
ACC00541,2023-03-25,Latin America,SMB,Paid Search
ACC00542,2023-03-25,North America,Enterprise,Referral
ACC00543,2023-03-25,India,Mid-Market,Paid Social
ACC00544,2023-03-25,India,Mid-Market,Referral
ACC00545,2023-03-25,North America,Enterprise,Paid Social
ACC00546,2023-03-25,APAC,SMB,Paid Social
ACC00547,2023-03-26,North America,SMB,Referral
ACC00548,2023-03-26,North America,Enterprise,Referral
ACC00549,2023-03-26,North America,Mid-Market,Paid Search
ACC00550,2023-03-26,North America,Enterprise,Paid Social
ACC00551,2023-03-26,Europe,SMB,Paid Social
ACC00552,2023-03-26,India,SMB,Referral
ACC00553,2023-03-26,North America,SMB,Organic Search
ACC00554,2023-03-27,Latin America,SMB,Referral
ACC00555,2023-03-27,India,SMB,Paid Social
ACC00556,2023-03-27,Latin America,SMB,Organic Search
ACC00557,2023-03-27,Europe,Mid-Market,Paid Social
ACC00558,2023-03-28,North America,Enterprise,Paid Social
ACC00559,2023-03-28,North America,Mid-Market,Referral
ACC00560,2023-03-28,APAC,Enterprise,Organic Search
ACC00561,2023-03-28,APAC,Mid-Market,Partner
ACC00562,2023-03-28,Latin America,SMB,Referral
ACC00563,2023-03-28,North America,SMB,Paid Social
ACC00564,2023-03-28,North America,SMB,Paid Search
ACC00565,2023-03-28,Europe,SMB,Organic Search
ACC00566,2023-03-29,Europe,Enterprise,Organic Search
ACC00567,2023-03-29,India,SMB,Paid Search
ACC00568,2023-03-29,APAC,SMB,Organic Search
ACC00569,2023-03-29,APAC,Mid-Market,Partner
ACC00570,2023-03-29,North America,Mid-Market,Referral
ACC00571,2023-03-29,APAC,SMB,Paid Search
ACC00572,2023-03-29,India,SMB,Organic Search
ACC00573,2023-03-30,North America,Enterprise,Paid Social
ACC00574,2023-03-30,North America,SMB,Organic Search
ACC00575,2023-03-30,APAC,SMB,Organic Search
ACC00576,2023-03-30,Europe,SMB,Paid Social
ACC00577,2023-03-30,North America,Mid-Market,Organic Search
ACC00578,2023-03-30,Latin America,Enterprise,Organic Search
ACC00579,2023-03-31,Europe,Mid-Market,Partner
ACC00580,2023-03-31,APAC,SMB,Paid Social
ACC00581,2023-03-31,North America,Mid-Market,Referral
ACC00582,2023-03-31,Europe,SMB,Paid Search
ACC00583,2023-03-31,North America,SMB,Paid Search
ACC00584,2023-03-31,APAC,Mid-Market,Referral
ACC00585,2023-03-31,Europe,Mid-Market,Organic Search
ACC00586,2023-04-01,Europe,SMB,Paid Search
ACC00587,2023-04-01,North America,Enterprise,Paid Social
ACC00588,2023-04-01,APAC,Mid-Market,Paid Search
ACC00589,2023-04-01,North America,SMB,Paid Search
ACC00590,2023-04-01,North America,SMB,Paid Search
ACC00591,2023-04-01,Latin America,SMB,Referral
ACC00592,2023-04-01,APAC,SMB,Paid Social
ACC00593,2023-04-01,India,SMB,Paid Social
ACC00594,2023-04-01,APAC,SMB,Organic Search
ACC00595,2023-04-01,APAC,SMB,Paid Social
ACC00596,2023-04-02,India,SMB,Paid Search
ACC00597,2023-04-02,Latin America,Mid-Market,Referral
ACC00598,2023-04-02,India,Enterprise,Paid Social
ACC00599,2023-04-02,North America,SMB,Paid Social
ACC00600,2023-04-02,Latin America,SMB,Partner
ACC00601,2023-04-03,Latin America,Enterprise,Partner
ACC00602,2023-04-03,North America,SMB,Paid Search
ACC00603,2023-04-03,Latin America,SMB,Organic Search
ACC00604,2023-04-03,India,SMB,Referral
ACC00605,2023-04-03,North America,Mid-Market,Partner
ACC00606,2023-04-03,North America,SMB,Partner
ACC00607,2023-04-03,Europe,Enterprise,Referral
ACC00608,2023-04-03,North America,Mid-Market,Organic Search
ACC00609,2023-04-04,India,SMB,Organic Search
ACC00610,2023-04-04,Europe,Enterprise,Referral
ACC00611,2023-04-04,Europe,SMB,Referral
ACC00612,2023-04-04,Europe,Enterprise,Partner
ACC00613,2023-04-04,Europe,SMB,Referral
ACC00614,2023-04-04,North America,SMB,Paid Social
ACC00615,2023-04-04,APAC,Mid-Market,Paid Search
ACC00616,2023-04-05,India,SMB,Partner
ACC00617,2023-04-05,APAC,Enterprise,Paid Search
ACC00618,2023-04-05,India,Mid-Market,Organic Search
ACC00619,2023-04-05,Europe,Mid-Market,Organic Search
ACC00620,2023-04-06,Europe,SMB,Partner
ACC00621,2023-04-06,Europe,SMB,Referral
ACC00622,2023-04-06,Latin America,Mid-Market,Referral
ACC00623,2023-04-06,North America,SMB,Paid Search
ACC00624,2023-04-07,Europe,Enterprise,Referral
ACC00625,2023-04-07,Europe,SMB,Referral
ACC00626,2023-04-07,APAC,Mid-Market,Referral
ACC00627,2023-04-07,North America,SMB,Referral
ACC00628,2023-04-08,North America,Mid-Market,Organic Search
ACC00629,2023-04-08,North America,Mid-Market,Referral
ACC00630,2023-04-08,North America,SMB,Paid Social
ACC00631,2023-04-08,Europe,Mid-Market,Organic Search
ACC00632,2023-04-08,North America,SMB,Paid Search
ACC00633,2023-04-08,North America,SMB,Partner
ACC00634,2023-04-09,Europe,SMB,Paid Social
ACC00635,2023-04-09,Europe,SMB,Organic Search
ACC00636,2023-04-09,India,SMB,Paid Search
ACC00637,2023-04-09,North America,SMB,Referral
ACC00638,2023-04-09,North America,SMB,Paid Social
ACC00639,2023-04-10,North America,SMB,Referral
ACC00640,2023-04-10,North America,Enterprise,Organic Search
ACC00641,2023-04-10,APAC,SMB,Organic Search
ACC00642,2023-04-10,APAC,SMB,Paid Search
ACC00643,2023-04-11,North America,Mid-Market,Paid Social
ACC00644,2023-04-11,North America,Mid-Market,Organic Search
ACC00645,2023-04-12,APAC,SMB,Referral
ACC00646,2023-04-12,Latin America,SMB,Paid Search
ACC00647,2023-04-12,India,Mid-Market,Organic Search
ACC00648,2023-04-12,APAC,SMB,Organic Search
ACC00649,2023-04-12,Latin America,SMB,Organic Search
ACC00650,2023-04-12,Europe,Mid-Market,Paid Search
ACC00651,2023-04-12,North America,Mid-Market,Organic Search
ACC00652,2023-04-12,Europe,Enterprise,Organic Search
ACC00653,2023-04-12,North America,Enterprise,Paid Social
ACC00654,2023-04-12,North America,Mid-Market,Organic Search
ACC00655,2023-04-12,North America,Mid-Market,Paid Search
ACC00656,2023-04-13,India,SMB,Paid Search
ACC00657,2023-04-13,India,Mid-Market,Partner
ACC00658,2023-04-13,APAC,SMB,Paid Social
ACC00659,2023-04-13,North America,Enterprise,Paid Search
ACC00660,2023-04-13,APAC,SMB,Organic Search
ACC00661,2023-04-13,Europe,Enterprise,Paid Search
ACC00662,2023-04-13,India,Mid-Market,Paid Social
ACC00663,2023-04-13,India,Mid-Market,Paid Search
ACC00664,2023-04-14,Europe,SMB,Paid Search
ACC00665,2023-04-14,Europe,SMB,Paid Search
ACC00666,2023-04-14,India,SMB,Paid Social
ACC00667,2023-04-14,APAC,SMB,Organic Search
ACC00668,2023-04-14,APAC,Mid-Market,Organic Search
ACC00669,2023-04-14,India,SMB,Partner
ACC00670,2023-04-14,Europe,SMB,Organic Search
ACC00671,2023-04-15,North America,SMB,Paid Social
ACC00672,2023-04-15,Europe,Enterprise,Paid Search
ACC00673,2023-04-15,North America,Mid-Market,Paid Social
ACC00674,2023-04-15,India,Mid-Market,Paid Social
ACC00675,2023-04-15,APAC,SMB,Referral
ACC00676,2023-04-16,India,SMB,Organic Search
ACC00677,2023-04-16,North America,SMB,Paid Social
ACC00678,2023-04-16,India,SMB,Paid Social
ACC00679,2023-04-16,Europe,SMB,Organic Search
ACC00680,2023-04-16,APAC,SMB,Paid Social
ACC00681,2023-04-16,APAC,Enterprise,Referral
ACC00682,2023-04-17,Europe,SMB,Paid Social
ACC00683,2023-04-17,Europe,Mid-Market,Referral
ACC00684,2023-04-17,North America,SMB,Referral
ACC00685,2023-04-18,India,SMB,Organic Search
ACC00686,2023-04-18,APAC,Mid-Market,Partner
ACC00687,2023-04-18,North America,Enterprise,Paid Social
ACC00688,2023-04-18,APAC,SMB,Partner
ACC00689,2023-04-19,Latin America,SMB,Paid Search
ACC00690,2023-04-19,Europe,SMB,Organic Search
ACC00691,2023-04-19,Europe,Enterprise,Organic Search
ACC00692,2023-04-19,APAC,Enterprise,Paid Search
ACC00693,2023-04-19,North America,SMB,Organic Search
ACC00694,2023-04-19,Europe,Mid-Market,Partner
ACC00695,2023-04-20,APAC,Mid-Market,Paid Social
ACC00696,2023-04-20,APAC,SMB,Paid Search
ACC00697,2023-04-20,India,SMB,Referral
ACC00698,2023-04-20,North America,Enterprise,Partner
ACC00699,2023-04-20,Latin America,Enterprise,Referral
ACC00700,2023-04-21,North America,Mid-Market,Organic Search
ACC00701,2023-04-21,Latin America,Enterprise,Referral
ACC00702,2023-04-21,North America,SMB,Paid Social
ACC00703,2023-04-22,India,SMB,Organic Search
ACC00704,2023-04-22,APAC,Enterprise,Paid Social
ACC00705,2023-04-22,North America,Mid-Market,Paid Search
ACC00706,2023-04-22,Latin America,Mid-Market,Referral
ACC00707,2023-04-22,India,Mid-Market,Paid Social
ACC00708,2023-04-22,APAC,SMB,Paid Social
ACC00709,2023-04-22,Europe,Enterprise,Organic Search
ACC00710,2023-04-22,APAC,SMB,Organic Search
ACC00711,2023-04-22,Europe,SMB,Paid Search
ACC00712,2023-04-22,APAC,SMB,Referral
ACC00713,2023-04-23,North America,SMB,Referral
ACC00714,2023-04-23,Europe,SMB,Paid Search
ACC00715,2023-04-24,Europe,SMB,Partner
ACC00716,2023-04-24,North America,Mid-Market,Partner
ACC00717,2023-04-24,India,SMB,Organic Search
ACC00718,2023-04-24,India,SMB,Organic Search
ACC00719,2023-04-24,Latin America,Mid-Market,Referral
ACC00720,2023-04-25,APAC,Mid-Market,Organic Search
ACC00721,2023-04-25,Latin America,Mid-Market,Paid Social
ACC00722,2023-04-25,India,Mid-Market,Organic Search
ACC00723,2023-04-25,APAC,Mid-Market,Paid Search
ACC00724,2023-04-25,Latin America,Mid-Market,Paid Social
ACC00725,2023-04-25,Europe,SMB,Referral
ACC00726,2023-04-26,India,SMB,Paid Social
ACC00727,2023-04-26,Europe,Mid-Market,Referral
ACC00728,2023-04-27,North America,SMB,Referral
ACC00729,2023-04-27,Europe,Enterprise,Paid Search
ACC00730,2023-04-27,North America,Mid-Market,Organic Search
ACC00731,2023-04-27,APAC,Enterprise,Paid Social
ACC00732,2023-04-28,India,SMB,Paid Social
ACC00733,2023-04-28,Latin America,SMB,Referral
ACC00734,2023-04-28,Latin America,Enterprise,Referral
ACC00735,2023-04-28,North America,SMB,Referral
ACC00736,2023-04-28,North America,SMB,Organic Search
ACC00737,2023-04-28,North America,SMB,Organic Search
ACC00738,2023-04-28,APAC,SMB,Organic Search
ACC00739,2023-04-28,Europe,Mid-Market,Referral
ACC00740,2023-04-28,Europe,SMB,Paid Social
ACC00741,2023-04-28,India,Enterprise,Partner
ACC00742,2023-04-29,India,SMB,Paid Social
ACC00743,2023-04-29,Europe,SMB,Referral
ACC00744,2023-04-29,North America,SMB,Paid Search
ACC00745,2023-04-29,India,SMB,Organic Search
ACC00746,2023-04-29,India,Mid-Market,Paid Search
ACC00747,2023-04-29,APAC,SMB,Paid Social
ACC00748,2023-04-30,India,SMB,Paid Social
ACC00749,2023-04-30,Latin America,Mid-Market,Partner
ACC00750,2023-04-30,North America,Mid-Market,Paid Search
ACC00751,2023-04-30,North America,Mid-Market,Referral
ACC00752,2023-04-30,Latin America,Mid-Market,Paid Social
ACC00753,2023-04-30,Latin America,SMB,Paid Search
ACC00754,2023-04-30,India,SMB,Paid Social
ACC00755,2023-04-30,North America,SMB,Paid Social
ACC00756,2023-04-30,North America,Mid-Market,Paid Social
ACC00757,2023-04-30,North America,Mid-Market,Paid Social
ACC00758,2023-05-01,APAC,Mid-Market,Paid Social
ACC00759,2023-05-01,North America,Mid-Market,Organic Search
ACC00760,2023-05-01,North America,Mid-Market,Organic Search
ACC00761,2023-05-01,North America,SMB,Paid Search
ACC00762,2023-05-01,India,SMB,Paid Search
ACC00763,2023-05-02,Latin America,Mid-Market,Paid Social
ACC00764,2023-05-02,India,SMB,Paid Social
ACC00765,2023-05-02,North America,Mid-Market,Paid Social
ACC00766,2023-05-02,North America,Mid-Market,Paid Social
ACC00767,2023-05-02,Europe,SMB,Paid Social
ACC00768,2023-05-02,North America,Mid-Market,Partner
ACC00769,2023-05-02,North America,SMB,Organic Search
ACC00770,2023-05-03,India,Enterprise,Referral
ACC00771,2023-05-03,Europe,Enterprise,Partner
ACC00772,2023-05-03,North America,SMB,Paid Social
ACC00773,2023-05-03,India,SMB,Paid Search
ACC00774,2023-05-03,North America,SMB,Paid Social
ACC00775,2023-05-03,APAC,SMB,Paid Search
ACC00776,2023-05-04,Europe,SMB,Partner
ACC00777,2023-05-04,APAC,Mid-Market,Organic Search
ACC00778,2023-05-04,India,Mid-Market,Organic Search
ACC00779,2023-05-04,Europe,SMB,Partner
ACC00780,2023-05-04,India,SMB,Referral
ACC00781,2023-05-04,North America,Mid-Market,Organic Search
ACC00782,2023-05-05,Latin America,SMB,Paid Social
ACC00783,2023-05-05,North America,SMB,Paid Search
ACC00784,2023-05-05,Europe,Enterprise,Organic Search
ACC00785,2023-05-05,North America,Mid-Market,Paid Social
ACC00786,2023-05-05,India,Mid-Market,Organic Search
ACC00787,2023-05-05,Europe,SMB,Paid Social
ACC00788,2023-05-06,India,SMB,Paid Search
ACC00789,2023-05-06,Europe,Enterprise,Organic Search
ACC00790,2023-05-06,Latin America,Mid-Market,Organic Search
ACC00791,2023-05-06,Europe,SMB,Organic Search
ACC00792,2023-05-06,Latin America,Mid-Market,Paid Social
ACC00793,2023-05-06,Europe,SMB,Partner
ACC00794,2023-05-06,North America,SMB,Paid Search
ACC00795,2023-05-06,Europe,SMB,Organic Search
ACC00796,2023-05-07,India,Enterprise,Referral
ACC00797,2023-05-07,APAC,Mid-Market,Organic Search
ACC00798,2023-05-07,Europe,Enterprise,Organic Search
ACC00799,2023-05-07,APAC,SMB,Paid Search
ACC00800,2023-05-07,North America,Mid-Market,Paid Search
ACC00801,2023-05-07,North America,Mid-Market,Organic Search
ACC00802,2023-05-07,Europe,SMB,Paid Search
ACC00803,2023-05-08,India,Mid-Market,Referral
ACC00804,2023-05-08,North America,Mid-Market,Paid Social
ACC00805,2023-05-08,India,SMB,Paid Social
ACC00806,2023-05-09,North America,Enterprise,Referral
ACC00807,2023-05-09,India,Mid-Market,Referral
ACC00808,2023-05-10,North America,Mid-Market,Organic Search
ACC00809,2023-05-10,Europe,SMB,Paid Social
ACC00810,2023-05-10,Europe,SMB,Paid Social
ACC00811,2023-05-10,APAC,SMB,Partner
ACC00812,2023-05-10,Europe,SMB,Paid Search
ACC00813,2023-05-10,Europe,SMB,Paid Social
ACC00814,2023-05-10,APAC,Enterprise,Organic Search
ACC00815,2023-05-10,India,Enterprise,Organic Search
ACC00816,2023-05-10,North America,Mid-Market,Paid Search
ACC00817,2023-05-11,APAC,SMB,Paid Social
ACC00818,2023-05-11,APAC,Mid-Market,Organic Search
ACC00819,2023-05-11,North America,SMB,Partner
ACC00820,2023-05-12,North America,Mid-Market,Partner
ACC00821,2023-05-12,North America,SMB,Paid Social
ACC00822,2023-05-12,Europe,Mid-Market,Paid Social
ACC00823,2023-05-12,North America,Enterprise,Referral
ACC00824,2023-05-12,North America,Mid-Market,Paid Search
ACC00825,2023-05-12,India,SMB,Paid Social
ACC00826,2023-05-12,Europe,SMB,Paid Social
ACC00827,2023-05-13,Europe,SMB,Referral
ACC00828,2023-05-13,APAC,SMB,Organic Search
ACC00829,2023-05-13,APAC,SMB,Partner
ACC00830,2023-05-13,North America,Mid-Market,Organic Search
ACC00831,2023-05-13,North America,SMB,Referral
ACC00832,2023-05-13,APAC,Mid-Market,Organic Search
ACC00833,2023-05-14,North America,Mid-Market,Referral
ACC00834,2023-05-14,North America,SMB,Referral
ACC00835,2023-05-15,Europe,SMB,Organic Search
ACC00836,2023-05-15,India,SMB,Paid Search
ACC00837,2023-05-15,North America,Mid-Market,Paid Social
ACC00838,2023-05-15,North America,Mid-Market,Referral
ACC00839,2023-05-15,APAC,Mid-Market,Paid Social
ACC00840,2023-05-15,APAC,SMB,Organic Search
ACC00841,2023-05-15,India,SMB,Paid Social
ACC00842,2023-05-15,Europe,SMB,Paid Search
ACC00843,2023-05-15,APAC,Enterprise,Paid Social
ACC00844,2023-05-15,APAC,SMB,Organic Search
ACC00845,2023-05-15,India,SMB,Referral
ACC00846,2023-05-16,North America,SMB,Organic Search
ACC00847,2023-05-16,Europe,SMB,Organic Search
ACC00848,2023-05-16,Europe,SMB,Paid Social
ACC00849,2023-05-16,North America,SMB,Paid Social
ACC00850,2023-05-16,Europe,SMB,Organic Search
ACC00851,2023-05-16,India,Enterprise,Paid Search
ACC00852,2023-05-16,Europe,Mid-Market,Partner
ACC00853,2023-05-16,North America,Mid-Market,Paid Search
ACC00854,2023-05-16,APAC,Enterprise,Organic Search
ACC00855,2023-05-17,North America,Enterprise,Partner
ACC00856,2023-05-17,APAC,SMB,Paid Social
ACC00857,2023-05-17,North America,Enterprise,Paid Social
ACC00858,2023-05-17,India,Mid-Market,Paid Search
ACC00859,2023-05-17,APAC,SMB,Organic Search
ACC00860,2023-05-17,Latin America,SMB,Paid Search
ACC00861,2023-05-17,Europe,SMB,Referral
ACC00862,2023-05-17,APAC,SMB,Organic Search
ACC00863,2023-05-18,North America,SMB,Paid Search
ACC00864,2023-05-18,APAC,Mid-Market,Organic Search
ACC00865,2023-05-18,Latin America,SMB,Organic Search
ACC00866,2023-05-19,Europe,SMB,Paid Social
ACC00867,2023-05-19,North America,Mid-Market,Organic Search
ACC00868,2023-05-19,North America,SMB,Partner
ACC00869,2023-05-19,APAC,Mid-Market,Paid Search
ACC00870,2023-05-20,India,Enterprise,Referral
ACC00871,2023-05-20,APAC,SMB,Organic Search
ACC00872,2023-05-21,APAC,SMB,Partner
ACC00873,2023-05-21,Europe,Mid-Market,Referral
ACC00874,2023-05-21,Latin America,Mid-Market,Paid Search
ACC00875,2023-05-21,India,SMB,Paid Social
ACC00876,2023-05-21,North America,SMB,Referral
ACC00877,2023-05-22,APAC,SMB,Referral
ACC00878,2023-05-22,Europe,SMB,Organic Search
ACC00879,2023-05-23,APAC,SMB,Organic Search
ACC00880,2023-05-23,North America,SMB,Organic Search
ACC00881,2023-05-23,India,SMB,Organic Search
ACC00882,2023-05-23,North America,SMB,Referral
ACC00883,2023-05-23,North America,SMB,Paid Social
ACC00884,2023-05-23,Europe,SMB,Organic Search
ACC00885,2023-05-23,India,SMB,Organic Search
ACC00886,2023-05-23,Latin America,SMB,Referral
ACC00887,2023-05-24,India,SMB,Referral
ACC00888,2023-05-24,APAC,SMB,Referral
ACC00889,2023-05-25,Europe,SMB,Paid Search
ACC00890,2023-05-25,Europe,Enterprise,Paid Social
ACC00891,2023-05-25,North America,SMB,Paid Search
ACC00892,2023-05-25,North America,SMB,Paid Search
ACC00893,2023-05-25,Europe,Mid-Market,Paid Social
ACC00894,2023-05-25,India,Mid-Market,Referral
ACC00895,2023-05-25,North America,Enterprise,Paid Social
ACC00896,2023-05-26,North America,SMB,Paid Social
ACC00897,2023-05-26,APAC,SMB,Paid Social
ACC00898,2023-05-26,Europe,SMB,Organic Search
ACC00899,2023-05-26,Europe,SMB,Organic Search
ACC00900,2023-05-26,APAC,Enterprise,Paid Social
ACC00901,2023-05-26,Europe,Mid-Market,Organic Search
ACC00902,2023-05-26,Latin America,Mid-Market,Paid Search
ACC00903,2023-05-27,APAC,Mid-Market,Referral
ACC00904,2023-05-27,North America,Mid-Market,Referral
ACC00905,2023-05-27,North America,Mid-Market,Organic Search
ACC00906,2023-05-27,APAC,Enterprise,Paid Social
ACC00907,2023-05-27,APAC,SMB,Organic Search
ACC00908,2023-05-27,APAC,Mid-Market,Paid Social
ACC00909,2023-05-27,APAC,Mid-Market,Partner
ACC00910,2023-05-27,APAC,Mid-Market,Organic Search
ACC00911,2023-05-28,Latin America,SMB,Organic Search
ACC00912,2023-05-28,APAC,Enterprise,Paid Social
ACC00913,2023-05-28,North America,Mid-Market,Organic Search
ACC00914,2023-05-28,Europe,Mid-Market,Organic Search
ACC00915,2023-05-29,North America,SMB,Referral
ACC00916,2023-05-29,APAC,SMB,Paid Search
ACC00917,2023-05-29,APAC,Mid-Market,Paid Social
ACC00918,2023-05-29,India,SMB,Organic Search
ACC00919,2023-05-29,Latin America,Mid-Market,Paid Social
ACC00920,2023-05-30,APAC,SMB,Referral
ACC00921,2023-05-30,APAC,Enterprise,Paid Social
ACC00922,2023-05-30,India,SMB,Referral
ACC00923,2023-05-30,Latin America,SMB,Organic Search
ACC00924,2023-05-30,Latin America,Enterprise,Partner
ACC00925,2023-05-30,Europe,SMB,Paid Social
ACC00926,2023-05-31,North America,SMB,Organic Search
ACC00927,2023-05-31,North America,Mid-Market,Paid Social
ACC00928,2023-05-31,Latin America,Enterprise,Paid Search
ACC00929,2023-05-31,North America,SMB,Organic Search
ACC00930,2023-05-31,Europe,SMB,Organic Search
ACC00931,2023-05-31,North America,SMB,Organic Search
ACC00932,2023-05-31,India,Mid-Market,Organic Search
ACC00933,2023-05-31,APAC,Mid-Market,Paid Search
ACC00934,2023-06-01,APAC,Enterprise,Organic Search
ACC00935,2023-06-01,North America,Mid-Market,Paid Social
ACC00936,2023-06-01,India,SMB,Referral
ACC00937,2023-06-01,Europe,SMB,Organic Search
ACC00938,2023-06-01,North America,SMB,Paid Search
ACC00939,2023-06-01,North America,Mid-Market,Referral
ACC00940,2023-06-01,Latin America,SMB,Organic Search
ACC00941,2023-06-01,Europe,Mid-Market,Paid Social
ACC00942,2023-06-01,APAC,SMB,Organic Search
ACC00943,2023-06-01,India,SMB,Paid Search
ACC00944,2023-06-02,North America,SMB,Referral
ACC00945,2023-06-02,North America,SMB,Paid Social
ACC00946,2023-06-02,Latin America,Mid-Market,Paid Social
ACC00947,2023-06-02,North America,SMB,Referral
ACC00948,2023-06-02,APAC,SMB,Organic Search
ACC00949,2023-06-03,North America,Enterprise,Referral
ACC00950,2023-06-03,Europe,SMB,Partner
ACC00951,2023-06-03,APAC,SMB,Partner
ACC00952,2023-06-03,India,Mid-Market,Organic Search
ACC00953,2023-06-03,APAC,SMB,Partner
ACC00954,2023-06-03,Europe,SMB,Paid Social
ACC00955,2023-06-03,APAC,SMB,Referral
ACC00956,2023-06-03,Latin America,Enterprise,Organic Search
ACC00957,2023-06-04,Europe,SMB,Paid Social
ACC00958,2023-06-04,India,SMB,Paid Social
ACC00959,2023-06-04,North America,SMB,Paid Social
ACC00960,2023-06-05,India,SMB,Referral
ACC00961,2023-06-05,Europe,SMB,Referral
ACC00962,2023-06-05,India,SMB,Referral
ACC00963,2023-06-05,North America,Mid-Market,Paid Social
ACC00964,2023-06-05,Europe,SMB,Organic Search
ACC00965,2023-06-06,Latin America,Mid-Market,Organic Search
ACC00966,2023-06-06,North America,SMB,Partner
ACC00967,2023-06-06,APAC,Mid-Market,Paid Search
ACC00968,2023-06-06,North America,Mid-Market,Referral
ACC00969,2023-06-06,North America,Enterprise,Paid Social
ACC00970,2023-06-07,APAC,Mid-Market,Organic Search
ACC00971,2023-06-07,North America,SMB,Paid Search
ACC00972,2023-06-07,Latin America,SMB,Paid Search
ACC00973,2023-06-07,Latin America,Mid-Market,Organic Search
ACC00974,2023-06-07,North America,SMB,Paid Social
ACC00975,2023-06-07,India,Mid-Market,Referral
ACC00976,2023-06-08,APAC,Mid-Market,Organic Search
ACC00977,2023-06-08,India,SMB,Paid Search
ACC00978,2023-06-08,Europe,Mid-Market,Referral
ACC00979,2023-06-08,North America,Mid-Market,Organic Search
ACC00980,2023-06-08,Europe,SMB,Organic Search
ACC00981,2023-06-08,APAC,SMB,Partner
ACC00982,2023-06-09,Europe,SMB,Partner
ACC00983,2023-06-09,India,SMB,Referral
ACC00984,2023-06-09,Latin America,SMB,Organic Search
ACC00985,2023-06-09,India,SMB,Referral
ACC00986,2023-06-09,India,Mid-Market,Paid Search
ACC00987,2023-06-09,North America,SMB,Paid Search
ACC00988,2023-06-09,Latin America,SMB,Paid Search
ACC00989,2023-06-10,Europe,SMB,Partner
ACC00990,2023-06-10,Latin America,Enterprise,Partner
ACC00991,2023-06-10,India,SMB,Paid Social
ACC00992,2023-06-10,India,SMB,Paid Social
ACC00993,2023-06-10,North America,Mid-Market,Paid Social
ACC00994,2023-06-10,North America,Mid-Market,Organic Search
ACC00995,2023-06-10,APAC,SMB,Paid Social
ACC00996,2023-06-10,Latin America,SMB,Organic Search
ACC00997,2023-06-10,APAC,Mid-Market,Organic Search
ACC00998,2023-06-10,APAC,SMB,Referral
ACC00999,2023-06-11,North America,SMB,Organic Search
ACC01000,2023-06-11,Europe,SMB,Organic Search
ACC01001,2023-06-11,India,SMB,Referral
ACC01002,2023-06-11,APAC,Mid-Market,Referral
ACC01003,2023-06-11,North America,SMB,Paid Search
ACC01004,2023-06-11,APAC,SMB,Referral
ACC01005,2023-06-11,North America,Mid-Market,Referral
ACC01006,2023-06-11,North America,Mid-Market,Organic Search
ACC01007,2023-06-12,North America,Mid-Market,Paid Search
ACC01008,2023-06-12,India,SMB,Referral
ACC01009,2023-06-12,Europe,SMB,Organic Search
ACC01010,2023-06-12,APAC,SMB,Paid Social
ACC01011,2023-06-12,Europe,Mid-Market,Partner
ACC01012,2023-06-12,North America,Enterprise,Paid Social
ACC01013,2023-06-12,India,Enterprise,Organic Search
ACC01014,2023-06-13,Europe,Mid-Market,Paid Social
ACC01015,2023-06-13,APAC,SMB,Partner
ACC01016,2023-06-13,Europe,SMB,Organic Search
ACC01017,2023-06-13,Europe,SMB,Referral
ACC01018,2023-06-13,Europe,SMB,Partner
ACC01019,2023-06-13,North America,Mid-Market,Paid Search
ACC01020,2023-06-14,North America,SMB,Referral
ACC01021,2023-06-14,North America,SMB,Paid Search
ACC01022,2023-06-14,APAC,SMB,Organic Search
ACC01023,2023-06-14,India,SMB,Organic Search
ACC01024,2023-06-14,Europe,SMB,Paid Search
ACC01025,2023-06-14,Europe,Enterprise,Organic Search
ACC01026,2023-06-15,North America,SMB,Paid Search
ACC01027,2023-06-15,APAC,Mid-Market,Referral
ACC01028,2023-06-15,Europe,SMB,Organic Search
ACC01029,2023-06-15,Europe,Enterprise,Paid Social
ACC01030,2023-06-15,North America,Mid-Market,Organic Search
ACC01031,2023-06-15,Latin America,Enterprise,Paid Social
ACC01032,2023-06-15,APAC,SMB,Organic Search
ACC01033,2023-06-15,Latin America,SMB,Referral
ACC01034,2023-06-16,Europe,SMB,Partner
ACC01035,2023-06-16,North America,Mid-Market,Organic Search
ACC01036,2023-06-16,Europe,Mid-Market,Organic Search
ACC01037,2023-06-16,Europe,SMB,Paid Social
ACC01038,2023-06-17,Europe,SMB,Paid Search
ACC01039,2023-06-17,North America,SMB,Organic Search
ACC01040,2023-06-17,Europe,Mid-Market,Organic Search
ACC01041,2023-06-17,Latin America,Mid-Market,Paid Search
ACC01042,2023-06-17,India,SMB,Paid Search
ACC01043,2023-06-17,North America,SMB,Partner
ACC01044,2023-06-18,North America,SMB,Referral
ACC01045,2023-06-18,APAC,SMB,Referral
ACC01046,2023-06-18,Europe,Enterprise,Paid Search
ACC01047,2023-06-18,APAC,Mid-Market,Paid Social
ACC01048,2023-06-19,India,SMB,Organic Search
ACC01049,2023-06-19,Europe,SMB,Paid Social
ACC01050,2023-06-19,India,Mid-Market,Partner
ACC01051,2023-06-19,North America,Mid-Market,Paid Social
ACC01052,2023-06-19,APAC,SMB,Paid Search
ACC01053,2023-06-19,India,SMB,Organic Search
ACC01054,2023-06-19,APAC,Mid-Market,Paid Social
ACC01055,2023-06-19,North America,Enterprise,Partner
ACC01056,2023-06-20,India,SMB,Referral
ACC01057,2023-06-20,India,Mid-Market,Partner
ACC01058,2023-06-20,APAC,SMB,Paid Social
ACC01059,2023-06-20,APAC,Mid-Market,Paid Social
ACC01060,2023-06-20,Europe,SMB,Organic Search
ACC01061,2023-06-20,Europe,Mid-Market,Partner
ACC01062,2023-06-20,Latin America,SMB,Referral
ACC01063,2023-06-20,India,Enterprise,Paid Social
ACC01064,2023-06-21,North America,SMB,Partner
ACC01065,2023-06-21,APAC,SMB,Referral
ACC01066,2023-06-21,Latin America,SMB,Paid Search
ACC01067,2023-06-21,APAC,SMB,Partner
ACC01068,2023-06-21,Europe,SMB,Paid Social
ACC01069,2023-06-21,Europe,Mid-Market,Organic Search
ACC01070,2023-06-21,India,SMB,Organic Search
ACC01071,2023-06-21,Europe,Mid-Market,Referral
ACC01072,2023-06-21,Europe,Mid-Market,Partner
ACC01073,2023-06-21,Latin America,Mid-Market,Organic Search
ACC01074,2023-06-22,India,SMB,Referral
ACC01075,2023-06-22,India,SMB,Paid Social
ACC01076,2023-06-22,North America,Enterprise,Partner
ACC01077,2023-06-22,India,SMB,Paid Social
ACC01078,2023-06-22,India,Mid-Market,Paid Social
ACC01079,2023-06-23,North America,SMB,Paid Search
ACC01080,2023-06-23,North America,SMB,Partner
ACC01081,2023-06-23,APAC,Mid-Market,Organic Search
ACC01082,2023-06-23,APAC,Mid-Market,Organic Search
ACC01083,2023-06-24,India,SMB,Referral
ACC01084,2023-06-24,Latin America,Mid-Market,Partner
ACC01085,2023-06-24,Latin America,Enterprise,Paid Social
ACC01086,2023-06-24,India,SMB,Paid Search
ACC01087,2023-06-24,APAC,Mid-Market,Paid Social
ACC01088,2023-06-24,India,SMB,Paid Social
ACC01089,2023-06-24,North America,Mid-Market,Organic Search
ACC01090,2023-06-24,Europe,SMB,Organic Search
ACC01091,2023-06-25,India,SMB,Paid Search
ACC01092,2023-06-25,India,SMB,Partner
ACC01093,2023-06-25,Europe,Mid-Market,Paid Search
ACC01094,2023-06-26,India,Enterprise,Paid Social
ACC01095,2023-06-26,North America,SMB,Partner
ACC01096,2023-06-26,North America,SMB,Paid Social
ACC01097,2023-06-26,India,SMB,Partner
ACC01098,2023-06-26,India,SMB,Paid Social
ACC01099,2023-06-26,APAC,SMB,Paid Search
ACC01100,2023-06-27,India,SMB,Paid Search
ACC01101,2023-06-27,Europe,SMB,Organic Search
ACC01102,2023-06-28,India,SMB,Referral
ACC01103,2023-06-28,Europe,SMB,Organic Search
ACC01104,2023-06-28,Europe,SMB,Partner
ACC01105,2023-06-28,North America,Mid-Market,Partner
ACC01106,2023-06-28,APAC,SMB,Paid Social
ACC01107,2023-06-28,North America,SMB,Paid Social
ACC01108,2023-06-28,Latin America,Enterprise,Referral
ACC01109,2023-06-28,North America,Enterprise,Referral
ACC01110,2023-06-28,APAC,Mid-Market,Paid Search
ACC01111,2023-06-29,North America,SMB,Paid Social
ACC01112,2023-06-29,APAC,Enterprise,Paid Search
ACC01113,2023-06-30,Europe,Mid-Market,Partner
ACC01114,2023-06-30,North America,Mid-Market,Paid Social
ACC01115,2023-06-30,India,SMB,Organic Search
ACC01116,2023-06-30,Europe,SMB,Organic Search
ACC01117,2023-06-30,North America,Enterprise,Organic Search
ACC01118,2023-06-30,North America,SMB,Partner
ACC01119,2023-06-30,North America,SMB,Paid Search
ACC01120,2023-07-01,APAC,SMB,Referral
ACC01121,2023-07-01,APAC,Mid-Market,Paid Social
ACC01122,2023-07-01,North America,SMB,Organic Search
ACC01123,2023-07-01,Latin America,SMB,Paid Social
ACC01124,2023-07-01,Europe,Mid-Market,Paid Social
ACC01125,2023-07-01,Europe,SMB,Paid Search
ACC01126,2023-07-02,North America,Mid-Market,Referral
ACC01127,2023-07-02,North America,SMB,Paid Social
ACC01128,2023-07-02,North America,SMB,Paid Search
ACC01129,2023-07-02,India,SMB,Paid Search
ACC01130,2023-07-02,Europe,SMB,Paid Social
ACC01131,2023-07-02,India,Mid-Market,Organic Search
ACC01132,2023-07-02,Latin America,SMB,Paid Social
ACC01133,2023-07-02,Europe,SMB,Organic Search
ACC01134,2023-07-02,North America,Mid-Market,Partner
ACC01135,2023-07-02,North America,SMB,Paid Social
ACC01136,2023-07-03,APAC,Mid-Market,Organic Search
ACC01137,2023-07-03,APAC,SMB,Partner
ACC01138,2023-07-03,India,SMB,Paid Social
ACC01139,2023-07-03,India,SMB,Paid Search
ACC01140,2023-07-03,North America,SMB,Paid Search
ACC01141,2023-07-03,India,SMB,Organic Search
ACC01142,2023-07-03,Latin America,SMB,Organic Search
ACC01143,2023-07-03,Europe,Mid-Market,Paid Social
ACC01144,2023-07-04,APAC,SMB,Organic Search
ACC01145,2023-07-04,North America,SMB,Partner
ACC01146,2023-07-04,Europe,Mid-Market,Paid Social
ACC01147,2023-07-04,North America,Mid-Market,Partner
ACC01148,2023-07-04,Europe,Enterprise,Organic Search
ACC01149,2023-07-05,Latin America,Mid-Market,Organic Search
ACC01150,2023-07-05,Europe,SMB,Organic Search
ACC01151,2023-07-05,North America,Mid-Market,Paid Search
ACC01152,2023-07-05,Europe,Mid-Market,Paid Search
ACC01153,2023-07-05,APAC,Mid-Market,Paid Search
ACC01154,2023-07-06,Europe,Mid-Market,Paid Social
ACC01155,2023-07-06,India,SMB,Paid Search
ACC01156,2023-07-06,Europe,SMB,Paid Search
ACC01157,2023-07-06,APAC,SMB,Partner
ACC01158,2023-07-06,Europe,Mid-Market,Paid Social
ACC01159,2023-07-06,North America,SMB,Organic Search
ACC01160,2023-07-07,India,SMB,Paid Social
ACC01161,2023-07-07,APAC,Mid-Market,Paid Social
ACC01162,2023-07-07,India,SMB,Referral
ACC01163,2023-07-07,APAC,SMB,Paid Search
ACC01164,2023-07-07,APAC,Mid-Market,Paid Search
ACC01165,2023-07-08,Latin America,Mid-Market,Partner
ACC01166,2023-07-08,North America,Enterprise,Paid Social
ACC01167,2023-07-08,Latin America,SMB,Paid Search
ACC01168,2023-07-08,APAC,Mid-Market,Organic Search
ACC01169,2023-07-08,India,Mid-Market,Paid Search
ACC01170,2023-07-08,APAC,Mid-Market,Organic Search
ACC01171,2023-07-08,North America,Mid-Market,Organic Search
ACC01172,2023-07-08,APAC,SMB,Organic Search
ACC01173,2023-07-08,India,SMB,Partner
ACC01174,2023-07-09,Europe,SMB,Organic Search
ACC01175,2023-07-09,Europe,Enterprise,Paid Social
ACC01176,2023-07-09,APAC,Enterprise,Paid Search
ACC01177,2023-07-09,Europe,Mid-Market,Paid Social
ACC01178,2023-07-09,North America,SMB,Paid Social
ACC01179,2023-07-09,North America,SMB,Paid Social
ACC01180,2023-07-09,APAC,SMB,Paid Search
ACC01181,2023-07-09,Latin America,Enterprise,Referral
ACC01182,2023-07-09,APAC,SMB,Paid Search
ACC01183,2023-07-09,North America,Mid-Market,Referral
ACC01184,2023-07-09,India,SMB,Paid Social
ACC01185,2023-07-10,North America,Mid-Market,Organic Search
ACC01186,2023-07-10,North America,SMB,Partner
ACC01187,2023-07-10,APAC,SMB,Referral
ACC01188,2023-07-10,Latin America,Mid-Market,Organic Search
ACC01189,2023-07-10,APAC,SMB,Partner
ACC01190,2023-07-10,North America,SMB,Paid Search
ACC01191,2023-07-10,North America,Enterprise,Organic Search
ACC01192,2023-07-11,APAC,SMB,Paid Search
ACC01193,2023-07-11,North America,Mid-Market,Partner
ACC01194,2023-07-11,North America,SMB,Organic Search
ACC01195,2023-07-11,India,SMB,Referral
ACC01196,2023-07-11,India,SMB,Referral
ACC01197,2023-07-11,Europe,Mid-Market,Paid Social
ACC01198,2023-07-11,Europe,SMB,Organic Search
ACC01199,2023-07-11,APAC,SMB,Paid Social
ACC01200,2023-07-11,India,SMB,Paid Search
ACC01201,2023-07-11,North America,SMB,Organic Search
ACC01202,2023-07-12,North America,SMB,Referral
ACC01203,2023-07-12,APAC,SMB,Paid Search
ACC01204,2023-07-12,Latin America,SMB,Partner
ACC01205,2023-07-12,India,SMB,Referral
ACC01206,2023-07-13,Europe,Mid-Market,Referral
ACC01207,2023-07-13,North America,Mid-Market,Paid Search
ACC01208,2023-07-13,APAC,SMB,Referral
ACC01209,2023-07-13,APAC,Mid-Market,Referral
ACC01210,2023-07-13,Europe,SMB,Paid Search
ACC01211,2023-07-13,APAC,Mid-Market,Paid Social
ACC01212,2023-07-13,North America,Enterprise,Partner
ACC01213,2023-07-13,North America,SMB,Paid Search
ACC01214,2023-07-13,Latin America,SMB,Paid Social
ACC01215,2023-07-14,Latin America,SMB,Partner
ACC01216,2023-07-14,APAC,Enterprise,Referral
ACC01217,2023-07-14,India,Enterprise,Paid Social
ACC01218,2023-07-14,Europe,SMB,Paid Social
ACC01219,2023-07-14,Europe,Mid-Market,Partner
ACC01220,2023-07-14,APAC,SMB,Paid Search
ACC01221,2023-07-14,Latin America,SMB,Paid Search
ACC01222,2023-07-14,North America,Enterprise,Partner
ACC01223,2023-07-14,Europe,Mid-Market,Paid Search
ACC01224,2023-07-14,Europe,Mid-Market,Paid Social
ACC01225,2023-07-15,APAC,SMB,Paid Social
ACC01226,2023-07-15,India,SMB,Partner
ACC01227,2023-07-15,Latin America,Mid-Market,Referral
ACC01228,2023-07-15,Europe,SMB,Paid Social
ACC01229,2023-07-15,Europe,Mid-Market,Organic Search
ACC01230,2023-07-15,North America,Mid-Market,Partner
ACC01231,2023-07-15,Europe,Mid-Market,Referral
ACC01232,2023-07-16,North America,SMB,Paid Search
ACC01233,2023-07-16,North America,Mid-Market,Referral
ACC01234,2023-07-16,North America,Mid-Market,Referral
ACC01235,2023-07-16,North America,SMB,Paid Search
ACC01236,2023-07-16,North America,SMB,Paid Search
ACC01237,2023-07-16,Europe,SMB,Paid Search
ACC01238,2023-07-16,North America,Enterprise,Organic Search
ACC01239,2023-07-17,Latin America,Mid-Market,Paid Social
ACC01240,2023-07-17,North America,SMB,Paid Search
ACC01241,2023-07-17,North America,Mid-Market,Organic Search
ACC01242,2023-07-17,India,Mid-Market,Paid Search
ACC01243,2023-07-17,North America,Enterprise,Paid Social
ACC01244,2023-07-17,Latin America,SMB,Paid Search
ACC01245,2023-07-18,Europe,SMB,Referral
ACC01246,2023-07-18,North America,Mid-Market,Paid Social
ACC01247,2023-07-18,North America,SMB,Paid Social
ACC01248,2023-07-18,India,SMB,Paid Social
ACC01249,2023-07-18,Europe,Mid-Market,Paid Social
ACC01250,2023-07-18,India,SMB,Organic Search
ACC01251,2023-07-19,India,Mid-Market,Paid Search
ACC01252,2023-07-19,North America,Enterprise,Paid Social
ACC01253,2023-07-19,APAC,SMB,Organic Search
ACC01254,2023-07-20,India,Mid-Market,Paid Search
ACC01255,2023-07-20,India,SMB,Organic Search
ACC01256,2023-07-20,North America,Mid-Market,Paid Social
ACC01257,2023-07-20,North America,SMB,Referral
ACC01258,2023-07-20,Europe,SMB,Partner
ACC01259,2023-07-20,North America,Mid-Market,Paid Social
ACC01260,2023-07-20,North America,Mid-Market,Partner
ACC01261,2023-07-20,India,Enterprise,Organic Search
ACC01262,2023-07-20,Europe,SMB,Partner
ACC01263,2023-07-20,Europe,Enterprise,Referral
ACC01264,2023-07-20,North America,SMB,Paid Social
ACC01265,2023-07-20,India,SMB,Referral
ACC01266,2023-07-20,APAC,Enterprise,Organic Search
ACC01267,2023-07-20,Latin America,SMB,Paid Search
ACC01268,2023-07-21,Latin America,Mid-Market,Paid Search
ACC01269,2023-07-21,North America,Enterprise,Organic Search
ACC01270,2023-07-21,Europe,Mid-Market,Paid Search
ACC01271,2023-07-21,APAC,SMB,Organic Search
ACC01272,2023-07-21,APAC,Mid-Market,Partner
ACC01273,2023-07-22,India,Mid-Market,Paid Search
ACC01274,2023-07-22,APAC,SMB,Organic Search
ACC01275,2023-07-22,APAC,SMB,Organic Search
ACC01276,2023-07-22,India,SMB,Paid Search
ACC01277,2023-07-22,North America,Enterprise,Paid Social
ACC01278,2023-07-22,North America,SMB,Organic Search
ACC01279,2023-07-22,Europe,Enterprise,Organic Search
ACC01280,2023-07-22,North America,SMB,Paid Search
ACC01281,2023-07-22,India,SMB,Paid Search
ACC01282,2023-07-22,North America,SMB,Organic Search
ACC01283,2023-07-22,APAC,SMB,Paid Search
ACC01284,2023-07-23,India,SMB,Referral
ACC01285,2023-07-23,Europe,Mid-Market,Paid Search
ACC01286,2023-07-23,Europe,SMB,Referral
ACC01287,2023-07-23,Latin America,Enterprise,Referral
ACC01288,2023-07-23,Latin America,Mid-Market,Paid Social
ACC01289,2023-07-23,APAC,Mid-Market,Paid Search
ACC01290,2023-07-23,North America,Mid-Market,Partner
ACC01291,2023-07-23,India,SMB,Referral
ACC01292,2023-07-23,North America,Enterprise,Organic Search
ACC01293,2023-07-24,Europe,SMB,Organic Search
ACC01294,2023-07-24,India,SMB,Paid Social
ACC01295,2023-07-24,North America,SMB,Organic Search
ACC01296,2023-07-24,North America,SMB,Referral
ACC01297,2023-07-24,APAC,SMB,Organic Search
ACC01298,2023-07-24,Europe,SMB,Paid Search
ACC01299,2023-07-24,Latin America,Mid-Market,Paid Search
ACC01300,2023-07-25,North America,SMB,Paid Search
ACC01301,2023-07-25,Europe,SMB,Referral
ACC01302,2023-07-25,Europe,Enterprise,Partner
ACC01303,2023-07-25,APAC,SMB,Paid Search
ACC01304,2023-07-25,APAC,SMB,Organic Search
ACC01305,2023-07-25,APAC,SMB,Referral
ACC01306,2023-07-26,India,SMB,Partner
ACC01307,2023-07-26,Europe,SMB,Paid Search
ACC01308,2023-07-27,North America,SMB,Paid Social
ACC01309,2023-07-27,India,SMB,Organic Search
ACC01310,2023-07-27,Europe,SMB,Partner
ACC01311,2023-07-27,North America,SMB,Paid Social
ACC01312,2023-07-27,Europe,SMB,Paid Search
ACC01313,2023-07-27,North America,Mid-Market,Organic Search
ACC01314,2023-07-27,North America,Enterprise,Referral
ACC01315,2023-07-27,North America,Mid-Market,Organic Search
ACC01316,2023-07-27,Europe,SMB,Paid Search
ACC01317,2023-07-27,APAC,SMB,Paid Social
ACC01318,2023-07-28,India,SMB,Referral
ACC01319,2023-07-28,North America,SMB,Organic Search
ACC01320,2023-07-28,Latin America,SMB,Paid Social
ACC01321,2023-07-28,North America,SMB,Partner
ACC01322,2023-07-28,Latin America,Mid-Market,Paid Search
ACC01323,2023-07-28,India,SMB,Paid Social
ACC01324,2023-07-28,Latin America,SMB,Paid Search
ACC01325,2023-07-28,India,Enterprise,Partner
ACC01326,2023-07-28,India,SMB,Paid Search
ACC01327,2023-07-28,APAC,Mid-Market,Paid Search
ACC01328,2023-07-29,Latin America,Mid-Market,Organic Search
ACC01329,2023-07-29,India,Enterprise,Paid Search
ACC01330,2023-07-29,North America,Mid-Market,Organic Search
ACC01331,2023-07-29,Latin America,SMB,Paid Search
ACC01332,2023-07-29,Europe,SMB,Partner
ACC01333,2023-07-29,Latin America,SMB,Partner
ACC01334,2023-07-29,North America,Mid-Market,Referral
ACC01335,2023-07-29,India,Mid-Market,Organic Search
ACC01336,2023-07-29,India,Enterprise,Paid Social
ACC01337,2023-07-30,North America,SMB,Paid Social
ACC01338,2023-07-30,North America,Mid-Market,Paid Search
ACC01339,2023-07-30,India,Enterprise,Paid Social
ACC01340,2023-07-30,APAC,SMB,Organic Search
ACC01341,2023-07-30,Latin America,SMB,Paid Search
ACC01342,2023-07-30,North America,SMB,Organic Search
ACC01343,2023-07-30,North America,SMB,Referral
ACC01344,2023-07-30,APAC,SMB,Paid Search
ACC01345,2023-07-30,India,SMB,Organic Search
ACC01346,2023-07-30,Europe,Mid-Market,Paid Search
ACC01347,2023-07-30,Europe,SMB,Organic Search
ACC01348,2023-07-31,North America,SMB,Organic Search
ACC01349,2023-07-31,APAC,SMB,Paid Social
ACC01350,2023-07-31,Europe,SMB,Paid Social
ACC01351,2023-07-31,North America,Mid-Market,Partner
ACC01352,2023-07-31,Latin America,Mid-Market,Paid Social
ACC01353,2023-07-31,Europe,SMB,Referral
ACC01354,2023-07-31,India,SMB,Paid Search
ACC01355,2023-07-31,Europe,SMB,Organic Search
ACC01356,2023-07-31,Latin America,Mid-Market,Organic Search
ACC01357,2023-07-31,India,SMB,Paid Search
ACC01358,2023-08-01,APAC,SMB,Paid Search
ACC01359,2023-08-01,North America,SMB,Partner
ACC01360,2023-08-01,APAC,Enterprise,Referral
ACC01361,2023-08-01,APAC,Mid-Market,Organic Search
ACC01362,2023-08-01,Europe,SMB,Paid Social
ACC01363,2023-08-01,Latin America,SMB,Referral
ACC01364,2023-08-01,Europe,SMB,Paid Search
ACC01365,2023-08-02,Europe,SMB,Organic Search
ACC01366,2023-08-02,APAC,SMB,Partner
ACC01367,2023-08-02,North America,Mid-Market,Paid Social
ACC01368,2023-08-02,Latin America,SMB,Paid Social
ACC01369,2023-08-02,North America,Enterprise,Organic Search
ACC01370,2023-08-03,North America,SMB,Referral
ACC01371,2023-08-03,Europe,Mid-Market,Paid Social
ACC01372,2023-08-03,North America,Mid-Market,Paid Social
ACC01373,2023-08-03,North America,Mid-Market,Organic Search
ACC01374,2023-08-03,North America,SMB,Organic Search
ACC01375,2023-08-03,India,Mid-Market,Referral
ACC01376,2023-08-04,North America,Mid-Market,Organic Search
ACC01377,2023-08-04,APAC,Mid-Market,Paid Search
ACC01378,2023-08-04,Europe,Enterprise,Referral
ACC01379,2023-08-04,Europe,SMB,Organic Search
ACC01380,2023-08-04,APAC,SMB,Partner
ACC01381,2023-08-05,India,SMB,Organic Search
ACC01382,2023-08-05,North America,Mid-Market,Partner
ACC01383,2023-08-05,Europe,Mid-Market,Paid Social
ACC01384,2023-08-05,North America,Mid-Market,Paid Social
ACC01385,2023-08-05,North America,SMB,Paid Search
ACC01386,2023-08-05,APAC,Enterprise,Paid Social
ACC01387,2023-08-05,India,SMB,Paid Search
ACC01388,2023-08-05,APAC,SMB,Organic Search
ACC01389,2023-08-06,Latin America,Mid-Market,Referral
ACC01390,2023-08-06,North America,SMB,Paid Search
ACC01391,2023-08-06,Europe,Mid-Market,Referral
ACC01392,2023-08-06,APAC,SMB,Paid Search
ACC01393,2023-08-06,APAC,SMB,Organic Search
ACC01394,2023-08-06,North America,Mid-Market,Paid Social
ACC01395,2023-08-06,North America,Mid-Market,Organic Search
ACC01396,2023-08-06,North America,Enterprise,Referral
ACC01397,2023-08-06,Europe,SMB,Organic Search
ACC01398,2023-08-06,Latin America,Enterprise,Paid Search
ACC01399,2023-08-06,APAC,Mid-Market,Paid Social
ACC01400,2023-08-07,North America,SMB,Referral
ACC01401,2023-08-07,APAC,Mid-Market,Paid Search
ACC01402,2023-08-07,North America,Mid-Market,Referral
ACC01403,2023-08-07,APAC,SMB,Partner
ACC01404,2023-08-07,Europe,SMB,Organic Search
ACC01405,2023-08-07,Europe,SMB,Paid Social
ACC01406,2023-08-07,APAC,SMB,Organic Search
ACC01407,2023-08-07,North America,SMB,Referral
ACC01408,2023-08-07,North America,Mid-Market,Partner
ACC01409,2023-08-08,North America,SMB,Paid Social
ACC01410,2023-08-08,India,SMB,Paid Social
ACC01411,2023-08-08,India,SMB,Referral
ACC01412,2023-08-08,Latin America,SMB,Referral
ACC01413,2023-08-08,Europe,Enterprise,Paid Search
ACC01414,2023-08-08,North America,SMB,Paid Social
ACC01415,2023-08-08,India,SMB,Referral
ACC01416,2023-08-09,India,Mid-Market,Organic Search
ACC01417,2023-08-09,APAC,SMB,Partner
ACC01418,2023-08-09,APAC,SMB,Paid Social
ACC01419,2023-08-09,APAC,Mid-Market,Paid Social
ACC01420,2023-08-09,Latin America,SMB,Organic Search
ACC01421,2023-08-10,North America,SMB,Organic Search
ACC01422,2023-08-10,North America,Enterprise,Paid Social
ACC01423,2023-08-10,India,SMB,Paid Social
ACC01424,2023-08-10,Latin America,Mid-Market,Paid Search
ACC01425,2023-08-10,India,Enterprise,Paid Social
ACC01426,2023-08-11,India,Mid-Market,Organic Search
ACC01427,2023-08-11,Latin America,SMB,Organic Search
ACC01428,2023-08-11,India,Mid-Market,Partner
ACC01429,2023-08-11,India,Mid-Market,Paid Social
ACC01430,2023-08-11,India,Mid-Market,Paid Search
ACC01431,2023-08-11,APAC,SMB,Referral
ACC01432,2023-08-11,India,Enterprise,Referral
ACC01433,2023-08-11,India,SMB,Organic Search
ACC01434,2023-08-11,APAC,SMB,Paid Social
ACC01435,2023-08-11,North America,SMB,Paid Social
ACC01436,2023-08-12,North America,SMB,Organic Search
ACC01437,2023-08-12,North America,SMB,Paid Search
ACC01438,2023-08-12,Europe,Mid-Market,Partner
ACC01439,2023-08-12,Latin America,Mid-Market,Paid Social
ACC01440,2023-08-12,North America,SMB,Paid Search
ACC01441,2023-08-13,Europe,Mid-Market,Paid Social
ACC01442,2023-08-13,India,SMB,Paid Social
ACC01443,2023-08-13,India,Mid-Market,Paid Social
ACC01444,2023-08-13,North America,SMB,Paid Search
ACC01445,2023-08-13,Latin America,SMB,Paid Search
ACC01446,2023-08-13,Latin America,Enterprise,Partner
ACC01447,2023-08-13,APAC,SMB,Paid Social
ACC01448,2023-08-14,Latin America,Mid-Market,Referral
ACC01449,2023-08-14,Europe,SMB,Paid Search
ACC01450,2023-08-14,India,Mid-Market,Referral
ACC01451,2023-08-14,APAC,SMB,Paid Social
ACC01452,2023-08-14,India,Mid-Market,Paid Search
ACC01453,2023-08-14,Europe,SMB,Organic Search
ACC01454,2023-08-14,India,Enterprise,Paid Social
ACC01455,2023-08-14,Latin America,Mid-Market,Referral
ACC01456,2023-08-14,India,SMB,Paid Social
ACC01457,2023-08-14,Latin America,Enterprise,Paid Search
ACC01458,2023-08-14,Europe,SMB,Paid Search
ACC01459,2023-08-14,North America,Mid-Market,Paid Social
ACC01460,2023-08-15,Europe,SMB,Organic Search
ACC01461,2023-08-15,India,Mid-Market,Paid Social
ACC01462,2023-08-15,Europe,SMB,Organic Search
ACC01463,2023-08-15,North America,Mid-Market,Organic Search
ACC01464,2023-08-15,APAC,Mid-Market,Referral
ACC01465,2023-08-15,North America,SMB,Organic Search
ACC01466,2023-08-15,North America,SMB,Organic Search
ACC01467,2023-08-15,APAC,SMB,Organic Search
ACC01468,2023-08-15,Europe,SMB,Paid Search
ACC01469,2023-08-16,Europe,SMB,Paid Social
ACC01470,2023-08-16,North America,SMB,Organic Search
ACC01471,2023-08-16,North America,Mid-Market,Paid Search
ACC01472,2023-08-17,Latin America,SMB,Referral
ACC01473,2023-08-17,North America,SMB,Referral
ACC01474,2023-08-17,Latin America,Enterprise,Paid Social
ACC01475,2023-08-17,North America,Mid-Market,Partner
ACC01476,2023-08-17,India,SMB,Organic Search
ACC01477,2023-08-17,North America,SMB,Referral
ACC01478,2023-08-17,India,Mid-Market,Organic Search
ACC01479,2023-08-18,India,SMB,Referral
ACC01480,2023-08-18,Latin America,SMB,Paid Search
ACC01481,2023-08-18,North America,Enterprise,Partner
ACC01482,2023-08-18,Latin America,Mid-Market,Organic Search
ACC01483,2023-08-18,North America,Enterprise,Organic Search
ACC01484,2023-08-18,North America,Mid-Market,Paid Search
ACC01485,2023-08-18,APAC,SMB,Partner
ACC01486,2023-08-19,North America,Mid-Market,Partner
ACC01487,2023-08-19,APAC,Mid-Market,Referral
ACC01488,2023-08-19,Europe,Mid-Market,Paid Search
ACC01489,2023-08-19,APAC,SMB,Referral
ACC01490,2023-08-19,North America,Mid-Market,Partner
ACC01491,2023-08-19,APAC,SMB,Organic Search
ACC01492,2023-08-19,North America,SMB,Organic Search
ACC01493,2023-08-20,Europe,SMB,Organic Search
ACC01494,2023-08-20,Europe,SMB,Paid Search
ACC01495,2023-08-20,North America,SMB,Paid Social
ACC01496,2023-08-20,Europe,SMB,Partner
ACC01497,2023-08-20,North America,SMB,Partner
ACC01498,2023-08-20,North America,SMB,Paid Social
ACC01499,2023-08-20,APAC,SMB,Organic Search
ACC01500,2023-08-20,India,Mid-Market,Organic Search
ACC01501,2023-08-21,Latin America,SMB,Referral
ACC01502,2023-08-21,APAC,Mid-Market,Organic Search
ACC01503,2023-08-21,Europe,SMB,Organic Search
ACC01504,2023-08-21,North America,SMB,Paid Social
ACC01505,2023-08-21,North America,SMB,Organic Search
ACC01506,2023-08-21,North America,SMB,Paid Social
ACC01507,2023-08-22,North America,Mid-Market,Organic Search
ACC01508,2023-08-22,North America,SMB,Referral
ACC01509,2023-08-22,Latin America,Mid-Market,Paid Social
ACC01510,2023-08-22,Latin America,SMB,Paid Social
ACC01511,2023-08-22,North America,Enterprise,Organic Search
ACC01512,2023-08-22,North America,SMB,Partner
ACC01513,2023-08-22,Europe,SMB,Organic Search
ACC01514,2023-08-22,India,SMB,Organic Search
ACC01515,2023-08-22,India,Enterprise,Organic Search
ACC01516,2023-08-23,North America,Enterprise,Referral
ACC01517,2023-08-23,India,Mid-Market,Organic Search
ACC01518,2023-08-23,Latin America,SMB,Organic Search
ACC01519,2023-08-23,Europe,Mid-Market,Referral
ACC01520,2023-08-23,APAC,Mid-Market,Referral
ACC01521,2023-08-23,Latin America,SMB,Referral
ACC01522,2023-08-23,North America,Mid-Market,Partner
ACC01523,2023-08-23,India,SMB,Organic Search
ACC01524,2023-08-23,North America,SMB,Partner
ACC01525,2023-08-24,Europe,SMB,Organic Search
ACC01526,2023-08-24,North America,Mid-Market,Partner
ACC01527,2023-08-24,North America,SMB,Paid Search
ACC01528,2023-08-24,North America,SMB,Partner
ACC01529,2023-08-24,North America,Enterprise,Paid Search
ACC01530,2023-08-24,India,Mid-Market,Referral
ACC01531,2023-08-24,Europe,Mid-Market,Referral
ACC01532,2023-08-24,Europe,SMB,Paid Search
ACC01533,2023-08-25,Europe,SMB,Paid Search
ACC01534,2023-08-25,APAC,SMB,Organic Search
ACC01535,2023-08-25,North America,Enterprise,Paid Social
ACC01536,2023-08-26,Europe,SMB,Partner
ACC01537,2023-08-26,North America,Enterprise,Paid Social
ACC01538,2023-08-26,India,SMB,Paid Search
ACC01539,2023-08-26,India,Mid-Market,Paid Social
ACC01540,2023-08-26,North America,Enterprise,Organic Search
ACC01541,2023-08-27,India,Mid-Market,Partner
ACC01542,2023-08-27,Europe,Mid-Market,Paid Social
ACC01543,2023-08-27,APAC,Mid-Market,Referral
ACC01544,2023-08-28,India,Mid-Market,Paid Search
ACC01545,2023-08-28,Europe,Mid-Market,Organic Search
ACC01546,2023-08-28,India,SMB,Organic Search
ACC01547,2023-08-28,North America,Mid-Market,Organic Search
ACC01548,2023-08-28,Europe,SMB,Paid Social
ACC01549,2023-08-28,Europe,SMB,Organic Search
ACC01550,2023-08-28,APAC,SMB,Organic Search
ACC01551,2023-08-28,APAC,Enterprise,Paid Search
ACC01552,2023-08-28,APAC,SMB,Organic Search
ACC01553,2023-08-28,Europe,SMB,Referral
ACC01554,2023-08-28,Latin America,SMB,Referral
ACC01555,2023-08-29,North America,SMB,Paid Social
ACC01556,2023-08-29,Europe,SMB,Paid Search
ACC01557,2023-08-29,Europe,SMB,Paid Search
ACC01558,2023-08-29,India,SMB,Organic Search
ACC01559,2023-08-29,Europe,Mid-Market,Paid Social
ACC01560,2023-08-29,APAC,SMB,Paid Search
ACC01561,2023-08-29,APAC,Mid-Market,Paid Social
ACC01562,2023-08-29,India,SMB,Paid Social
ACC01563,2023-08-30,APAC,Mid-Market,Organic Search
ACC01564,2023-08-30,Europe,Mid-Market,Organic Search
ACC01565,2023-08-30,India,Enterprise,Referral
ACC01566,2023-08-31,North America,SMB,Partner
ACC01567,2023-08-31,India,SMB,Organic Search
ACC01568,2023-08-31,North America,SMB,Paid Social
ACC01569,2023-08-31,Europe,SMB,Referral
ACC01570,2023-08-31,APAC,SMB,Referral
ACC01571,2023-09-01,North America,Enterprise,Partner
ACC01572,2023-09-01,North America,SMB,Organic Search
ACC01573,2023-09-01,Europe,SMB,Partner
ACC01574,2023-09-01,North America,SMB,Paid Search
ACC01575,2023-09-01,Latin America,SMB,Referral
ACC01576,2023-09-02,APAC,SMB,Referral
ACC01577,2023-09-02,APAC,SMB,Paid Social
ACC01578,2023-09-02,India,Mid-Market,Paid Social
ACC01579,2023-09-02,India,SMB,Partner
ACC01580,2023-09-02,APAC,SMB,Paid Social
ACC01581,2023-09-02,India,Enterprise,Referral
ACC01582,2023-09-02,APAC,Enterprise,Partner
ACC01583,2023-09-02,APAC,SMB,Paid Social
ACC01584,2023-09-03,APAC,SMB,Paid Search
ACC01585,2023-09-03,North America,SMB,Organic Search
ACC01586,2023-09-03,Europe,Mid-Market,Paid Search
ACC01587,2023-09-03,APAC,SMB,Paid Social
ACC01588,2023-09-03,Europe,SMB,Organic Search
ACC01589,2023-09-03,North America,Enterprise,Paid Social
ACC01590,2023-09-04,India,SMB,Partner
ACC01591,2023-09-04,India,Mid-Market,Partner
ACC01592,2023-09-04,Europe,SMB,Paid Search
ACC01593,2023-09-04,Europe,Mid-Market,Paid Social
ACC01594,2023-09-04,Europe,SMB,Referral
ACC01595,2023-09-04,APAC,SMB,Paid Search
ACC01596,2023-09-04,APAC,SMB,Referral
ACC01597,2023-09-04,Europe,SMB,Paid Search
ACC01598,2023-09-04,North America,SMB,Organic Search
ACC01599,2023-09-05,APAC,SMB,Referral
ACC01600,2023-09-05,Europe,Mid-Market,Organic Search
ACC01601,2023-09-05,APAC,Mid-Market,Referral
ACC01602,2023-09-05,Europe,Mid-Market,Paid Social
ACC01603,2023-09-05,North America,Mid-Market,Paid Social
ACC01604,2023-09-05,Europe,SMB,Paid Social
ACC01605,2023-09-05,North America,Mid-Market,Paid Social
ACC01606,2023-09-05,India,SMB,Organic Search
ACC01607,2023-09-05,Europe,SMB,Paid Social
ACC01608,2023-09-05,Europe,SMB,Paid Search
ACC01609,2023-09-05,North America,Mid-Market,Referral
ACC01610,2023-09-06,APAC,SMB,Paid Search
ACC01611,2023-09-06,North America,Mid-Market,Organic Search
ACC01612,2023-09-06,India,SMB,Paid Search
ACC01613,2023-09-06,North America,Mid-Market,Organic Search
ACC01614,2023-09-06,APAC,SMB,Paid Search
ACC01615,2023-09-06,Latin America,SMB,Paid Search
ACC01616,2023-09-06,Europe,Enterprise,Partner
ACC01617,2023-09-07,APAC,Mid-Market,Referral
ACC01618,2023-09-07,India,Mid-Market,Referral
ACC01619,2023-09-07,Europe,Mid-Market,Referral
ACC01620,2023-09-08,Latin America,Enterprise,Paid Search
ACC01621,2023-09-08,Europe,SMB,Referral
ACC01622,2023-09-08,North America,Enterprise,Paid Search
ACC01623,2023-09-08,Europe,SMB,Referral
ACC01624,2023-09-08,North America,SMB,Paid Social
ACC01625,2023-09-08,Europe,Mid-Market,Referral
ACC01626,2023-09-08,APAC,SMB,Referral
ACC01627,2023-09-08,North America,SMB,Organic Search
ACC01628,2023-09-08,Europe,SMB,Organic Search
ACC01629,2023-09-08,North America,Mid-Market,Referral
ACC01630,2023-09-09,Europe,SMB,Paid Search
ACC01631,2023-09-09,North America,Mid-Market,Referral
ACC01632,2023-09-09,North America,Mid-Market,Organic Search
ACC01633,2023-09-10,Latin America,Enterprise,Paid Social
ACC01634,2023-09-10,Europe,SMB,Organic Search
ACC01635,2023-09-10,APAC,SMB,Paid Social
ACC01636,2023-09-10,North America,Mid-Market,Partner
ACC01637,2023-09-10,India,SMB,Referral
ACC01638,2023-09-10,North America,SMB,Referral
ACC01639,2023-09-10,India,SMB,Paid Social
ACC01640,2023-09-10,Latin America,SMB,Partner
ACC01641,2023-09-10,India,SMB,Referral
ACC01642,2023-09-11,North America,Mid-Market,Organic Search
ACC01643,2023-09-11,India,Mid-Market,Organic Search
ACC01644,2023-09-11,APAC,SMB,Paid Search
ACC01645,2023-09-11,India,SMB,Paid Social
ACC01646,2023-09-11,Europe,SMB,Organic Search
ACC01647,2023-09-11,India,Mid-Market,Paid Social
ACC01648,2023-09-11,India,Mid-Market,Paid Social
ACC01649,2023-09-11,North America,SMB,Paid Search
ACC01650,2023-09-11,North America,Mid-Market,Paid Search
ACC01651,2023-09-11,North America,SMB,Referral
ACC01652,2023-09-12,India,SMB,Referral
ACC01653,2023-09-12,North America,SMB,Partner
ACC01654,2023-09-12,North America,SMB,Organic Search
ACC01655,2023-09-12,Europe,Mid-Market,Partner
ACC01656,2023-09-12,North America,SMB,Paid Search
ACC01657,2023-09-12,India,SMB,Organic Search
ACC01658,2023-09-12,Europe,Mid-Market,Paid Social
ACC01659,2023-09-12,India,Mid-Market,Organic Search
ACC01660,2023-09-12,APAC,SMB,Referral
ACC01661,2023-09-13,India,Mid-Market,Organic Search
ACC01662,2023-09-13,APAC,SMB,Organic Search
ACC01663,2023-09-13,North America,Mid-Market,Referral
ACC01664,2023-09-13,India,SMB,Referral
ACC01665,2023-09-13,North America,SMB,Paid Search
ACC01666,2023-09-13,India,Mid-Market,Organic Search
ACC01667,2023-09-13,Latin America,SMB,Organic Search
ACC01668,2023-09-13,Europe,SMB,Organic Search
ACC01669,2023-09-13,Europe,Mid-Market,Paid Social
ACC01670,2023-09-14,Europe,SMB,Partner
ACC01671,2023-09-14,Europe,Enterprise,Paid Social
ACC01672,2023-09-14,North America,Enterprise,Referral
ACC01673,2023-09-14,North America,SMB,Organic Search
ACC01674,2023-09-14,Latin America,Enterprise,Organic Search
ACC01675,2023-09-14,Latin America,Mid-Market,Organic Search
ACC01676,2023-09-15,India,Mid-Market,Referral
ACC01677,2023-09-15,Latin America,Enterprise,Paid Social
ACC01678,2023-09-15,North America,Mid-Market,Paid Social
ACC01679,2023-09-15,India,Mid-Market,Organic Search
ACC01680,2023-09-15,APAC,SMB,Partner
ACC01681,2023-09-15,North America,Mid-Market,Organic Search
ACC01682,2023-09-15,APAC,Mid-Market,Paid Social
ACC01683,2023-09-15,India,Mid-Market,Paid Social
ACC01684,2023-09-16,India,SMB,Organic Search
ACC01685,2023-09-16,APAC,SMB,Referral
ACC01686,2023-09-16,India,Mid-Market,Partner
ACC01687,2023-09-16,APAC,Enterprise,Referral
ACC01688,2023-09-16,North America,SMB,Referral
ACC01689,2023-09-17,APAC,SMB,Partner
ACC01690,2023-09-17,APAC,Enterprise,Paid Search
ACC01691,2023-09-17,North America,SMB,Referral
ACC01692,2023-09-17,APAC,SMB,Organic Search
ACC01693,2023-09-17,India,Mid-Market,Paid Search
ACC01694,2023-09-17,India,SMB,Paid Social
ACC01695,2023-09-17,North America,SMB,Paid Social
ACC01696,2023-09-17,Latin America,SMB,Paid Social
ACC01697,2023-09-18,APAC,Mid-Market,Paid Social
ACC01698,2023-09-18,APAC,Enterprise,Referral
ACC01699,2023-09-18,India,Mid-Market,Referral
ACC01700,2023-09-18,North America,SMB,Organic Search
ACC01701,2023-09-19,Europe,Mid-Market,Paid Social
ACC01702,2023-09-19,Latin America,SMB,Paid Social
ACC01703,2023-09-19,APAC,SMB,Referral
ACC01704,2023-09-20,North America,Mid-Market,Organic Search
ACC01705,2023-09-20,North America,SMB,Paid Search
ACC01706,2023-09-20,Europe,SMB,Referral
ACC01707,2023-09-20,India,Mid-Market,Referral
ACC01708,2023-09-20,North America,SMB,Paid Social
ACC01709,2023-09-20,APAC,Mid-Market,Referral
ACC01710,2023-09-21,APAC,SMB,Organic Search
ACC01711,2023-09-21,Europe,Mid-Market,Organic Search
ACC01712,2023-09-21,Europe,SMB,Referral
ACC01713,2023-09-21,APAC,SMB,Referral
ACC01714,2023-09-21,Latin America,SMB,Organic Search
ACC01715,2023-09-21,North America,Enterprise,Organic Search
ACC01716,2023-09-21,Europe,Mid-Market,Organic Search
ACC01717,2023-09-21,Europe,Mid-Market,Organic Search
ACC01718,2023-09-21,North America,Mid-Market,Paid Search
ACC01719,2023-09-22,India,Mid-Market,Referral
ACC01720,2023-09-22,North America,SMB,Paid Search
ACC01721,2023-09-22,India,SMB,Organic Search
ACC01722,2023-09-22,India,Mid-Market,Paid Search
ACC01723,2023-09-22,APAC,Enterprise,Paid Social
ACC01724,2023-09-23,APAC,SMB,Paid Search
ACC01725,2023-09-23,Europe,SMB,Paid Social
ACC01726,2023-09-23,Europe,Mid-Market,Partner
ACC01727,2023-09-23,North America,SMB,Organic Search
ACC01728,2023-09-23,Europe,SMB,Paid Social
ACC01729,2023-09-24,Europe,Enterprise,Paid Search
ACC01730,2023-09-24,North America,SMB,Organic Search
ACC01731,2023-09-24,Europe,SMB,Paid Social
ACC01732,2023-09-25,North America,SMB,Paid Social
ACC01733,2023-09-25,North America,SMB,Organic Search
ACC01734,2023-09-25,North America,Mid-Market,Organic Search
ACC01735,2023-09-25,North America,Mid-Market,Paid Search
ACC01736,2023-09-25,APAC,Mid-Market,Partner
ACC01737,2023-09-25,Europe,SMB,Organic Search
ACC01738,2023-09-26,Latin America,SMB,Organic Search
ACC01739,2023-09-26,Europe,Mid-Market,Organic Search
ACC01740,2023-09-26,North America,Mid-Market,Organic Search
ACC01741,2023-09-26,Latin America,SMB,Referral
ACC01742,2023-09-26,North America,SMB,Partner
ACC01743,2023-09-26,India,Mid-Market,Paid Search
ACC01744,2023-09-26,Latin America,Mid-Market,Partner
ACC01745,2023-09-27,Europe,Mid-Market,Referral
ACC01746,2023-09-27,India,SMB,Organic Search
ACC01747,2023-09-28,Europe,Mid-Market,Organic Search
ACC01748,2023-09-28,North America,Enterprise,Partner
ACC01749,2023-09-28,North America,SMB,Referral
ACC01750,2023-09-29,Europe,Mid-Market,Paid Search
ACC01751,2023-09-29,North America,Mid-Market,Partner
ACC01752,2023-09-29,North America,SMB,Partner
ACC01753,2023-09-29,North America,Enterprise,Organic Search
ACC01754,2023-09-29,APAC,Mid-Market,Paid Search
ACC01755,2023-09-29,APAC,SMB,Referral
ACC01756,2023-09-30,Latin America,SMB,Referral
ACC01757,2023-09-30,North America,SMB,Paid Search
ACC01758,2023-09-30,APAC,SMB,Partner
ACC01759,2023-09-30,Europe,SMB,Paid Search
ACC01760,2023-10-01,North America,SMB,Referral
ACC01761,2023-10-01,Europe,SMB,Paid Social
ACC01762,2023-10-01,North America,SMB,Referral
ACC01763,2023-10-01,North America,Mid-Market,Partner
ACC01764,2023-10-01,India,Mid-Market,Paid Search
ACC01765,2023-10-02,Europe,SMB,Paid Search
ACC01766,2023-10-02,Europe,SMB,Organic Search
ACC01767,2023-10-02,Europe,SMB,Organic Search
ACC01768,2023-10-03,North America,Mid-Market,Paid Social
ACC01769,2023-10-03,APAC,SMB,Paid Social
ACC01770,2023-10-03,North America,Mid-Market,Organic Search
ACC01771,2023-10-03,India,Mid-Market,Paid Social
ACC01772,2023-10-03,APAC,SMB,Partner
ACC01773,2023-10-03,North America,SMB,Organic Search
ACC01774,2023-10-03,North America,Enterprise,Organic Search
ACC01775,2023-10-04,APAC,SMB,Partner
ACC01776,2023-10-04,Latin America,SMB,Referral
ACC01777,2023-10-04,India,SMB,Paid Social
ACC01778,2023-10-04,APAC,Mid-Market,Referral
ACC01779,2023-10-04,Europe,SMB,Paid Search
ACC01780,2023-10-04,Latin America,Mid-Market,Paid Social
ACC01781,2023-10-04,North America,SMB,Referral
ACC01782,2023-10-04,APAC,Mid-Market,Paid Search
ACC01783,2023-10-05,India,SMB,Paid Social
ACC01784,2023-10-05,APAC,SMB,Partner
ACC01785,2023-10-05,APAC,SMB,Paid Social
ACC01786,2023-10-05,APAC,Mid-Market,Referral
ACC01787,2023-10-05,Europe,SMB,Paid Search
ACC01788,2023-10-05,North America,SMB,Paid Social
ACC01789,2023-10-05,North America,Enterprise,Paid Search
ACC01790,2023-10-05,Europe,SMB,Referral
ACC01791,2023-10-05,India,Mid-Market,Paid Search
ACC01792,2023-10-05,North America,SMB,Paid Social
ACC01793,2023-10-05,India,SMB,Paid Social
ACC01794,2023-10-05,APAC,Enterprise,Organic Search
ACC01795,2023-10-05,North America,SMB,Paid Search
ACC01796,2023-10-05,Europe,SMB,Partner
ACC01797,2023-10-06,India,SMB,Organic Search
ACC01798,2023-10-07,Latin America,SMB,Partner
ACC01799,2023-10-07,Europe,SMB,Organic Search
ACC01800,2023-10-07,India,SMB,Paid Search
ACC01801,2023-10-07,Latin America,SMB,Paid Social
ACC01802,2023-10-07,APAC,SMB,Referral
ACC01803,2023-10-08,Europe,Mid-Market,Partner
ACC01804,2023-10-08,Europe,SMB,Paid Social
ACC01805,2023-10-08,North America,SMB,Referral
ACC01806,2023-10-08,Europe,SMB,Paid Search
ACC01807,2023-10-08,APAC,Mid-Market,Organic Search
ACC01808,2023-10-08,Europe,SMB,Referral
ACC01809,2023-10-08,Europe,SMB,Organic Search
ACC01810,2023-10-08,North America,SMB,Paid Social
ACC01811,2023-10-09,APAC,SMB,Paid Search
ACC01812,2023-10-09,India,Mid-Market,Paid Search
ACC01813,2023-10-09,Latin America,Mid-Market,Paid Social
ACC01814,2023-10-09,North America,SMB,Referral
ACC01815,2023-10-09,Latin America,SMB,Paid Social
ACC01816,2023-10-10,North America,SMB,Organic Search
ACC01817,2023-10-10,North America,SMB,Paid Search
ACC01818,2023-10-10,North America,Enterprise,Paid Search
ACC01819,2023-10-10,North America,SMB,Paid Search
ACC01820,2023-10-10,India,Mid-Market,Referral
ACC01821,2023-10-10,North America,SMB,Organic Search
ACC01822,2023-10-10,North America,Mid-Market,Partner
ACC01823,2023-10-10,Europe,Mid-Market,Organic Search
ACC01824,2023-10-10,North America,Mid-Market,Paid Search
ACC01825,2023-10-11,North America,SMB,Paid Search
ACC01826,2023-10-11,North America,SMB,Organic Search
ACC01827,2023-10-11,APAC,SMB,Referral
ACC01828,2023-10-11,APAC,Mid-Market,Referral
ACC01829,2023-10-11,North America,SMB,Paid Search
ACC01830,2023-10-11,Europe,Mid-Market,Organic Search
ACC01831,2023-10-11,North America,Mid-Market,Partner
ACC01832,2023-10-12,APAC,SMB,Organic Search
ACC01833,2023-10-12,India,Mid-Market,Paid Social
ACC01834,2023-10-12,Latin America,SMB,Partner
ACC01835,2023-10-12,Latin America,Mid-Market,Organic Search
ACC01836,2023-10-12,North America,Enterprise,Referral
ACC01837,2023-10-13,Europe,Enterprise,Referral
ACC01838,2023-10-13,Europe,Mid-Market,Paid Social
ACC01839,2023-10-13,Europe,SMB,Referral
ACC01840,2023-10-13,APAC,SMB,Organic Search
ACC01841,2023-10-13,North America,SMB,Referral
ACC01842,2023-10-13,India,SMB,Organic Search
ACC01843,2023-10-13,Europe,SMB,Paid Search
ACC01844,2023-10-14,Europe,SMB,Referral
ACC01845,2023-10-14,Latin America,Mid-Market,Partner
ACC01846,2023-10-14,Latin America,SMB,Paid Social
ACC01847,2023-10-14,Europe,SMB,Paid Social
ACC01848,2023-10-14,North America,SMB,Organic Search
ACC01849,2023-10-14,Europe,SMB,Organic Search
ACC01850,2023-10-14,Latin America,SMB,Paid Search
ACC01851,2023-10-15,North America,Mid-Market,Paid Social
ACC01852,2023-10-15,India,Enterprise,Paid Social
ACC01853,2023-10-15,North America,Enterprise,Paid Search
ACC01854,2023-10-15,APAC,SMB,Paid Search
ACC01855,2023-10-15,Europe,SMB,Paid Search
ACC01856,2023-10-15,North America,Mid-Market,Referral
ACC01857,2023-10-16,India,SMB,Paid Social
ACC01858,2023-10-16,India,SMB,Organic Search
ACC01859,2023-10-16,Europe,SMB,Partner
ACC01860,2023-10-16,APAC,SMB,Paid Social
ACC01861,2023-10-16,North America,SMB,Partner
ACC01862,2023-10-17,North America,Mid-Market,Organic Search
ACC01863,2023-10-17,Europe,Enterprise,Organic Search
ACC01864,2023-10-17,Europe,Enterprise,Organic Search
ACC01865,2023-10-17,Europe,SMB,Paid Search
ACC01866,2023-10-17,APAC,Enterprise,Organic Search
ACC01867,2023-10-17,North America,Enterprise,Paid Search
ACC01868,2023-10-18,Europe,SMB,Referral
ACC01869,2023-10-18,India,SMB,Organic Search
ACC01870,2023-10-18,Europe,SMB,Organic Search
ACC01871,2023-10-18,North America,SMB,Partner
ACC01872,2023-10-18,North America,Mid-Market,Paid Social
ACC01873,2023-10-18,North America,Mid-Market,Paid Social
ACC01874,2023-10-18,India,SMB,Organic Search
ACC01875,2023-10-18,Europe,Mid-Market,Referral
ACC01876,2023-10-18,APAC,Mid-Market,Paid Social
ACC01877,2023-10-19,North America,Enterprise,Partner
ACC01878,2023-10-19,India,SMB,Referral
ACC01879,2023-10-19,APAC,Enterprise,Paid Search
ACC01880,2023-10-20,APAC,SMB,Paid Search
ACC01881,2023-10-20,North America,Mid-Market,Paid Social
ACC01882,2023-10-20,Europe,SMB,Paid Search
ACC01883,2023-10-20,Europe,SMB,Referral
ACC01884,2023-10-20,APAC,SMB,Paid Social
ACC01885,2023-10-20,North America,SMB,Paid Search
ACC01886,2023-10-20,Europe,Enterprise,Paid Social
ACC01887,2023-10-20,Europe,Enterprise,Paid Search
ACC01888,2023-10-20,APAC,Enterprise,Paid Search
ACC01889,2023-10-20,Latin America,Enterprise,Referral
ACC01890,2023-10-21,North America,Mid-Market,Paid Search
ACC01891,2023-10-21,North America,Mid-Market,Paid Social
ACC01892,2023-10-21,North America,SMB,Paid Social
ACC01893,2023-10-21,India,SMB,Organic Search
ACC01894,2023-10-21,Europe,SMB,Organic Search
ACC01895,2023-10-21,North America,Mid-Market,Paid Social
ACC01896,2023-10-22,Latin America,SMB,Organic Search
ACC01897,2023-10-22,North America,Mid-Market,Paid Social
ACC01898,2023-10-22,India,Mid-Market,Organic Search
ACC01899,2023-10-22,Europe,SMB,Referral
ACC01900,2023-10-22,Latin America,SMB,Referral
ACC01901,2023-10-23,APAC,SMB,Paid Social
ACC01902,2023-10-23,Europe,SMB,Organic Search
ACC01903,2023-10-23,APAC,Mid-Market,Organic Search
ACC01904,2023-10-23,Europe,SMB,Paid Search
ACC01905,2023-10-23,Latin America,Mid-Market,Organic Search
ACC01906,2023-10-23,India,SMB,Organic Search
ACC01907,2023-10-23,Europe,SMB,Paid Social
ACC01908,2023-10-23,India,Enterprise,Paid Social
ACC01909,2023-10-24,North America,SMB,Paid Social
ACC01910,2023-10-24,North America,SMB,Paid Search
ACC01911,2023-10-24,North America,SMB,Paid Search
ACC01912,2023-10-24,North America,SMB,Paid Social
ACC01913,2023-10-24,Europe,SMB,Paid Social
ACC01914,2023-10-25,North America,Mid-Market,Paid Social
ACC01915,2023-10-25,Europe,SMB,Organic Search
ACC01916,2023-10-25,Europe,SMB,Paid Search
ACC01917,2023-10-26,North America,SMB,Organic Search
ACC01918,2023-10-26,India,SMB,Paid Social
ACC01919,2023-10-26,APAC,SMB,Paid Social
ACC01920,2023-10-26,North America,Enterprise,Organic Search
ACC01921,2023-10-26,North America,SMB,Paid Search
ACC01922,2023-10-26,North America,SMB,Referral
ACC01923,2023-10-26,Europe,Mid-Market,Partner
ACC01924,2023-10-27,North America,SMB,Organic Search
ACC01925,2023-10-27,APAC,SMB,Organic Search
ACC01926,2023-10-27,North America,SMB,Organic Search
ACC01927,2023-10-27,North America,Enterprise,Paid Social
ACC01928,2023-10-27,North America,Mid-Market,Referral
ACC01929,2023-10-27,North America,SMB,Paid Search
ACC01930,2023-10-27,India,Mid-Market,Organic Search
ACC01931,2023-10-27,North America,SMB,Referral
ACC01932,2023-10-27,North America,Mid-Market,Paid Social
ACC01933,2023-10-27,North America,Mid-Market,Paid Search
ACC01934,2023-10-27,North America,Mid-Market,Paid Search
ACC01935,2023-10-27,Latin America,Mid-Market,Paid Search
ACC01936,2023-10-27,North America,SMB,Referral
ACC01937,2023-10-27,Latin America,SMB,Paid Social
ACC01938,2023-10-27,Latin America,Mid-Market,Referral
ACC01939,2023-10-27,Europe,SMB,Organic Search
ACC01940,2023-10-28,Europe,Mid-Market,Organic Search
ACC01941,2023-10-28,Europe,SMB,Organic Search
ACC01942,2023-10-28,APAC,SMB,Referral
ACC01943,2023-10-28,North America,SMB,Paid Search
ACC01944,2023-10-28,Europe,SMB,Partner
ACC01945,2023-10-28,India,SMB,Referral
ACC01946,2023-10-29,Europe,SMB,Organic Search
ACC01947,2023-10-29,India,Mid-Market,Referral
ACC01948,2023-10-29,North America,SMB,Paid Social
ACC01949,2023-10-29,APAC,Enterprise,Referral
ACC01950,2023-10-29,India,SMB,Partner
ACC01951,2023-10-30,Latin America,SMB,Organic Search
ACC01952,2023-10-30,Europe,Mid-Market,Paid Search
ACC01953,2023-10-30,North America,SMB,Referral
ACC01954,2023-10-30,North America,Mid-Market,Referral
ACC01955,2023-10-30,Europe,SMB,Paid Search
ACC01956,2023-10-31,Europe,SMB,Paid Social
ACC01957,2023-10-31,North America,SMB,Partner
ACC01958,2023-10-31,India,SMB,Paid Social
ACC01959,2023-10-31,Europe,Mid-Market,Paid Social
ACC01960,2023-10-31,Europe,SMB,Organic Search
ACC01961,2023-10-31,Europe,SMB,Organic Search
ACC01962,2023-11-01,North America,Mid-Market,Paid Search
ACC01963,2023-11-01,North America,Mid-Market,Paid Social
ACC01964,2023-11-01,India,SMB,Paid Social
ACC01965,2023-11-01,Latin America,SMB,Paid Social
ACC01966,2023-11-01,Europe,SMB,Paid Search
ACC01967,2023-11-01,APAC,SMB,Partner
ACC01968,2023-11-02,Europe,Enterprise,Paid Search
ACC01969,2023-11-02,Europe,SMB,Referral
ACC01970,2023-11-02,India,SMB,Organic Search
ACC01971,2023-11-02,APAC,Mid-Market,Referral
ACC01972,2023-11-03,North America,Mid-Market,Organic Search
ACC01973,2023-11-03,Europe,SMB,Paid Search
ACC01974,2023-11-03,North America,SMB,Paid Search
ACC01975,2023-11-03,Europe,SMB,Referral
ACC01976,2023-11-03,APAC,SMB,Organic Search
ACC01977,2023-11-03,APAC,SMB,Partner
ACC01978,2023-11-03,India,Mid-Market,Partner
ACC01979,2023-11-03,North America,Mid-Market,Organic Search
ACC01980,2023-11-03,India,SMB,Referral
ACC01981,2023-11-03,North America,SMB,Paid Social
ACC01982,2023-11-04,North America,SMB,Referral
ACC01983,2023-11-04,Europe,Mid-Market,Paid Search
ACC01984,2023-11-04,North America,Mid-Market,Paid Search
ACC01985,2023-11-04,Europe,Mid-Market,Organic Search
ACC01986,2023-11-04,Europe,SMB,Organic Search
ACC01987,2023-11-04,APAC,SMB,Partner
ACC01988,2023-11-05,Europe,SMB,Organic Search
ACC01989,2023-11-05,Latin America,SMB,Organic Search
ACC01990,2023-11-05,India,Enterprise,Referral
ACC01991,2023-11-05,Latin America,SMB,Referral
ACC01992,2023-11-05,India,Mid-Market,Organic Search
ACC01993,2023-11-05,North America,Enterprise,Referral
ACC01994,2023-11-06,North America,SMB,Partner
ACC01995,2023-11-07,North America,SMB,Paid Social
ACC01996,2023-11-07,North America,Enterprise,Referral
ACC01997,2023-11-07,APAC,Enterprise,Partner
ACC01998,2023-11-07,Latin America,SMB,Paid Social
ACC01999,2023-11-07,Europe,Enterprise,Referral
ACC02000,2023-11-07,APAC,Mid-Market,Referral
ACC02001,2023-11-07,Europe,SMB,Paid Search
ACC02002,2023-11-07,Latin America,SMB,Referral
ACC02003,2023-11-07,Latin America,SMB,Organic Search
ACC02004,2023-11-07,North America,SMB,Paid Social
ACC02005,2023-11-07,APAC,SMB,Paid Social
ACC02006,2023-11-08,APAC,SMB,Partner
ACC02007,2023-11-08,India,Enterprise,Paid Search
ACC02008,2023-11-08,APAC,Enterprise,Organic Search
ACC02009,2023-11-08,North America,SMB,Organic Search
ACC02010,2023-11-08,APAC,SMB,Referral
ACC02011,2023-11-08,Europe,Mid-Market,Organic Search
ACC02012,2023-11-08,Europe,Mid-Market,Paid Search
ACC02013,2023-11-09,Europe,SMB,Paid Search
ACC02014,2023-11-09,North America,SMB,Paid Social
ACC02015,2023-11-09,APAC,Mid-Market,Paid Social
ACC02016,2023-11-09,India,SMB,Organic Search
ACC02017,2023-11-09,North America,Mid-Market,Paid Search
ACC02018,2023-11-09,North America,SMB,Paid Social
ACC02019,2023-11-09,North America,SMB,Paid Search
ACC02020,2023-11-10,Europe,SMB,Paid Search
ACC02021,2023-11-10,North America,Enterprise,Organic Search
ACC02022,2023-11-10,Latin America,SMB,Referral
ACC02023,2023-11-10,India,SMB,Referral
ACC02024,2023-11-10,Latin America,Mid-Market,Paid Social
ACC02025,2023-11-10,APAC,SMB,Paid Search
ACC02026,2023-11-10,North America,Mid-Market,Partner
ACC02027,2023-11-10,APAC,Mid-Market,Paid Search
ACC02028,2023-11-10,Latin America,Mid-Market,Partner
ACC02029,2023-11-10,India,SMB,Paid Search
ACC02030,2023-11-11,APAC,SMB,Organic Search
ACC02031,2023-11-11,Latin America,Mid-Market,Organic Search
ACC02032,2023-11-11,North America,Mid-Market,Partner
ACC02033,2023-11-11,APAC,SMB,Paid Social
ACC02034,2023-11-11,North America,Mid-Market,Paid Social
ACC02035,2023-11-11,North America,SMB,Organic Search
ACC02036,2023-11-11,Europe,SMB,Organic Search
ACC02037,2023-11-12,Europe,Enterprise,Paid Search
ACC02038,2023-11-12,APAC,Enterprise,Organic Search
ACC02039,2023-11-12,APAC,SMB,Organic Search
ACC02040,2023-11-12,India,SMB,Referral
ACC02041,2023-11-12,Latin America,Enterprise,Paid Search
ACC02042,2023-11-13,Europe,Enterprise,Paid Search
ACC02043,2023-11-13,North America,SMB,Referral
ACC02044,2023-11-13,Europe,SMB,Referral
ACC02045,2023-11-13,North America,SMB,Organic Search
ACC02046,2023-11-13,APAC,SMB,Partner
ACC02047,2023-11-14,North America,SMB,Paid Search
ACC02048,2023-11-14,APAC,Mid-Market,Paid Search
ACC02049,2023-11-14,North America,SMB,Organic Search
ACC02050,2023-11-14,North America,Mid-Market,Partner
ACC02051,2023-11-14,North America,SMB,Organic Search
ACC02052,2023-11-14,APAC,SMB,Paid Search
ACC02053,2023-11-14,Europe,SMB,Paid Search
ACC02054,2023-11-14,North America,SMB,Partner
ACC02055,2023-11-15,North America,SMB,Paid Social
ACC02056,2023-11-15,North America,SMB,Referral
ACC02057,2023-11-15,North America,SMB,Partner
ACC02058,2023-11-15,APAC,SMB,Organic Search
ACC02059,2023-11-16,Europe,SMB,Organic Search
ACC02060,2023-11-16,APAC,SMB,Referral
ACC02061,2023-11-16,India,Mid-Market,Organic Search
ACC02062,2023-11-16,Europe,SMB,Paid Search
ACC02063,2023-11-16,Europe,Enterprise,Referral
ACC02064,2023-11-16,India,Mid-Market,Referral
ACC02065,2023-11-16,North America,Mid-Market,Partner
ACC02066,2023-11-17,Latin America,SMB,Partner
ACC02067,2023-11-17,India,Mid-Market,Organic Search
ACC02068,2023-11-17,India,Mid-Market,Paid Search
ACC02069,2023-11-17,APAC,Mid-Market,Paid Social
ACC02070,2023-11-17,Latin America,Mid-Market,Referral
ACC02071,2023-11-17,Latin America,Mid-Market,Partner
ACC02072,2023-11-17,Latin America,SMB,Partner
ACC02073,2023-11-17,Europe,Mid-Market,Referral
ACC02074,2023-11-18,North America,SMB,Partner
ACC02075,2023-11-18,North America,SMB,Paid Social
ACC02076,2023-11-18,India,SMB,Paid Social
ACC02077,2023-11-18,Europe,Enterprise,Paid Social
ACC02078,2023-11-19,North America,SMB,Partner
ACC02079,2023-11-19,North America,Mid-Market,Referral
ACC02080,2023-11-19,India,Mid-Market,Organic Search
ACC02081,2023-11-19,India,SMB,Referral
ACC02082,2023-11-19,North America,Mid-Market,Paid Social
ACC02083,2023-11-20,North America,SMB,Paid Social
ACC02084,2023-11-20,APAC,Mid-Market,Organic Search
ACC02085,2023-11-20,APAC,SMB,Organic Search
ACC02086,2023-11-20,APAC,SMB,Organic Search
ACC02087,2023-11-21,India,SMB,Referral
ACC02088,2023-11-21,India,SMB,Paid Social
ACC02089,2023-11-21,APAC,Mid-Market,Partner
ACC02090,2023-11-21,North America,Mid-Market,Paid Search
ACC02091,2023-11-22,India,SMB,Paid Social
ACC02092,2023-11-22,APAC,Mid-Market,Paid Search
ACC02093,2023-11-22,North America,SMB,Partner
ACC02094,2023-11-22,North America,SMB,Paid Social
ACC02095,2023-11-22,APAC,SMB,Referral
ACC02096,2023-11-22,Latin America,Mid-Market,Organic Search
ACC02097,2023-11-23,North America,SMB,Paid Search
ACC02098,2023-11-23,APAC,Mid-Market,Organic Search
ACC02099,2023-11-23,Latin America,Mid-Market,Organic Search
ACC02100,2023-11-23,North America,SMB,Paid Social
ACC02101,2023-11-24,North America,SMB,Paid Social
ACC02102,2023-11-24,APAC,Mid-Market,Paid Search
ACC02103,2023-11-24,Europe,Mid-Market,Referral
ACC02104,2023-11-24,North America,SMB,Referral
ACC02105,2023-11-24,India,SMB,Organic Search
ACC02106,2023-11-25,North America,SMB,Paid Search
ACC02107,2023-11-25,Europe,SMB,Paid Search
ACC02108,2023-11-25,North America,Mid-Market,Paid Social
ACC02109,2023-11-25,North America,SMB,Organic Search
ACC02110,2023-11-25,APAC,SMB,Paid Search
ACC02111,2023-11-26,APAC,Mid-Market,Paid Social
ACC02112,2023-11-26,North America,SMB,Referral
ACC02113,2023-11-26,APAC,Enterprise,Paid Search
ACC02114,2023-11-26,North America,SMB,Paid Social
ACC02115,2023-11-27,Latin America,Mid-Market,Organic Search
ACC02116,2023-11-27,APAC,Mid-Market,Organic Search
ACC02117,2023-11-27,Europe,SMB,Referral
ACC02118,2023-11-28,India,SMB,Organic Search
ACC02119,2023-11-28,North America,SMB,Referral
ACC02120,2023-11-28,North America,SMB,Paid Social
ACC02121,2023-11-28,India,Mid-Market,Partner
ACC02122,2023-11-28,APAC,SMB,Organic Search
ACC02123,2023-11-28,Latin America,Mid-Market,Paid Social
ACC02124,2023-11-29,APAC,Mid-Market,Organic Search
ACC02125,2023-11-29,Latin America,Mid-Market,Paid Social
ACC02126,2023-11-29,APAC,Mid-Market,Organic Search
ACC02127,2023-11-29,North America,SMB,Referral
ACC02128,2023-11-29,Europe,SMB,Paid Search
ACC02129,2023-11-29,Europe,Enterprise,Paid Social
ACC02130,2023-11-30,APAC,Enterprise,Paid Social
ACC02131,2023-11-30,India,Mid-Market,Organic Search
ACC02132,2023-11-30,North America,SMB,Paid Search
ACC02133,2023-11-30,North America,Mid-Market,Paid Social
ACC02134,2023-11-30,North America,Enterprise,Organic Search
ACC02135,2023-11-30,APAC,Enterprise,Organic Search
ACC02136,2023-12-01,Latin America,Enterprise,Paid Social
ACC02137,2023-12-01,North America,Enterprise,Organic Search
ACC02138,2023-12-01,India,SMB,Referral
ACC02139,2023-12-01,North America,SMB,Organic Search
ACC02140,2023-12-01,North America,SMB,Referral
ACC02141,2023-12-01,Europe,SMB,Paid Search
ACC02142,2023-12-01,North America,Mid-Market,Organic Search
ACC02143,2023-12-01,North America,SMB,Paid Search
ACC02144,2023-12-01,North America,SMB,Paid Social
ACC02145,2023-12-01,APAC,Mid-Market,Organic Search
ACC02146,2023-12-02,Latin America,Mid-Market,Paid Social
ACC02147,2023-12-02,North America,Mid-Market,Organic Search
ACC02148,2023-12-02,North America,SMB,Referral
ACC02149,2023-12-02,India,SMB,Paid Search
ACC02150,2023-12-02,Europe,Enterprise,Partner
ACC02151,2023-12-02,India,SMB,Partner
ACC02152,2023-12-02,Europe,Mid-Market,Partner
ACC02153,2023-12-02,North America,Mid-Market,Paid Social
ACC02154,2023-12-02,North America,Mid-Market,Referral
ACC02155,2023-12-02,North America,Mid-Market,Paid Search
ACC02156,2023-12-02,Europe,Mid-Market,Organic Search
ACC02157,2023-12-03,North America,Enterprise,Paid Search
ACC02158,2023-12-03,APAC,Mid-Market,Paid Social
ACC02159,2023-12-03,North America,SMB,Organic Search
ACC02160,2023-12-03,Europe,SMB,Paid Search
ACC02161,2023-12-03,Europe,SMB,Paid Search
ACC02162,2023-12-03,North America,SMB,Referral
ACC02163,2023-12-03,Europe,Mid-Market,Paid Social
ACC02164,2023-12-04,APAC,SMB,Paid Social
ACC02165,2023-12-04,India,Mid-Market,Paid Social
ACC02166,2023-12-04,Europe,Enterprise,Paid Search
ACC02167,2023-12-04,India,Mid-Market,Paid Social
ACC02168,2023-12-04,Europe,Mid-Market,Partner
ACC02169,2023-12-04,North America,SMB,Organic Search
ACC02170,2023-12-04,APAC,SMB,Paid Social
ACC02171,2023-12-04,Europe,SMB,Paid Search
ACC02172,2023-12-04,Latin America,Mid-Market,Organic Search
ACC02173,2023-12-04,APAC,SMB,Paid Search
ACC02174,2023-12-04,APAC,Mid-Market,Partner
ACC02175,2023-12-04,APAC,Mid-Market,Paid Social
ACC02176,2023-12-05,Europe,Enterprise,Paid Social
ACC02177,2023-12-05,Europe,Mid-Market,Paid Social
ACC02178,2023-12-05,India,Mid-Market,Paid Search
ACC02179,2023-12-05,Latin America,SMB,Referral
ACC02180,2023-12-05,Latin America,SMB,Organic Search
ACC02181,2023-12-05,North America,Enterprise,Paid Social
ACC02182,2023-12-05,North America,SMB,Referral
ACC02183,2023-12-06,APAC,SMB,Partner
ACC02184,2023-12-06,Europe,Mid-Market,Partner
ACC02185,2023-12-06,Europe,SMB,Paid Social
ACC02186,2023-12-06,North America,SMB,Paid Social
ACC02187,2023-12-06,India,SMB,Referral
ACC02188,2023-12-06,Europe,SMB,Referral
ACC02189,2023-12-07,APAC,SMB,Paid Search
ACC02190,2023-12-07,North America,SMB,Organic Search
ACC02191,2023-12-07,APAC,SMB,Referral
ACC02192,2023-12-07,North America,Mid-Market,Paid Social
ACC02193,2023-12-07,North America,Mid-Market,Paid Search
ACC02194,2023-12-07,India,Enterprise,Organic Search
ACC02195,2023-12-07,Europe,SMB,Referral
ACC02196,2023-12-07,Europe,SMB,Organic Search
ACC02197,2023-12-07,Europe,SMB,Paid Social
ACC02198,2023-12-07,North America,Mid-Market,Organic Search
ACC02199,2023-12-08,APAC,SMB,Partner
ACC02200,2023-12-08,Latin America,SMB,Paid Search
ACC02201,2023-12-08,Europe,SMB,Paid Social
ACC02202,2023-12-08,Europe,SMB,Paid Social
ACC02203,2023-12-08,North America,Enterprise,Partner
ACC02204,2023-12-08,North America,Mid-Market,Paid Social
ACC02205,2023-12-08,India,SMB,Partner
ACC02206,2023-12-08,North America,SMB,Partner
ACC02207,2023-12-08,India,Mid-Market,Organic Search
ACC02208,2023-12-08,Europe,Mid-Market,Organic Search
ACC02209,2023-12-09,North America,SMB,Paid Social
ACC02210,2023-12-09,APAC,SMB,Paid Search
ACC02211,2023-12-09,Latin America,SMB,Referral
ACC02212,2023-12-09,North America,SMB,Referral
ACC02213,2023-12-09,North America,SMB,Paid Search
ACC02214,2023-12-09,Europe,SMB,Paid Search
ACC02215,2023-12-10,North America,SMB,Organic Search
ACC02216,2023-12-10,North America,SMB,Referral
ACC02217,2023-12-10,APAC,Mid-Market,Partner
ACC02218,2023-12-10,India,SMB,Paid Search
ACC02219,2023-12-10,APAC,Mid-Market,Paid Social
ACC02220,2023-12-10,Europe,Mid-Market,Partner
ACC02221,2023-12-10,North America,Enterprise,Organic Search
ACC02222,2023-12-11,Latin America,Enterprise,Referral
ACC02223,2023-12-11,North America,Mid-Market,Paid Social
ACC02224,2023-12-11,Latin America,SMB,Paid Social
ACC02225,2023-12-11,Europe,SMB,Partner
ACC02226,2023-12-11,Latin America,SMB,Partner
ACC02227,2023-12-11,APAC,SMB,Organic Search
ACC02228,2023-12-11,India,SMB,Organic Search
ACC02229,2023-12-11,Europe,SMB,Paid Search
ACC02230,2023-12-12,APAC,SMB,Organic Search
ACC02231,2023-12-12,India,Mid-Market,Paid Social
ACC02232,2023-12-12,North America,SMB,Paid Social
ACC02233,2023-12-12,Latin America,Mid-Market,Partner
ACC02234,2023-12-12,North America,Mid-Market,Referral
ACC02235,2023-12-12,Europe,Mid-Market,Paid Search
ACC02236,2023-12-13,North America,Mid-Market,Organic Search
ACC02237,2023-12-13,North America,Mid-Market,Paid Social
ACC02238,2023-12-13,North America,Mid-Market,Organic Search
ACC02239,2023-12-13,Europe,SMB,Partner
ACC02240,2023-12-13,India,SMB,Paid Search
ACC02241,2023-12-13,India,SMB,Paid Social
ACC02242,2023-12-14,North America,SMB,Paid Search
ACC02243,2023-12-14,North America,SMB,Organic Search
ACC02244,2023-12-14,North America,Enterprise,Referral
ACC02245,2023-12-14,India,SMB,Paid Social
ACC02246,2023-12-14,North America,SMB,Organic Search
ACC02247,2023-12-14,India,SMB,Organic Search
ACC02248,2023-12-14,Europe,SMB,Paid Search
ACC02249,2023-12-15,Latin America,SMB,Partner
ACC02250,2023-12-15,Latin America,SMB,Partner
ACC02251,2023-12-16,APAC,SMB,Paid Search
ACC02252,2023-12-16,North America,Mid-Market,Paid Social
ACC02253,2023-12-17,North America,Mid-Market,Paid Search
ACC02254,2023-12-17,India,SMB,Organic Search
ACC02255,2023-12-17,North America,SMB,Paid Social
ACC02256,2023-12-17,North America,Mid-Market,Organic Search
ACC02257,2023-12-17,North America,SMB,Referral
ACC02258,2023-12-17,Europe,Mid-Market,Paid Social
ACC02259,2023-12-17,North America,SMB,Partner
ACC02260,2023-12-17,Europe,SMB,Referral
ACC02261,2023-12-17,North America,SMB,Referral
ACC02262,2023-12-18,India,SMB,Organic Search
ACC02263,2023-12-18,APAC,Mid-Market,Organic Search
ACC02264,2023-12-18,India,SMB,Organic Search
ACC02265,2023-12-18,Latin America,Mid-Market,Paid Social
ACC02266,2023-12-18,India,SMB,Partner
ACC02267,2023-12-19,North America,SMB,Partner
ACC02268,2023-12-19,India,Mid-Market,Paid Search
ACC02269,2023-12-19,North America,SMB,Referral
ACC02270,2023-12-19,Europe,SMB,Organic Search
ACC02271,2023-12-19,Latin America,SMB,Referral
ACC02272,2023-12-19,APAC,SMB,Partner
ACC02273,2023-12-20,Europe,SMB,Partner
ACC02274,2023-12-20,APAC,SMB,Organic Search
ACC02275,2023-12-20,North America,SMB,Paid Search
ACC02276,2023-12-21,APAC,SMB,Partner
ACC02277,2023-12-21,North America,Mid-Market,Referral
ACC02278,2023-12-21,APAC,Mid-Market,Paid Social
ACC02279,2023-12-21,North America,Mid-Market,Referral
ACC02280,2023-12-22,APAC,SMB,Paid Search
ACC02281,2023-12-22,India,SMB,Paid Search
ACC02282,2023-12-22,India,Enterprise,Paid Social
ACC02283,2023-12-22,Europe,SMB,Partner
ACC02284,2023-12-22,APAC,SMB,Paid Search
ACC02285,2023-12-22,Europe,SMB,Paid Search
ACC02286,2023-12-23,North America,SMB,Paid Search
ACC02287,2023-12-23,Europe,Mid-Market,Paid Social
ACC02288,2023-12-23,APAC,SMB,Organic Search
ACC02289,2023-12-23,Europe,Mid-Market,Organic Search
ACC02290,2023-12-23,North America,SMB,Paid Social
ACC02291,2023-12-23,India,Enterprise,Organic Search
ACC02292,2023-12-23,North America,Enterprise,Partner
ACC02293,2023-12-23,APAC,Mid-Market,Organic Search
ACC02294,2023-12-23,APAC,Mid-Market,Partner
ACC02295,2023-12-23,APAC,Enterprise,Paid Social
ACC02296,2023-12-23,North America,SMB,Referral
ACC02297,2023-12-23,APAC,SMB,Paid Search
ACC02298,2023-12-23,Europe,Enterprise,Partner
ACC02299,2023-12-23,North America,SMB,Organic Search
ACC02300,2023-12-24,Europe,SMB,Paid Search
ACC02301,2023-12-24,North America,SMB,Paid Search
ACC02302,2023-12-24,Europe,SMB,Paid Search
ACC02303,2023-12-24,North America,Mid-Market,Paid Social
ACC02304,2023-12-24,APAC,SMB,Paid Search
ACC02305,2023-12-24,Europe,SMB,Paid Search
ACC02306,2023-12-24,Europe,SMB,Referral
ACC02307,2023-12-25,APAC,SMB,Paid Search
ACC02308,2023-12-25,India,SMB,Paid Search
ACC02309,2023-12-25,Europe,Mid-Market,Organic Search
ACC02310,2023-12-25,North America,SMB,Organic Search
ACC02311,2023-12-25,India,Mid-Market,Partner
ACC02312,2023-12-25,Europe,SMB,Referral
ACC02313,2023-12-25,APAC,Mid-Market,Organic Search
ACC02314,2023-12-25,Latin America,Mid-Market,Referral
ACC02315,2023-12-25,North America,Mid-Market,Partner
ACC02316,2023-12-25,APAC,SMB,Paid Search
ACC02317,2023-12-25,APAC,SMB,Organic Search
ACC02318,2023-12-25,India,Mid-Market,Referral
ACC02319,2023-12-26,APAC,SMB,Partner
ACC02320,2023-12-26,Europe,SMB,Paid Search
ACC02321,2023-12-26,Europe,Mid-Market,Paid Search
ACC02322,2023-12-26,North America,SMB,Referral
ACC02323,2023-12-26,North America,SMB,Referral
ACC02324,2023-12-26,Europe,Enterprise,Referral
ACC02325,2023-12-27,APAC,SMB,Paid Social
ACC02326,2023-12-27,APAC,Mid-Market,Paid Social
ACC02327,2023-12-27,India,Mid-Market,Organic Search
ACC02328,2023-12-27,Europe,SMB,Paid Search
ACC02329,2023-12-27,APAC,SMB,Organic Search
ACC02330,2023-12-27,North America,SMB,Paid Search
ACC02331,2023-12-27,North America,SMB,Paid Search
ACC02332,2023-12-28,India,Enterprise,Partner
ACC02333,2023-12-28,India,SMB,Paid Search
ACC02334,2023-12-28,APAC,SMB,Organic Search
ACC02335,2023-12-29,APAC,Enterprise,Organic Search
ACC02336,2023-12-29,Europe,SMB,Partner
ACC02337,2023-12-29,India,Mid-Market,Referral
ACC02338,2023-12-29,APAC,SMB,Organic Search
ACC02339,2023-12-29,North America,Enterprise,Paid Social
ACC02340,2023-12-29,North America,SMB,Referral
ACC02341,2023-12-29,India,Mid-Market,Referral
ACC02342,2023-12-29,North America,Mid-Market,Partner
ACC02343,2023-12-29,APAC,Enterprise,Paid Social
ACC02344,2023-12-29,APAC,Enterprise,Referral
ACC02345,2023-12-30,Europe,Enterprise,Paid Social
ACC02346,2023-12-30,India,SMB,Paid Search
ACC02347,2023-12-30,Latin America,Mid-Market,Referral
ACC02348,2023-12-30,North America,SMB,Paid Search
ACC02349,2023-12-30,North America,Mid-Market,Referral
ACC02350,2023-12-30,North America,Mid-Market,Referral
ACC02351,2023-12-31,Europe,Mid-Market,Paid Social
ACC02352,2023-12-31,India,Mid-Market,Paid Search
ACC02353,2023-12-31,APAC,Mid-Market,Paid Social
ACC02354,2023-12-31,APAC,Mid-Market,Organic Search
ACC02355,2023-12-31,India,Enterprise,Paid Search
ACC02356,2023-12-31,North America,Mid-Market,Partner
ACC02357,2023-12-31,India,SMB,Partner
ACC02358,2023-12-31,Latin America,Mid-Market,Paid Search
ACC02359,2023-12-31,APAC,SMB,Referral
ACC02360,2023-12-31,Europe,Enterprise,Paid Social
ACC02361,2024-01-01,North America,SMB,Partner
ACC02362,2024-01-01,Europe,Enterprise,Paid Search
ACC02363,2024-01-01,North America,SMB,Paid Search
ACC02364,2024-01-01,Europe,SMB,Paid Social
ACC02365,2024-01-02,North America,SMB,Referral
ACC02366,2024-01-02,APAC,Mid-Market,Paid Search
ACC02367,2024-01-02,APAC,SMB,Paid Search
ACC02368,2024-01-02,North America,SMB,Paid Search
ACC02369,2024-01-03,India,SMB,Paid Search
ACC02370,2024-01-03,Europe,SMB,Organic Search
ACC02371,2024-01-03,India,SMB,Partner
ACC02372,2024-01-03,Europe,SMB,Paid Social
ACC02373,2024-01-03,APAC,Enterprise,Organic Search
ACC02374,2024-01-04,North America,SMB,Partner
ACC02375,2024-01-04,Europe,Mid-Market,Paid Search
ACC02376,2024-01-04,North America,SMB,Paid Search
ACC02377,2024-01-04,India,SMB,Referral
ACC02378,2024-01-05,North America,Mid-Market,Referral
ACC02379,2024-01-05,North America,Mid-Market,Referral
ACC02380,2024-01-05,India,SMB,Paid Search
ACC02381,2024-01-05,North America,SMB,Organic Search
ACC02382,2024-01-05,North America,SMB,Paid Social
ACC02383,2024-01-05,India,SMB,Organic Search
ACC02384,2024-01-05,North America,Mid-Market,Organic Search
ACC02385,2024-01-05,APAC,SMB,Organic Search
ACC02386,2024-01-05,APAC,SMB,Paid Social
ACC02387,2024-01-05,APAC,Mid-Market,Referral
ACC02388,2024-01-05,Europe,Mid-Market,Referral
ACC02389,2024-01-05,North America,Enterprise,Organic Search
ACC02390,2024-01-06,India,Mid-Market,Partner
ACC02391,2024-01-06,North America,Mid-Market,Partner
ACC02392,2024-01-06,India,SMB,Paid Search
ACC02393,2024-01-06,Europe,Mid-Market,Referral
ACC02394,2024-01-06,Latin America,Mid-Market,Organic Search
ACC02395,2024-01-06,North America,SMB,Organic Search
ACC02396,2024-01-07,India,SMB,Referral
ACC02397,2024-01-07,North America,Enterprise,Paid Social
ACC02398,2024-01-07,India,SMB,Paid Search
ACC02399,2024-01-08,Europe,Mid-Market,Organic Search
ACC02400,2024-01-08,Europe,SMB,Partner
ACC02401,2024-01-08,India,SMB,Paid Search
ACC02402,2024-01-09,Latin America,SMB,Organic Search
ACC02403,2024-01-09,India,Enterprise,Paid Social
ACC02404,2024-01-09,Europe,SMB,Referral
ACC02405,2024-01-09,North America,SMB,Organic Search
ACC02406,2024-01-09,North America,SMB,Referral
ACC02407,2024-01-09,Europe,SMB,Paid Social
ACC02408,2024-01-09,Europe,Mid-Market,Organic Search
ACC02409,2024-01-09,Europe,SMB,Organic Search
ACC02410,2024-01-10,Europe,SMB,Paid Search
ACC02411,2024-01-10,Europe,SMB,Paid Social
ACC02412,2024-01-10,North America,SMB,Paid Search
ACC02413,2024-01-10,North America,Enterprise,Paid Social
ACC02414,2024-01-10,APAC,SMB,Organic Search
ACC02415,2024-01-10,APAC,SMB,Paid Social
ACC02416,2024-01-10,Latin America,Mid-Market,Organic Search
ACC02417,2024-01-10,Latin America,SMB,Organic Search
ACC02418,2024-01-11,Latin America,Mid-Market,Paid Social
ACC02419,2024-01-11,India,Enterprise,Organic Search
ACC02420,2024-01-11,Latin America,SMB,Partner
ACC02421,2024-01-11,Latin America,SMB,Organic Search
ACC02422,2024-01-11,India,Mid-Market,Paid Social
ACC02423,2024-01-11,APAC,Mid-Market,Referral
ACC02424,2024-01-11,North America,SMB,Paid Search
ACC02425,2024-01-12,North America,SMB,Referral
ACC02426,2024-01-12,North America,Mid-Market,Organic Search
ACC02427,2024-01-12,Latin America,SMB,Organic Search
ACC02428,2024-01-12,Europe,SMB,Paid Social
ACC02429,2024-01-12,APAC,Mid-Market,Partner
ACC02430,2024-01-12,APAC,SMB,Organic Search
ACC02431,2024-01-12,Latin America,Mid-Market,Paid Search
ACC02432,2024-01-12,Latin America,SMB,Paid Search
ACC02433,2024-01-13,India,SMB,Referral
ACC02434,2024-01-13,North America,SMB,Paid Social
ACC02435,2024-01-13,Europe,Mid-Market,Partner
ACC02436,2024-01-13,India,SMB,Paid Social
ACC02437,2024-01-13,North America,SMB,Paid Social
ACC02438,2024-01-13,North America,Mid-Market,Paid Search
ACC02439,2024-01-14,APAC,SMB,Referral
ACC02440,2024-01-14,APAC,SMB,Paid Search
ACC02441,2024-01-14,India,SMB,Paid Search
ACC02442,2024-01-14,India,Mid-Market,Paid Social
ACC02443,2024-01-14,North America,SMB,Paid Social
ACC02444,2024-01-15,Latin America,Enterprise,Partner
ACC02445,2024-01-15,India,Mid-Market,Organic Search
ACC02446,2024-01-16,India,Enterprise,Referral
ACC02447,2024-01-16,North America,SMB,Referral
ACC02448,2024-01-16,Europe,Enterprise,Paid Social
ACC02449,2024-01-16,Europe,SMB,Partner
ACC02450,2024-01-16,APAC,SMB,Referral
ACC02451,2024-01-16,APAC,SMB,Organic Search
ACC02452,2024-01-16,India,SMB,Paid Search
ACC02453,2024-01-16,Europe,Mid-Market,Organic Search
ACC02454,2024-01-17,APAC,SMB,Organic Search
ACC02455,2024-01-17,North America,SMB,Organic Search
ACC02456,2024-01-17,Latin America,SMB,Organic Search
ACC02457,2024-01-17,Europe,SMB,Partner
ACC02458,2024-01-18,APAC,Enterprise,Organic Search
ACC02459,2024-01-18,APAC,SMB,Referral
ACC02460,2024-01-18,APAC,SMB,Organic Search
ACC02461,2024-01-18,APAC,SMB,Organic Search
ACC02462,2024-01-19,APAC,Mid-Market,Paid Social
ACC02463,2024-01-19,North America,SMB,Organic Search
ACC02464,2024-01-19,North America,Mid-Market,Paid Social
ACC02465,2024-01-19,North America,Mid-Market,Organic Search
ACC02466,2024-01-19,North America,SMB,Organic Search
ACC02467,2024-01-19,North America,Enterprise,Paid Search
ACC02468,2024-01-19,North America,SMB,Organic Search
ACC02469,2024-01-20,North America,Mid-Market,Referral
ACC02470,2024-01-20,Europe,Enterprise,Paid Search
ACC02471,2024-01-20,Europe,SMB,Referral
ACC02472,2024-01-20,India,SMB,Organic Search
ACC02473,2024-01-20,India,SMB,Paid Search
ACC02474,2024-01-20,Latin America,SMB,Referral
ACC02475,2024-01-20,APAC,Enterprise,Partner
ACC02476,2024-01-20,North America,Enterprise,Referral
ACC02477,2024-01-21,APAC,Mid-Market,Partner
ACC02478,2024-01-21,India,SMB,Partner
ACC02479,2024-01-21,APAC,SMB,Paid Social
ACC02480,2024-01-22,APAC,Mid-Market,Paid Search
ACC02481,2024-01-22,Europe,Enterprise,Paid Search
ACC02482,2024-01-22,India,SMB,Paid Search
ACC02483,2024-01-22,APAC,Mid-Market,Paid Social
ACC02484,2024-01-22,Europe,Mid-Market,Paid Search
ACC02485,2024-01-23,Latin America,Mid-Market,Paid Social
ACC02486,2024-01-23,India,Enterprise,Paid Search
ACC02487,2024-01-23,India,SMB,Organic Search
ACC02488,2024-01-23,India,Mid-Market,Organic Search
ACC02489,2024-01-23,Europe,SMB,Organic Search
ACC02490,2024-01-23,APAC,SMB,Referral
ACC02491,2024-01-23,India,SMB,Organic Search
ACC02492,2024-01-23,APAC,Mid-Market,Paid Social
ACC02493,2024-01-24,APAC,SMB,Paid Social
ACC02494,2024-01-24,North America,SMB,Referral
ACC02495,2024-01-24,North America,Mid-Market,Paid Social
ACC02496,2024-01-24,India,SMB,Referral
ACC02497,2024-01-24,APAC,SMB,Organic Search
ACC02498,2024-01-24,North America,SMB,Referral
ACC02499,2024-01-24,North America,SMB,Paid Search
ACC02500,2024-01-24,North America,SMB,Paid Social
ACC02501,2024-01-24,Europe,SMB,Referral
ACC02502,2024-01-24,Latin America,SMB,Paid Social
ACC02503,2024-01-25,North America,SMB,Organic Search
ACC02504,2024-01-25,APAC,Mid-Market,Referral
ACC02505,2024-01-25,North America,Mid-Market,Paid Search
ACC02506,2024-01-25,India,SMB,Organic Search
ACC02507,2024-01-25,India,Mid-Market,Referral
ACC02508,2024-01-26,North America,SMB,Partner
ACC02509,2024-01-26,India,Mid-Market,Paid Search
ACC02510,2024-01-26,Europe,Mid-Market,Referral
ACC02511,2024-01-26,North America,Mid-Market,Paid Search
ACC02512,2024-01-26,Europe,SMB,Paid Search
ACC02513,2024-01-26,APAC,SMB,Paid Search
ACC02514,2024-01-27,North America,SMB,Organic Search
ACC02515,2024-01-27,APAC,Mid-Market,Organic Search
ACC02516,2024-01-27,India,SMB,Referral
ACC02517,2024-01-27,North America,Mid-Market,Organic Search
ACC02518,2024-01-27,India,Enterprise,Paid Search
ACC02519,2024-01-27,North America,Mid-Market,Organic Search
ACC02520,2024-01-27,North America,SMB,Paid Search
ACC02521,2024-01-27,India,SMB,Organic Search
ACC02522,2024-01-27,India,Mid-Market,Referral
ACC02523,2024-01-27,North America,SMB,Paid Search
ACC02524,2024-01-27,APAC,SMB,Paid Social
ACC02525,2024-01-27,APAC,SMB,Paid Social
ACC02526,2024-01-27,North America,SMB,Partner
ACC02527,2024-01-28,Europe,SMB,Paid Search
ACC02528,2024-01-28,Europe,Mid-Market,Paid Search
ACC02529,2024-01-28,APAC,Mid-Market,Organic Search
ACC02530,2024-01-28,North America,Mid-Market,Paid Search
ACC02531,2024-01-28,APAC,SMB,Paid Search
ACC02532,2024-01-28,Latin America,Mid-Market,Paid Search
ACC02533,2024-01-28,Latin America,Mid-Market,Paid Search
ACC02534,2024-01-28,APAC,SMB,Organic Search
ACC02535,2024-01-28,North America,SMB,Paid Search
ACC02536,2024-01-29,North America,Mid-Market,Paid Social
ACC02537,2024-01-29,Europe,Enterprise,Paid Social
ACC02538,2024-01-29,India,SMB,Paid Social
ACC02539,2024-01-29,North America,SMB,Paid Social
ACC02540,2024-01-29,North America,SMB,Referral
ACC02541,2024-01-29,Europe,SMB,Organic Search
ACC02542,2024-01-29,APAC,Enterprise,Referral
ACC02543,2024-01-29,Europe,SMB,Partner
ACC02544,2024-01-29,India,Mid-Market,Organic Search
ACC02545,2024-01-29,APAC,Mid-Market,Paid Search
ACC02546,2024-01-30,Latin America,Mid-Market,Referral
ACC02547,2024-01-30,Latin America,SMB,Referral
ACC02548,2024-01-30,North America,SMB,Paid Search
ACC02549,2024-01-30,North America,SMB,Organic Search
ACC02550,2024-01-30,North America,SMB,Paid Social
ACC02551,2024-01-30,APAC,SMB,Organic Search
ACC02552,2024-01-30,APAC,SMB,Paid Social
ACC02553,2024-01-31,North America,Mid-Market,Paid Social
ACC02554,2024-01-31,Latin America,Enterprise,Paid Social
ACC02555,2024-01-31,India,Enterprise,Paid Search
ACC02556,2024-01-31,Latin America,Mid-Market,Referral
ACC02557,2024-01-31,Europe,SMB,Referral
ACC02558,2024-01-31,India,SMB,Partner
ACC02559,2024-01-31,Europe,Enterprise,Referral
ACC02560,2024-01-31,Europe,SMB,Referral
ACC02561,2024-02-01,North America,SMB,Organic Search
ACC02562,2024-02-01,India,Mid-Market,Partner
ACC02563,2024-02-01,North America,SMB,Paid Social
ACC02564,2024-02-02,North America,SMB,Referral
ACC02565,2024-02-02,Europe,SMB,Referral
ACC02566,2024-02-02,North America,Mid-Market,Organic Search
ACC02567,2024-02-02,Europe,SMB,Organic Search
ACC02568,2024-02-02,APAC,Enterprise,Organic Search
ACC02569,2024-02-02,Latin America,SMB,Organic Search
ACC02570,2024-02-02,Europe,SMB,Organic Search
ACC02571,2024-02-02,North America,SMB,Partner
ACC02572,2024-02-03,APAC,Mid-Market,Partner
ACC02573,2024-02-03,North America,SMB,Organic Search
ACC02574,2024-02-03,Europe,Enterprise,Paid Social
ACC02575,2024-02-03,Europe,Mid-Market,Referral
ACC02576,2024-02-03,India,SMB,Organic Search
ACC02577,2024-02-03,India,SMB,Organic Search
ACC02578,2024-02-04,APAC,Mid-Market,Organic Search
ACC02579,2024-02-04,North America,Mid-Market,Paid Search
ACC02580,2024-02-04,APAC,Mid-Market,Paid Search
ACC02581,2024-02-04,North America,SMB,Referral
ACC02582,2024-02-05,APAC,SMB,Paid Search
ACC02583,2024-02-05,APAC,Mid-Market,Organic Search
ACC02584,2024-02-05,Europe,SMB,Organic Search
ACC02585,2024-02-05,India,SMB,Paid Search
ACC02586,2024-02-05,APAC,Mid-Market,Organic Search
ACC02587,2024-02-05,APAC,SMB,Paid Search
ACC02588,2024-02-05,India,Mid-Market,Paid Search
ACC02589,2024-02-05,Europe,SMB,Referral
ACC02590,2024-02-05,North America,Enterprise,Paid Social
ACC02591,2024-02-05,APAC,SMB,Organic Search
ACC02592,2024-02-05,Europe,SMB,Organic Search
ACC02593,2024-02-05,APAC,SMB,Organic Search
ACC02594,2024-02-06,Europe,Mid-Market,Organic Search
ACC02595,2024-02-06,North America,Mid-Market,Partner
ACC02596,2024-02-06,Europe,SMB,Paid Social
ACC02597,2024-02-06,North America,Mid-Market,Organic Search
ACC02598,2024-02-06,North America,SMB,Paid Search
ACC02599,2024-02-07,Europe,Enterprise,Referral
ACC02600,2024-02-07,India,SMB,Paid Social
ACC02601,2024-02-07,North America,SMB,Organic Search
ACC02602,2024-02-07,Europe,SMB,Organic Search
ACC02603,2024-02-07,Europe,SMB,Partner
ACC02604,2024-02-07,North America,Mid-Market,Referral
ACC02605,2024-02-07,India,SMB,Paid Search
ACC02606,2024-02-08,APAC,SMB,Paid Search
ACC02607,2024-02-08,India,SMB,Paid Social
ACC02608,2024-02-08,North America,Mid-Market,Referral
ACC02609,2024-02-08,India,SMB,Paid Social
ACC02610,2024-02-08,APAC,SMB,Organic Search
ACC02611,2024-02-08,North America,Enterprise,Referral
ACC02612,2024-02-08,Europe,Enterprise,Paid Social
ACC02613,2024-02-08,Latin America,SMB,Paid Search
ACC02614,2024-02-08,North America,Mid-Market,Organic Search
ACC02615,2024-02-08,APAC,Mid-Market,Referral
ACC02616,2024-02-09,North America,SMB,Paid Search
ACC02617,2024-02-09,Europe,Mid-Market,Paid Social
ACC02618,2024-02-09,North America,Mid-Market,Organic Search
ACC02619,2024-02-09,Europe,SMB,Paid Search
ACC02620,2024-02-09,India,Enterprise,Paid Social
ACC02621,2024-02-09,APAC,Mid-Market,Paid Social
ACC02622,2024-02-09,India,SMB,Paid Search
ACC02623,2024-02-09,Europe,Mid-Market,Partner
ACC02624,2024-02-09,North America,Mid-Market,Paid Search
ACC02625,2024-02-09,APAC,Mid-Market,Partner
ACC02626,2024-02-09,Europe,SMB,Referral
ACC02627,2024-02-10,India,Mid-Market,Referral
ACC02628,2024-02-10,Europe,Mid-Market,Partner
ACC02629,2024-02-10,APAC,SMB,Paid Social
ACC02630,2024-02-10,Latin America,SMB,Paid Social
ACC02631,2024-02-10,APAC,SMB,Partner
ACC02632,2024-02-10,APAC,SMB,Paid Social
ACC02633,2024-02-10,India,SMB,Organic Search
ACC02634,2024-02-10,India,Enterprise,Referral
ACC02635,2024-02-11,India,SMB,Referral
ACC02636,2024-02-11,North America,SMB,Organic Search
ACC02637,2024-02-11,Latin America,SMB,Organic Search
ACC02638,2024-02-11,India,Enterprise,Partner
ACC02639,2024-02-11,APAC,Mid-Market,Partner
ACC02640,2024-02-12,Latin America,SMB,Paid Search
ACC02641,2024-02-12,North America,Mid-Market,Partner
ACC02642,2024-02-12,APAC,Enterprise,Paid Social
ACC02643,2024-02-12,Europe,SMB,Paid Social
ACC02644,2024-02-12,APAC,SMB,Paid Social
ACC02645,2024-02-12,India,SMB,Paid Social
ACC02646,2024-02-12,North America,SMB,Organic Search
ACC02647,2024-02-12,Latin America,SMB,Paid Search
ACC02648,2024-02-13,Latin America,SMB,Referral
ACC02649,2024-02-13,North America,Enterprise,Paid Social
ACC02650,2024-02-13,Latin America,Enterprise,Referral
ACC02651,2024-02-13,Europe,Mid-Market,Paid Search
ACC02652,2024-02-13,North America,SMB,Paid Social
ACC02653,2024-02-13,India,SMB,Referral
ACC02654,2024-02-13,North America,Mid-Market,Paid Social
ACC02655,2024-02-13,North America,SMB,Referral
ACC02656,2024-02-13,Latin America,Enterprise,Organic Search
ACC02657,2024-02-13,India,SMB,Paid Search
ACC02658,2024-02-14,Latin America,SMB,Paid Search
ACC02659,2024-02-14,APAC,SMB,Paid Search
ACC02660,2024-02-14,North America,SMB,Paid Social
ACC02661,2024-02-14,Europe,SMB,Partner
ACC02662,2024-02-15,APAC,SMB,Partner
ACC02663,2024-02-15,North America,SMB,Partner
ACC02664,2024-02-15,APAC,SMB,Paid Search
ACC02665,2024-02-15,Europe,SMB,Paid Search
ACC02666,2024-02-15,Latin America,SMB,Paid Social
ACC02667,2024-02-15,India,SMB,Referral
ACC02668,2024-02-15,North America,Mid-Market,Partner
ACC02669,2024-02-16,North America,Mid-Market,Paid Social
ACC02670,2024-02-16,North America,Mid-Market,Organic Search
ACC02671,2024-02-16,APAC,SMB,Referral
ACC02672,2024-02-16,India,SMB,Paid Social
ACC02673,2024-02-16,Europe,Mid-Market,Paid Social
ACC02674,2024-02-17,Latin America,SMB,Referral
ACC02675,2024-02-17,Europe,SMB,Paid Search
ACC02676,2024-02-17,APAC,Enterprise,Paid Search
ACC02677,2024-02-17,North America,Enterprise,Paid Social
ACC02678,2024-02-18,India,Mid-Market,Partner
ACC02679,2024-02-18,APAC,Mid-Market,Organic Search
ACC02680,2024-02-18,India,SMB,Paid Social
ACC02681,2024-02-18,APAC,Mid-Market,Paid Search
ACC02682,2024-02-19,Europe,SMB,Paid Social
ACC02683,2024-02-19,Latin America,SMB,Partner
ACC02684,2024-02-19,APAC,Mid-Market,Paid Social
ACC02685,2024-02-19,India,SMB,Referral
ACC02686,2024-02-19,North America,SMB,Partner
ACC02687,2024-02-19,Europe,SMB,Organic Search
ACC02688,2024-02-19,Europe,SMB,Organic Search
ACC02689,2024-02-19,APAC,SMB,Partner
ACC02690,2024-02-20,Europe,SMB,Referral
ACC02691,2024-02-20,North America,SMB,Paid Search
ACC02692,2024-02-20,North America,Mid-Market,Partner
ACC02693,2024-02-20,APAC,Mid-Market,Paid Search
ACC02694,2024-02-20,Europe,Mid-Market,Referral
ACC02695,2024-02-20,APAC,Enterprise,Paid Search
ACC02696,2024-02-20,APAC,SMB,Paid Social
ACC02697,2024-02-20,Europe,Mid-Market,Referral
ACC02698,2024-02-20,North America,Mid-Market,Referral
ACC02699,2024-02-20,Latin America,SMB,Paid Social
ACC02700,2024-02-21,Europe,Mid-Market,Paid Social
ACC02701,2024-02-21,Europe,Enterprise,Paid Social
ACC02702,2024-02-21,India,SMB,Paid Social
ACC02703,2024-02-21,Europe,SMB,Paid Search
ACC02704,2024-02-21,Europe,SMB,Paid Social
ACC02705,2024-02-21,India,Mid-Market,Partner
ACC02706,2024-02-21,India,SMB,Partner
ACC02707,2024-02-21,North America,SMB,Paid Social
ACC02708,2024-02-21,APAC,SMB,Referral
ACC02709,2024-02-22,India,Mid-Market,Paid Social
ACC02710,2024-02-22,India,SMB,Paid Search
ACC02711,2024-02-22,Europe,SMB,Referral
ACC02712,2024-02-23,India,Enterprise,Paid Social
ACC02713,2024-02-23,North America,Mid-Market,Paid Social
ACC02714,2024-02-23,North America,SMB,Referral
ACC02715,2024-02-23,Europe,SMB,Organic Search
ACC02716,2024-02-23,Europe,Mid-Market,Paid Search
ACC02717,2024-02-23,India,SMB,Paid Search
ACC02718,2024-02-23,Latin America,SMB,Paid Social
ACC02719,2024-02-23,Europe,SMB,Paid Search
ACC02720,2024-02-23,North America,Mid-Market,Paid Social
ACC02721,2024-02-24,APAC,SMB,Referral
ACC02722,2024-02-24,Europe,SMB,Paid Social
ACC02723,2024-02-24,Latin America,SMB,Partner
ACC02724,2024-02-24,North America,SMB,Partner
ACC02725,2024-02-24,India,Mid-Market,Paid Search
ACC02726,2024-02-24,North America,Mid-Market,Referral
ACC02727,2024-02-24,Europe,SMB,Referral
ACC02728,2024-02-25,APAC,SMB,Referral
ACC02729,2024-02-25,APAC,SMB,Organic Search
ACC02730,2024-02-25,North America,Mid-Market,Paid Search
ACC02731,2024-02-25,North America,SMB,Paid Search
ACC02732,2024-02-25,India,Mid-Market,Paid Social
ACC02733,2024-02-25,North America,Mid-Market,Paid Social
ACC02734,2024-02-25,Latin America,SMB,Paid Search
ACC02735,2024-02-25,North America,SMB,Referral
ACC02736,2024-02-25,North America,Mid-Market,Referral
ACC02737,2024-02-26,India,SMB,Partner
ACC02738,2024-02-26,Europe,SMB,Referral
ACC02739,2024-02-26,North America,Mid-Market,Paid Social
ACC02740,2024-02-26,APAC,Mid-Market,Organic Search
ACC02741,2024-02-26,APAC,Mid-Market,Paid Search
ACC02742,2024-02-26,Europe,SMB,Paid Social
ACC02743,2024-02-26,North America,SMB,Partner
ACC02744,2024-02-26,APAC,SMB,Organic Search
ACC02745,2024-02-27,Europe,Mid-Market,Paid Search
ACC02746,2024-02-27,North America,Enterprise,Paid Social
ACC02747,2024-02-27,Europe,SMB,Referral
ACC02748,2024-02-27,APAC,SMB,Organic Search
ACC02749,2024-02-27,North America,SMB,Paid Search
ACC02750,2024-02-27,India,Mid-Market,Organic Search
ACC02751,2024-02-28,North America,SMB,Organic Search
ACC02752,2024-02-28,North America,SMB,Referral
ACC02753,2024-02-28,North America,Mid-Market,Paid Search
ACC02754,2024-02-28,India,Enterprise,Partner
ACC02755,2024-02-28,North America,Mid-Market,Paid Search
ACC02756,2024-02-28,India,SMB,Paid Search
ACC02757,2024-02-28,India,SMB,Paid Search
ACC02758,2024-02-28,North America,SMB,Paid Social
ACC02759,2024-02-28,North America,SMB,Partner
ACC02760,2024-02-29,APAC,SMB,Paid Social
ACC02761,2024-02-29,Europe,Mid-Market,Paid Search
ACC02762,2024-02-29,APAC,SMB,Paid Search
ACC02763,2024-02-29,APAC,SMB,Organic Search
ACC02764,2024-03-01,India,SMB,Organic Search
ACC02765,2024-03-01,North America,SMB,Organic Search
ACC02766,2024-03-01,North America,SMB,Partner
ACC02767,2024-03-01,North America,Enterprise,Partner
ACC02768,2024-03-01,North America,SMB,Paid Search
ACC02769,2024-03-01,Europe,SMB,Paid Social
ACC02770,2024-03-02,APAC,SMB,Partner
ACC02771,2024-03-02,APAC,SMB,Paid Social
ACC02772,2024-03-02,North America,Mid-Market,Paid Social
ACC02773,2024-03-02,North America,SMB,Partner
ACC02774,2024-03-02,Europe,Mid-Market,Organic Search
ACC02775,2024-03-02,North America,Mid-Market,Paid Social
ACC02776,2024-03-02,Europe,Mid-Market,Referral
ACC02777,2024-03-02,North America,SMB,Paid Search
ACC02778,2024-03-03,Europe,Mid-Market,Paid Social
ACC02779,2024-03-03,North America,SMB,Paid Social
ACC02780,2024-03-03,North America,SMB,Organic Search
ACC02781,2024-03-03,India,SMB,Partner
ACC02782,2024-03-04,India,Mid-Market,Organic Search
ACC02783,2024-03-04,North America,Mid-Market,Partner
ACC02784,2024-03-04,Europe,SMB,Paid Search
ACC02785,2024-03-04,North America,SMB,Paid Search
ACC02786,2024-03-04,North America,SMB,Paid Social
ACC02787,2024-03-04,North America,SMB,Partner
ACC02788,2024-03-04,North America,SMB,Paid Search
ACC02789,2024-03-04,Latin America,SMB,Paid Social
ACC02790,2024-03-04,North America,Mid-Market,Paid Social
ACC02791,2024-03-04,APAC,SMB,Organic Search
ACC02792,2024-03-05,India,Enterprise,Organic Search
ACC02793,2024-03-05,North America,Mid-Market,Paid Search
ACC02794,2024-03-05,APAC,SMB,Organic Search
ACC02795,2024-03-05,North America,SMB,Organic Search
ACC02796,2024-03-05,India,Enterprise,Paid Search
ACC02797,2024-03-05,North America,Enterprise,Paid Social
ACC02798,2024-03-05,North America,Mid-Market,Organic Search
ACC02799,2024-03-05,Latin America,SMB,Paid Social
ACC02800,2024-03-06,Europe,SMB,Paid Search
ACC02801,2024-03-06,India,SMB,Paid Search
ACC02802,2024-03-06,India,SMB,Partner
ACC02803,2024-03-06,Latin America,SMB,Referral
ACC02804,2024-03-06,Europe,Mid-Market,Paid Search
ACC02805,2024-03-06,Latin America,Mid-Market,Paid Social
ACC02806,2024-03-07,APAC,SMB,Referral
ACC02807,2024-03-07,Europe,Enterprise,Paid Search
ACC02808,2024-03-07,India,Enterprise,Organic Search
ACC02809,2024-03-07,Latin America,Enterprise,Paid Social
ACC02810,2024-03-07,Europe,SMB,Organic Search
ACC02811,2024-03-07,APAC,Mid-Market,Referral
ACC02812,2024-03-07,APAC,Enterprise,Organic Search
ACC02813,2024-03-07,Latin America,Enterprise,Paid Social
ACC02814,2024-03-08,Europe,SMB,Organic Search
ACC02815,2024-03-08,Europe,Enterprise,Paid Social
ACC02816,2024-03-08,APAC,Mid-Market,Organic Search
ACC02817,2024-03-08,North America,Mid-Market,Organic Search
ACC02818,2024-03-08,India,SMB,Organic Search
ACC02819,2024-03-08,North America,SMB,Partner
ACC02820,2024-03-08,APAC,SMB,Partner
ACC02821,2024-03-08,APAC,SMB,Referral
ACC02822,2024-03-08,Europe,SMB,Organic Search
ACC02823,2024-03-09,North America,Mid-Market,Referral
ACC02824,2024-03-09,Latin America,SMB,Organic Search
ACC02825,2024-03-09,North America,SMB,Paid Search
ACC02826,2024-03-09,Europe,SMB,Organic Search
ACC02827,2024-03-09,India,SMB,Paid Search
ACC02828,2024-03-10,India,SMB,Paid Social
ACC02829,2024-03-10,Europe,SMB,Paid Search
ACC02830,2024-03-10,North America,Mid-Market,Paid Social
ACC02831,2024-03-10,Latin America,SMB,Organic Search
ACC02832,2024-03-11,Europe,SMB,Referral
ACC02833,2024-03-11,Europe,SMB,Referral
ACC02834,2024-03-11,APAC,SMB,Paid Social
ACC02835,2024-03-11,India,SMB,Paid Social
ACC02836,2024-03-11,India,SMB,Paid Social
ACC02837,2024-03-11,India,SMB,Partner
ACC02838,2024-03-11,APAC,Mid-Market,Partner
ACC02839,2024-03-11,Europe,SMB,Partner
ACC02840,2024-03-11,APAC,SMB,Paid Social
ACC02841,2024-03-11,North America,SMB,Paid Search
ACC02842,2024-03-11,North America,Mid-Market,Paid Search
ACC02843,2024-03-12,North America,Mid-Market,Paid Search
ACC02844,2024-03-12,Europe,SMB,Paid Social
ACC02845,2024-03-12,Europe,SMB,Partner
ACC02846,2024-03-12,India,Mid-Market,Paid Social
ACC02847,2024-03-12,APAC,SMB,Organic Search
ACC02848,2024-03-12,North America,SMB,Paid Search
ACC02849,2024-03-12,India,SMB,Referral
ACC02850,2024-03-12,India,SMB,Organic Search
ACC02851,2024-03-13,India,Mid-Market,Organic Search
ACC02852,2024-03-13,Latin America,Mid-Market,Organic Search
ACC02853,2024-03-13,North America,SMB,Organic Search
ACC02854,2024-03-13,India,Enterprise,Paid Search
ACC02855,2024-03-14,APAC,SMB,Organic Search
ACC02856,2024-03-14,India,SMB,Paid Social
ACC02857,2024-03-14,North America,SMB,Referral
ACC02858,2024-03-14,APAC,Mid-Market,Partner
ACC02859,2024-03-15,India,SMB,Organic Search
ACC02860,2024-03-15,India,SMB,Referral
ACC02861,2024-03-15,India,Mid-Market,Organic Search
ACC02862,2024-03-15,India,Mid-Market,Referral
ACC02863,2024-03-15,India,Mid-Market,Referral
ACC02864,2024-03-15,India,SMB,Partner
ACC02865,2024-03-15,APAC,SMB,Referral
ACC02866,2024-03-15,Europe,Mid-Market,Organic Search
ACC02867,2024-03-16,India,SMB,Referral
ACC02868,2024-03-16,APAC,SMB,Paid Social
ACC02869,2024-03-16,North America,Mid-Market,Partner
ACC02870,2024-03-16,North America,Mid-Market,Referral
ACC02871,2024-03-16,India,SMB,Referral
ACC02872,2024-03-16,APAC,SMB,Paid Search
ACC02873,2024-03-16,APAC,SMB,Paid Search
ACC02874,2024-03-17,India,SMB,Partner
ACC02875,2024-03-17,Europe,Mid-Market,Referral
ACC02876,2024-03-17,Europe,Mid-Market,Organic Search
ACC02877,2024-03-17,Latin America,Mid-Market,Referral
ACC02878,2024-03-17,India,SMB,Organic Search
ACC02879,2024-03-17,North America,SMB,Partner
ACC02880,2024-03-18,APAC,SMB,Paid Search
ACC02881,2024-03-18,Europe,Mid-Market,Paid Search
ACC02882,2024-03-18,APAC,Mid-Market,Referral
ACC02883,2024-03-18,North America,SMB,Paid Social
ACC02884,2024-03-18,APAC,SMB,Paid Search
ACC02885,2024-03-18,APAC,Enterprise,Paid Search
ACC02886,2024-03-18,India,SMB,Paid Social
ACC02887,2024-03-18,India,Mid-Market,Organic Search
ACC02888,2024-03-18,Europe,Mid-Market,Referral
ACC02889,2024-03-18,India,Mid-Market,Organic Search
ACC02890,2024-03-18,APAC,Mid-Market,Paid Search
ACC02891,2024-03-18,North America,SMB,Paid Search
ACC02892,2024-03-18,Latin America,SMB,Referral
ACC02893,2024-03-18,North America,SMB,Paid Search
ACC02894,2024-03-19,North America,Enterprise,Partner
ACC02895,2024-03-19,Latin America,SMB,Partner
ACC02896,2024-03-19,APAC,SMB,Organic Search
ACC02897,2024-03-19,APAC,SMB,Referral
ACC02898,2024-03-19,India,SMB,Organic Search
ACC02899,2024-03-19,India,Mid-Market,Organic Search
ACC02900,2024-03-19,Europe,Mid-Market,Paid Social
ACC02901,2024-03-20,Latin America,Enterprise,Organic Search
ACC02902,2024-03-20,APAC,Mid-Market,Organic Search
ACC02903,2024-03-20,APAC,SMB,Paid Social
ACC02904,2024-03-20,India,Mid-Market,Paid Search
ACC02905,2024-03-20,India,SMB,Referral
ACC02906,2024-03-20,India,Enterprise,Paid Social
ACC02907,2024-03-21,North America,Mid-Market,Paid Social
ACC02908,2024-03-21,Europe,SMB,Partner
ACC02909,2024-03-21,North America,SMB,Paid Search
ACC02910,2024-03-21,APAC,Enterprise,Organic Search
ACC02911,2024-03-21,APAC,Enterprise,Paid Search
ACC02912,2024-03-21,India,Mid-Market,Partner
ACC02913,2024-03-21,APAC,SMB,Organic Search
ACC02914,2024-03-21,North America,SMB,Referral
ACC02915,2024-03-21,APAC,SMB,Partner
ACC02916,2024-03-21,North America,SMB,Partner
ACC02917,2024-03-21,India,SMB,Paid Search
ACC02918,2024-03-22,Europe,SMB,Organic Search
ACC02919,2024-03-22,India,SMB,Partner
ACC02920,2024-03-22,North America,Mid-Market,Organic Search
ACC02921,2024-03-22,North America,Mid-Market,Paid Search
ACC02922,2024-03-22,North America,SMB,Referral
ACC02923,2024-03-23,Latin America,SMB,Partner
ACC02924,2024-03-23,Latin America,SMB,Paid Social
ACC02925,2024-03-23,India,SMB,Paid Social
ACC02926,2024-03-23,APAC,SMB,Paid Search
ACC02927,2024-03-24,North America,SMB,Organic Search
ACC02928,2024-03-24,Europe,Enterprise,Paid Search
ACC02929,2024-03-24,Europe,SMB,Partner
ACC02930,2024-03-24,APAC,SMB,Partner
ACC02931,2024-03-24,North America,SMB,Paid Search
ACC02932,2024-03-24,APAC,SMB,Paid Social
ACC02933,2024-03-25,India,Mid-Market,Paid Search
ACC02934,2024-03-25,North America,SMB,Referral
ACC02935,2024-03-25,APAC,Mid-Market,Paid Social
ACC02936,2024-03-25,Europe,SMB,Paid Social
ACC02937,2024-03-25,Europe,SMB,Paid Social
ACC02938,2024-03-25,Latin America,SMB,Paid Social
ACC02939,2024-03-25,APAC,SMB,Organic Search
ACC02940,2024-03-26,Europe,Enterprise,Organic Search
ACC02941,2024-03-26,Latin America,SMB,Referral
ACC02942,2024-03-26,Europe,SMB,Paid Social
ACC02943,2024-03-26,North America,SMB,Paid Social
ACC02944,2024-03-26,India,Enterprise,Partner
ACC02945,2024-03-26,North America,Mid-Market,Organic Search
ACC02946,2024-03-26,India,SMB,Referral
ACC02947,2024-03-27,North America,Mid-Market,Referral
ACC02948,2024-03-27,North America,SMB,Organic Search
ACC02949,2024-03-27,APAC,SMB,Paid Search
ACC02950,2024-03-27,North America,SMB,Partner
ACC02951,2024-03-27,North America,Mid-Market,Paid Social
ACC02952,2024-03-28,APAC,Mid-Market,Partner
ACC02953,2024-03-28,Latin America,Mid-Market,Organic Search
ACC02954,2024-03-28,Latin America,Mid-Market,Organic Search
ACC02955,2024-03-28,North America,SMB,Paid Search
ACC02956,2024-03-28,India,SMB,Paid Social
ACC02957,2024-03-28,APAC,SMB,Paid Search
ACC02958,2024-03-29,India,SMB,Referral
ACC02959,2024-03-29,North America,Mid-Market,Referral
ACC02960,2024-03-29,Europe,SMB,Paid Search
ACC02961,2024-03-29,Europe,SMB,Organic Search
ACC02962,2024-03-29,India,Mid-Market,Paid Social
ACC02963,2024-03-29,North America,SMB,Paid Social
ACC02964,2024-03-29,APAC,SMB,Paid Search
ACC02965,2024-03-29,India,SMB,Referral
ACC02966,2024-03-29,North America,SMB,Referral
ACC02967,2024-03-29,Europe,Mid-Market,Referral
ACC02968,2024-03-30,Latin America,SMB,Paid Social
ACC02969,2024-03-30,India,Enterprise,Paid Social
ACC02970,2024-03-30,Latin America,SMB,Referral
ACC02971,2024-03-30,North America,SMB,Paid Search
ACC02972,2024-03-31,India,SMB,Referral
ACC02973,2024-04-01,India,SMB,Paid Search
ACC02974,2024-04-01,North America,SMB,Paid Social
ACC02975,2024-04-01,APAC,SMB,Paid Search
ACC02976,2024-04-01,North America,Mid-Market,Organic Search
ACC02977,2024-04-01,Europe,SMB,Referral
ACC02978,2024-04-01,India,SMB,Organic Search
ACC02979,2024-04-01,North America,SMB,Referral
ACC02980,2024-04-01,India,Enterprise,Organic Search
ACC02981,2024-04-02,Latin America,SMB,Paid Search
ACC02982,2024-04-02,APAC,SMB,Organic Search
ACC02983,2024-04-02,India,SMB,Paid Search
ACC02984,2024-04-02,Latin America,Enterprise,Organic Search
ACC02985,2024-04-02,North America,Mid-Market,Paid Search
ACC02986,2024-04-02,APAC,SMB,Paid Search
ACC02987,2024-04-02,Europe,Enterprise,Paid Social
ACC02988,2024-04-02,India,Mid-Market,Organic Search
ACC02989,2024-04-02,Europe,Enterprise,Paid Search
ACC02990,2024-04-02,North America,SMB,Paid Social
ACC02991,2024-04-02,Latin America,SMB,Paid Search
ACC02992,2024-04-02,APAC,Mid-Market,Organic Search
ACC02993,2024-04-02,North America,Enterprise,Partner
ACC02994,2024-04-02,North America,SMB,Paid Social
ACC02995,2024-04-02,North America,Enterprise,Referral
ACC02996,2024-04-03,APAC,SMB,Organic Search
ACC02997,2024-04-03,Europe,SMB,Paid Social
ACC02998,2024-04-03,Latin America,Enterprise,Organic Search
ACC02999,2024-04-03,Latin America,SMB,Paid Social
ACC03000,2024-04-03,Europe,SMB,Paid Social
ACC03001,2024-04-03,Europe,SMB,Partner
ACC03002,2024-04-03,APAC,SMB,Paid Search
ACC03003,2024-04-03,Europe,Mid-Market,Referral
ACC03004,2024-04-03,Europe,SMB,Referral
ACC03005,2024-04-03,India,Mid-Market,Referral
ACC03006,2024-04-04,APAC,SMB,Organic Search
ACC03007,2024-04-04,India,SMB,Partner
ACC03008,2024-04-04,Europe,SMB,Organic Search
ACC03009,2024-04-04,North America,SMB,Organic Search
ACC03010,2024-04-04,Europe,SMB,Paid Social
ACC03011,2024-04-04,North America,SMB,Paid Social
ACC03012,2024-04-05,North America,SMB,Referral
ACC03013,2024-04-05,North America,SMB,Paid Search
ACC03014,2024-04-05,North America,SMB,Referral
ACC03015,2024-04-05,Europe,Mid-Market,Organic Search
ACC03016,2024-04-05,India,SMB,Paid Search
ACC03017,2024-04-05,APAC,Mid-Market,Partner
ACC03018,2024-04-06,APAC,SMB,Organic Search
ACC03019,2024-04-06,APAC,SMB,Paid Social
ACC03020,2024-04-06,North America,Mid-Market,Referral
ACC03021,2024-04-06,North America,Mid-Market,Paid Social
ACC03022,2024-04-06,APAC,SMB,Paid Social
ACC03023,2024-04-06,North America,SMB,Organic Search
ACC03024,2024-04-07,Latin America,SMB,Partner
ACC03025,2024-04-07,North America,SMB,Partner
ACC03026,2024-04-07,North America,SMB,Paid Search
ACC03027,2024-04-07,Latin America,Mid-Market,Partner
ACC03028,2024-04-07,Europe,SMB,Referral
ACC03029,2024-04-07,India,Mid-Market,Referral
ACC03030,2024-04-07,North America,SMB,Referral
ACC03031,2024-04-07,Europe,Mid-Market,Partner
ACC03032,2024-04-07,Europe,SMB,Paid Social
ACC03033,2024-04-08,India,Enterprise,Paid Social
ACC03034,2024-04-08,North America,Mid-Market,Paid Social
ACC03035,2024-04-08,India,Enterprise,Partner
ACC03036,2024-04-08,APAC,Enterprise,Paid Social
ACC03037,2024-04-08,North America,Mid-Market,Paid Social
ACC03038,2024-04-08,India,Mid-Market,Paid Social
ACC03039,2024-04-08,India,Mid-Market,Paid Social
ACC03040,2024-04-09,APAC,SMB,Partner
ACC03041,2024-04-09,APAC,SMB,Paid Search
ACC03042,2024-04-09,Europe,SMB,Paid Search
ACC03043,2024-04-09,India,Enterprise,Organic Search
ACC03044,2024-04-09,India,Enterprise,Paid Social
ACC03045,2024-04-09,Europe,Enterprise,Partner
ACC03046,2024-04-09,APAC,SMB,Paid Social
ACC03047,2024-04-10,APAC,SMB,Referral
ACC03048,2024-04-10,Europe,Mid-Market,Paid Social
ACC03049,2024-04-10,India,Mid-Market,Organic Search
ACC03050,2024-04-10,Europe,SMB,Referral
ACC03051,2024-04-10,North America,SMB,Referral
ACC03052,2024-04-10,Latin America,SMB,Referral
ACC03053,2024-04-10,Europe,Enterprise,Paid Social
ACC03054,2024-04-10,Europe,SMB,Organic Search
ACC03055,2024-04-10,APAC,SMB,Paid Social
ACC03056,2024-04-11,APAC,SMB,Partner
ACC03057,2024-04-11,North America,SMB,Referral
ACC03058,2024-04-11,India,Mid-Market,Paid Social
ACC03059,2024-04-11,Latin America,Mid-Market,Organic Search
ACC03060,2024-04-11,India,Mid-Market,Paid Social
ACC03061,2024-04-11,Europe,SMB,Paid Search
ACC03062,2024-04-11,India,SMB,Paid Search
ACC03063,2024-04-11,India,Mid-Market,Referral
ACC03064,2024-04-11,North America,Enterprise,Organic Search
ACC03065,2024-04-11,North America,Mid-Market,Referral
ACC03066,2024-04-11,Europe,SMB,Referral
ACC03067,2024-04-11,North America,Mid-Market,Paid Social
ACC03068,2024-04-12,Europe,Enterprise,Referral
ACC03069,2024-04-12,North America,SMB,Organic Search
ACC03070,2024-04-12,APAC,Mid-Market,Paid Social
ACC03071,2024-04-12,North America,SMB,Referral
ACC03072,2024-04-13,North America,SMB,Paid Social
ACC03073,2024-04-13,Europe,SMB,Paid Social
ACC03074,2024-04-13,India,Mid-Market,Organic Search
ACC03075,2024-04-14,APAC,Mid-Market,Referral
ACC03076,2024-04-14,Latin America,Enterprise,Paid Social
ACC03077,2024-04-14,Latin America,SMB,Organic Search
ACC03078,2024-04-14,Europe,Mid-Market,Paid Search
ACC03079,2024-04-15,Europe,SMB,Referral
ACC03080,2024-04-15,North America,SMB,Paid Search
ACC03081,2024-04-15,North America,Mid-Market,Organic Search
ACC03082,2024-04-15,India,SMB,Paid Social
ACC03083,2024-04-15,North America,SMB,Paid Social
ACC03084,2024-04-15,North America,SMB,Organic Search
ACC03085,2024-04-15,APAC,SMB,Organic Search
ACC03086,2024-04-15,North America,SMB,Referral
ACC03087,2024-04-15,APAC,SMB,Partner
ACC03088,2024-04-16,APAC,SMB,Referral
ACC03089,2024-04-16,India,Mid-Market,Paid Social
ACC03090,2024-04-16,North America,Enterprise,Partner
ACC03091,2024-04-16,North America,SMB,Organic Search
ACC03092,2024-04-16,APAC,Enterprise,Paid Search
ACC03093,2024-04-16,India,Mid-Market,Referral
ACC03094,2024-04-17,Latin America,Enterprise,Paid Social
ACC03095,2024-04-17,APAC,Mid-Market,Organic Search
ACC03096,2024-04-17,Latin America,Enterprise,Paid Search
ACC03097,2024-04-18,Latin America,Mid-Market,Paid Social
ACC03098,2024-04-18,North America,Enterprise,Paid Social
ACC03099,2024-04-18,APAC,Mid-Market,Paid Social
ACC03100,2024-04-18,Latin America,Enterprise,Referral
ACC03101,2024-04-18,North America,Mid-Market,Partner
ACC03102,2024-04-19,India,Enterprise,Organic Search
ACC03103,2024-04-19,Europe,SMB,Partner
ACC03104,2024-04-19,Latin America,Mid-Market,Paid Search
ACC03105,2024-04-19,India,SMB,Paid Search
ACC03106,2024-04-19,APAC,SMB,Partner
ACC03107,2024-04-19,India,SMB,Organic Search
ACC03108,2024-04-19,Europe,Enterprise,Referral
ACC03109,2024-04-19,APAC,Enterprise,Organic Search
ACC03110,2024-04-20,North America,SMB,Partner
ACC03111,2024-04-20,North America,SMB,Partner
ACC03112,2024-04-20,Europe,Mid-Market,Referral
ACC03113,2024-04-20,North America,SMB,Paid Social
ACC03114,2024-04-21,Europe,Mid-Market,Partner
ACC03115,2024-04-21,North America,SMB,Paid Search
ACC03116,2024-04-21,North America,SMB,Referral
ACC03117,2024-04-21,APAC,SMB,Paid Search
ACC03118,2024-04-21,Europe,Enterprise,Partner
ACC03119,2024-04-21,India,SMB,Partner
ACC03120,2024-04-22,North America,SMB,Paid Search
ACC03121,2024-04-22,APAC,Enterprise,Paid Search
ACC03122,2024-04-22,India,SMB,Organic Search
ACC03123,2024-04-22,North America,SMB,Partner
ACC03124,2024-04-22,India,SMB,Paid Search
ACC03125,2024-04-22,North America,Mid-Market,Paid Search
ACC03126,2024-04-23,Europe,Mid-Market,Paid Search
ACC03127,2024-04-23,India,SMB,Referral
ACC03128,2024-04-23,Europe,SMB,Organic Search
ACC03129,2024-04-23,Europe,SMB,Organic Search
ACC03130,2024-04-23,APAC,SMB,Paid Search
ACC03131,2024-04-23,North America,Mid-Market,Partner
ACC03132,2024-04-23,India,SMB,Organic Search
ACC03133,2024-04-23,Europe,Mid-Market,Paid Social
ACC03134,2024-04-24,Europe,Mid-Market,Organic Search
ACC03135,2024-04-24,North America,Mid-Market,Paid Search
ACC03136,2024-04-24,Europe,SMB,Paid Search
ACC03137,2024-04-24,APAC,Mid-Market,Partner
ACC03138,2024-04-25,Europe,Mid-Market,Paid Social
ACC03139,2024-04-25,North America,SMB,Paid Search
ACC03140,2024-04-25,Latin America,SMB,Organic Search
ACC03141,2024-04-25,Europe,SMB,Referral
ACC03142,2024-04-25,North America,SMB,Paid Search
ACC03143,2024-04-25,India,Mid-Market,Paid Search
ACC03144,2024-04-25,India,Enterprise,Paid Search
ACC03145,2024-04-25,North America,SMB,Paid Search
ACC03146,2024-04-26,India,SMB,Partner
ACC03147,2024-04-26,APAC,Mid-Market,Referral
ACC03148,2024-04-26,Latin America,SMB,Referral
ACC03149,2024-04-26,North America,Mid-Market,Referral
ACC03150,2024-04-26,North America,SMB,Organic Search
ACC03151,2024-04-26,North America,SMB,Paid Search
ACC03152,2024-04-26,India,Mid-Market,Referral
ACC03153,2024-04-27,Latin America,SMB,Organic Search
ACC03154,2024-04-27,North America,Enterprise,Paid Search
ACC03155,2024-04-27,APAC,SMB,Organic Search
ACC03156,2024-04-27,Europe,Mid-Market,Paid Search
ACC03157,2024-04-27,India,SMB,Organic Search
ACC03158,2024-04-27,APAC,Enterprise,Paid Search
ACC03159,2024-04-27,North America,SMB,Organic Search
ACC03160,2024-04-27,North America,SMB,Paid Search
ACC03161,2024-04-27,North America,SMB,Referral
ACC03162,2024-04-27,Europe,Enterprise,Paid Social
ACC03163,2024-04-28,India,Mid-Market,Paid Social
ACC03164,2024-04-28,APAC,Enterprise,Paid Social
ACC03165,2024-04-28,North America,SMB,Partner
ACC03166,2024-04-28,Europe,SMB,Partner
ACC03167,2024-04-28,North America,SMB,Partner
ACC03168,2024-04-28,North America,SMB,Organic Search
ACC03169,2024-04-28,India,SMB,Paid Search
ACC03170,2024-04-28,North America,Mid-Market,Partner
ACC03171,2024-04-29,North America,SMB,Organic Search
ACC03172,2024-04-29,India,SMB,Paid Search
ACC03173,2024-04-29,India,SMB,Organic Search
ACC03174,2024-04-29,India,SMB,Organic Search
ACC03175,2024-04-29,APAC,SMB,Paid Search
ACC03176,2024-04-30,North America,Enterprise,Organic Search
ACC03177,2024-04-30,North America,SMB,Organic Search
ACC03178,2024-04-30,North America,SMB,Paid Social
ACC03179,2024-04-30,Europe,SMB,Organic Search
ACC03180,2024-04-30,North America,SMB,Referral
ACC03181,2024-04-30,Europe,Enterprise,Referral
ACC03182,2024-04-30,North America,SMB,Paid Social
ACC03183,2024-04-30,Europe,SMB,Paid Search
ACC03184,2024-05-01,North America,Enterprise,Organic Search
ACC03185,2024-05-01,Europe,Enterprise,Organic Search
ACC03186,2024-05-01,India,SMB,Referral
ACC03187,2024-05-01,APAC,SMB,Organic Search
ACC03188,2024-05-01,India,SMB,Paid Social
ACC03189,2024-05-01,North America,Mid-Market,Partner
ACC03190,2024-05-02,North America,SMB,Organic Search
ACC03191,2024-05-02,North America,Mid-Market,Organic Search
ACC03192,2024-05-02,Europe,SMB,Paid Search
ACC03193,2024-05-02,Latin America,SMB,Paid Search
ACC03194,2024-05-02,Europe,SMB,Organic Search
ACC03195,2024-05-02,Europe,Mid-Market,Paid Search
ACC03196,2024-05-02,APAC,SMB,Referral
ACC03197,2024-05-02,APAC,Mid-Market,Paid Search
ACC03198,2024-05-03,India,Mid-Market,Organic Search
ACC03199,2024-05-03,APAC,SMB,Partner
ACC03200,2024-05-03,North America,SMB,Referral
ACC03201,2024-05-03,India,SMB,Organic Search
ACC03202,2024-05-03,Europe,Mid-Market,Paid Social
ACC03203,2024-05-03,Latin America,Mid-Market,Referral
ACC03204,2024-05-03,APAC,SMB,Partner
ACC03205,2024-05-03,APAC,Mid-Market,Organic Search
ACC03206,2024-05-03,North America,Mid-Market,Paid Social
ACC03207,2024-05-04,APAC,Mid-Market,Referral
ACC03208,2024-05-04,Europe,SMB,Organic Search
ACC03209,2024-05-04,Europe,Mid-Market,Paid Social
ACC03210,2024-05-04,India,Enterprise,Paid Social
ACC03211,2024-05-04,North America,Enterprise,Paid Search
ACC03212,2024-05-04,Europe,SMB,Organic Search
ACC03213,2024-05-04,Europe,SMB,Paid Search
ACC03214,2024-05-05,India,Mid-Market,Organic Search
ACC03215,2024-05-05,North America,SMB,Partner
ACC03216,2024-05-05,Europe,SMB,Paid Search
ACC03217,2024-05-05,Latin America,Mid-Market,Paid Search
ACC03218,2024-05-05,APAC,SMB,Organic Search
ACC03219,2024-05-06,India,SMB,Organic Search
ACC03220,2024-05-06,Latin America,Mid-Market,Partner
ACC03221,2024-05-06,India,SMB,Paid Social
ACC03222,2024-05-06,Europe,SMB,Paid Social
ACC03223,2024-05-07,APAC,Enterprise,Referral
ACC03224,2024-05-07,India,SMB,Paid Social
ACC03225,2024-05-07,North America,SMB,Organic Search
ACC03226,2024-05-07,Europe,SMB,Referral
ACC03227,2024-05-07,Europe,SMB,Partner
ACC03228,2024-05-08,APAC,SMB,Organic Search
ACC03229,2024-05-08,APAC,Mid-Market,Paid Social
ACC03230,2024-05-08,Europe,Mid-Market,Paid Search
ACC03231,2024-05-08,North America,SMB,Organic Search
ACC03232,2024-05-08,North America,SMB,Organic Search
ACC03233,2024-05-08,India,SMB,Organic Search
ACC03234,2024-05-08,Europe,Enterprise,Referral
ACC03235,2024-05-08,Europe,SMB,Referral
ACC03236,2024-05-09,North America,SMB,Referral
ACC03237,2024-05-09,APAC,Mid-Market,Organic Search
ACC03238,2024-05-09,India,SMB,Organic Search
ACC03239,2024-05-09,Latin America,SMB,Referral
ACC03240,2024-05-09,Latin America,SMB,Organic Search
ACC03241,2024-05-09,APAC,Mid-Market,Paid Social
ACC03242,2024-05-09,India,SMB,Organic Search
ACC03243,2024-05-09,India,Mid-Market,Organic Search
ACC03244,2024-05-10,India,Mid-Market,Organic Search
ACC03245,2024-05-10,India,SMB,Paid Social
ACC03246,2024-05-10,APAC,Mid-Market,Organic Search
ACC03247,2024-05-10,North America,SMB,Referral
ACC03248,2024-05-10,North America,Mid-Market,Referral
ACC03249,2024-05-10,Latin America,SMB,Referral
ACC03250,2024-05-10,APAC,Enterprise,Paid Search
ACC03251,2024-05-10,North America,Mid-Market,Paid Social
ACC03252,2024-05-11,Europe,SMB,Paid Social
ACC03253,2024-05-11,India,Enterprise,Paid Search
ACC03254,2024-05-11,North America,SMB,Referral
ACC03255,2024-05-11,APAC,SMB,Referral
ACC03256,2024-05-11,APAC,Enterprise,Referral
ACC03257,2024-05-11,North America,Enterprise,Paid Search
ACC03258,2024-05-11,Europe,SMB,Organic Search
ACC03259,2024-05-11,Europe,Mid-Market,Organic Search
ACC03260,2024-05-12,Europe,SMB,Partner
ACC03261,2024-05-12,North America,Mid-Market,Referral
ACC03262,2024-05-12,Europe,Enterprise,Paid Social
ACC03263,2024-05-12,APAC,Mid-Market,Paid Search
ACC03264,2024-05-12,North America,SMB,Paid Social
ACC03265,2024-05-12,APAC,Mid-Market,Paid Search
ACC03266,2024-05-12,India,Mid-Market,Paid Social
ACC03267,2024-05-12,India,SMB,Paid Search
ACC03268,2024-05-13,North America,SMB,Partner
ACC03269,2024-05-13,India,Mid-Market,Organic Search
ACC03270,2024-05-13,APAC,Mid-Market,Paid Social
ACC03271,2024-05-13,North America,Mid-Market,Paid Social
ACC03272,2024-05-13,APAC,SMB,Organic Search
ACC03273,2024-05-14,APAC,Mid-Market,Partner
ACC03274,2024-05-14,India,SMB,Paid Search
ACC03275,2024-05-14,APAC,SMB,Paid Search
ACC03276,2024-05-14,Europe,SMB,Referral
ACC03277,2024-05-14,North America,Mid-Market,Paid Search
ACC03278,2024-05-14,Europe,Mid-Market,Referral
ACC03279,2024-05-14,APAC,Enterprise,Paid Search
ACC03280,2024-05-14,Latin America,Enterprise,Paid Search
ACC03281,2024-05-14,North America,Enterprise,Paid Search
ACC03282,2024-05-15,India,SMB,Paid Search
ACC03283,2024-05-15,Europe,Mid-Market,Paid Search
ACC03284,2024-05-15,India,SMB,Paid Search
ACC03285,2024-05-15,India,Enterprise,Referral
ACC03286,2024-05-15,North America,Mid-Market,Paid Social
ACC03287,2024-05-15,Latin America,SMB,Organic Search
ACC03288,2024-05-15,North America,Mid-Market,Partner
ACC03289,2024-05-15,Europe,Mid-Market,Paid Social
ACC03290,2024-05-16,APAC,Mid-Market,Paid Search
ACC03291,2024-05-16,Latin America,Mid-Market,Paid Social
ACC03292,2024-05-16,North America,Enterprise,Paid Search
ACC03293,2024-05-17,Europe,SMB,Organic Search
ACC03294,2024-05-17,Latin America,Mid-Market,Partner
ACC03295,2024-05-17,Europe,SMB,Partner
ACC03296,2024-05-17,Europe,SMB,Paid Search
ACC03297,2024-05-17,North America,SMB,Partner
ACC03298,2024-05-17,Europe,Enterprise,Paid Social
ACC03299,2024-05-17,North America,Mid-Market,Partner
ACC03300,2024-05-17,APAC,SMB,Organic Search
ACC03301,2024-05-17,North America,Enterprise,Paid Social
ACC03302,2024-05-17,APAC,SMB,Paid Social
ACC03303,2024-05-18,North America,Mid-Market,Referral
ACC03304,2024-05-18,APAC,Enterprise,Paid Search
ACC03305,2024-05-18,North America,SMB,Partner
ACC03306,2024-05-18,Europe,SMB,Partner
ACC03307,2024-05-18,Latin America,SMB,Organic Search
ACC03308,2024-05-18,North America,Enterprise,Paid Social
ACC03309,2024-05-19,Europe,SMB,Organic Search
ACC03310,2024-05-19,India,SMB,Paid Social
ACC03311,2024-05-19,India,SMB,Organic Search
ACC03312,2024-05-20,North America,SMB,Organic Search
ACC03313,2024-05-20,Latin America,SMB,Partner
ACC03314,2024-05-20,Europe,Mid-Market,Referral
ACC03315,2024-05-20,APAC,SMB,Organic Search
ACC03316,2024-05-20,North America,SMB,Paid Social
ACC03317,2024-05-20,North America,Mid-Market,Referral
ACC03318,2024-05-20,North America,SMB,Paid Search
ACC03319,2024-05-20,Europe,SMB,Paid Search
ACC03320,2024-05-20,Latin America,SMB,Organic Search
ACC03321,2024-05-21,North America,SMB,Paid Search
ACC03322,2024-05-21,India,SMB,Organic Search
ACC03323,2024-05-21,Europe,Mid-Market,Organic Search
ACC03324,2024-05-21,Europe,Mid-Market,Partner
ACC03325,2024-05-21,Europe,SMB,Paid Social
ACC03326,2024-05-22,North America,SMB,Partner
ACC03327,2024-05-22,APAC,SMB,Referral
ACC03328,2024-05-22,APAC,SMB,Organic Search
ACC03329,2024-05-23,India,SMB,Paid Social
ACC03330,2024-05-23,Latin America,SMB,Partner
ACC03331,2024-05-23,Latin America,Mid-Market,Paid Search
ACC03332,2024-05-23,Europe,SMB,Partner
ACC03333,2024-05-23,Europe,SMB,Paid Search
ACC03334,2024-05-23,Europe,Enterprise,Organic Search
ACC03335,2024-05-23,India,Enterprise,Referral
ACC03336,2024-05-24,Europe,SMB,Paid Social
ACC03337,2024-05-24,North America,SMB,Paid Social
ACC03338,2024-05-24,Europe,SMB,Referral
ACC03339,2024-05-24,APAC,SMB,Paid Search
ACC03340,2024-05-24,North America,SMB,Partner
ACC03341,2024-05-24,Latin America,Mid-Market,Paid Search
ACC03342,2024-05-24,Latin America,Mid-Market,Paid Social
ACC03343,2024-05-24,North America,SMB,Organic Search
ACC03344,2024-05-24,Europe,Mid-Market,Partner
ACC03345,2024-05-24,Europe,Mid-Market,Paid Search
ACC03346,2024-05-25,Europe,SMB,Partner
ACC03347,2024-05-25,Europe,Mid-Market,Paid Social
ACC03348,2024-05-25,North America,Enterprise,Referral
ACC03349,2024-05-26,APAC,SMB,Paid Search
ACC03350,2024-05-26,Latin America,Enterprise,Partner
ACC03351,2024-05-27,APAC,SMB,Organic Search
ACC03352,2024-05-27,North America,Mid-Market,Paid Social
ACC03353,2024-05-27,Latin America,SMB,Paid Social
ACC03354,2024-05-27,North America,SMB,Partner
ACC03355,2024-05-27,APAC,Enterprise,Organic Search
ACC03356,2024-05-27,Latin America,Mid-Market,Paid Social
ACC03357,2024-05-27,Europe,Mid-Market,Paid Search
ACC03358,2024-05-27,North America,SMB,Organic Search
ACC03359,2024-05-27,North America,SMB,Organic Search
ACC03360,2024-05-27,Europe,SMB,Paid Social
ACC03361,2024-05-28,North America,SMB,Paid Search
ACC03362,2024-05-28,Europe,Mid-Market,Paid Social
ACC03363,2024-05-28,Europe,Mid-Market,Organic Search
ACC03364,2024-05-28,Europe,SMB,Partner
ACC03365,2024-05-28,North America,SMB,Referral
ACC03366,2024-05-28,Europe,SMB,Referral
ACC03367,2024-05-28,India,Mid-Market,Paid Search
ACC03368,2024-05-28,India,SMB,Paid Social
ACC03369,2024-05-28,North America,SMB,Paid Social
ACC03370,2024-05-28,North America,SMB,Referral
ACC03371,2024-05-28,Europe,Mid-Market,Paid Search
ACC03372,2024-05-29,North America,SMB,Partner
ACC03373,2024-05-29,Latin America,Mid-Market,Partner
ACC03374,2024-05-30,Europe,SMB,Partner
ACC03375,2024-05-30,North America,SMB,Paid Search
ACC03376,2024-05-30,India,SMB,Organic Search
ACC03377,2024-05-30,Europe,SMB,Paid Search
ACC03378,2024-05-30,North America,SMB,Paid Social
ACC03379,2024-05-31,India,Mid-Market,Paid Search
ACC03380,2024-05-31,APAC,Mid-Market,Organic Search
ACC03381,2024-05-31,Europe,SMB,Referral
ACC03382,2024-05-31,Europe,SMB,Partner
ACC03383,2024-06-01,Latin America,SMB,Referral
ACC03384,2024-06-01,North America,SMB,Organic Search
ACC03385,2024-06-01,North America,Mid-Market,Paid Search
ACC03386,2024-06-02,North America,Mid-Market,Paid Search
ACC03387,2024-06-02,Europe,Mid-Market,Paid Search
ACC03388,2024-06-02,India,SMB,Organic Search
ACC03389,2024-06-02,India,Mid-Market,Referral
ACC03390,2024-06-02,APAC,Enterprise,Organic Search
ACC03391,2024-06-02,APAC,SMB,Paid Search
ACC03392,2024-06-02,Latin America,SMB,Partner
ACC03393,2024-06-03,India,SMB,Paid Social
ACC03394,2024-06-03,North America,SMB,Paid Search
ACC03395,2024-06-03,APAC,SMB,Paid Search
ACC03396,2024-06-03,North America,Mid-Market,Partner
ACC03397,2024-06-03,Europe,Mid-Market,Partner
ACC03398,2024-06-03,Europe,SMB,Paid Social
ACC03399,2024-06-03,India,SMB,Paid Social
ACC03400,2024-06-04,Europe,Enterprise,Paid Social
ACC03401,2024-06-04,APAC,SMB,Referral
ACC03402,2024-06-04,Europe,SMB,Paid Search
ACC03403,2024-06-04,India,Mid-Market,Organic Search
ACC03404,2024-06-04,APAC,Mid-Market,Paid Social
ACC03405,2024-06-04,India,SMB,Paid Social
ACC03406,2024-06-04,India,Mid-Market,Paid Social
ACC03407,2024-06-04,India,SMB,Paid Search
ACC03408,2024-06-05,North America,SMB,Organic Search
ACC03409,2024-06-05,North America,Mid-Market,Organic Search
ACC03410,2024-06-05,India,SMB,Paid Social
ACC03411,2024-06-05,Europe,SMB,Organic Search
ACC03412,2024-06-06,India,SMB,Organic Search
ACC03413,2024-06-06,Latin America,Mid-Market,Paid Search
ACC03414,2024-06-06,India,SMB,Paid Social
ACC03415,2024-06-06,North America,SMB,Referral
ACC03416,2024-06-06,Europe,SMB,Paid Social
ACC03417,2024-06-07,Europe,SMB,Paid Search
ACC03418,2024-06-07,North America,SMB,Paid Search
ACC03419,2024-06-07,India,SMB,Partner
ACC03420,2024-06-08,Europe,Mid-Market,Organic Search
ACC03421,2024-06-08,North America,SMB,Organic Search
ACC03422,2024-06-08,APAC,SMB,Partner
ACC03423,2024-06-08,North America,SMB,Referral
ACC03424,2024-06-08,North America,SMB,Organic Search
ACC03425,2024-06-09,Europe,Mid-Market,Organic Search
ACC03426,2024-06-09,North America,SMB,Paid Social
ACC03427,2024-06-09,North America,SMB,Paid Search
ACC03428,2024-06-09,North America,Mid-Market,Partner
ACC03429,2024-06-09,APAC,SMB,Paid Search
ACC03430,2024-06-10,North America,SMB,Paid Search
ACC03431,2024-06-10,India,Mid-Market,Partner
ACC03432,2024-06-10,Europe,Enterprise,Paid Social
ACC03433,2024-06-10,Europe,SMB,Paid Social
ACC03434,2024-06-10,India,SMB,Paid Social
ACC03435,2024-06-10,North America,Mid-Market,Paid Search
ACC03436,2024-06-10,Europe,Enterprise,Paid Search
ACC03437,2024-06-10,India,Mid-Market,Organic Search
ACC03438,2024-06-11,North America,SMB,Organic Search
ACC03439,2024-06-11,Latin America,SMB,Organic Search
ACC03440,2024-06-11,Europe,Enterprise,Paid Social
ACC03441,2024-06-11,APAC,Mid-Market,Referral
ACC03442,2024-06-11,India,Mid-Market,Referral
ACC03443,2024-06-12,North America,SMB,Paid Social
ACC03444,2024-06-12,Latin America,Enterprise,Paid Social
ACC03445,2024-06-12,Latin America,SMB,Referral
ACC03446,2024-06-12,North America,Mid-Market,Paid Search
ACC03447,2024-06-12,North America,SMB,Organic Search
ACC03448,2024-06-12,APAC,SMB,Referral
ACC03449,2024-06-12,North America,Enterprise,Organic Search
ACC03450,2024-06-12,APAC,SMB,Referral
ACC03451,2024-06-12,APAC,Enterprise,Organic Search
ACC03452,2024-06-13,Europe,Mid-Market,Referral
ACC03453,2024-06-13,APAC,SMB,Paid Search
ACC03454,2024-06-13,APAC,Mid-Market,Referral
ACC03455,2024-06-13,Europe,SMB,Paid Search
ACC03456,2024-06-13,APAC,Mid-Market,Paid Social
ACC03457,2024-06-13,North America,SMB,Organic Search
ACC03458,2024-06-13,North America,SMB,Partner
ACC03459,2024-06-13,India,SMB,Referral
ACC03460,2024-06-13,APAC,Mid-Market,Organic Search
ACC03461,2024-06-14,APAC,SMB,Partner
ACC03462,2024-06-14,India,Enterprise,Partner
ACC03463,2024-06-14,India,Enterprise,Referral
ACC03464,2024-06-14,APAC,Enterprise,Referral
ACC03465,2024-06-14,India,SMB,Organic Search
ACC03466,2024-06-14,North America,Mid-Market,Organic Search
ACC03467,2024-06-14,Europe,SMB,Organic Search
ACC03468,2024-06-15,Europe,Mid-Market,Paid Social
ACC03469,2024-06-15,APAC,Mid-Market,Paid Search
ACC03470,2024-06-15,North America,SMB,Paid Social
ACC03471,2024-06-15,North America,SMB,Paid Social
ACC03472,2024-06-15,APAC,SMB,Paid Social
ACC03473,2024-06-15,North America,SMB,Organic Search
ACC03474,2024-06-16,North America,Mid-Market,Referral
ACC03475,2024-06-16,North America,Mid-Market,Partner
ACC03476,2024-06-16,Latin America,SMB,Paid Search
ACC03477,2024-06-17,Latin America,SMB,Referral
ACC03478,2024-06-17,Europe,Enterprise,Paid Social
ACC03479,2024-06-17,North America,Enterprise,Paid Social
ACC03480,2024-06-18,North America,SMB,Partner
ACC03481,2024-06-18,India,Enterprise,Organic Search
ACC03482,2024-06-18,Latin America,SMB,Paid Search
ACC03483,2024-06-18,APAC,SMB,Referral
ACC03484,2024-06-18,APAC,SMB,Organic Search
ACC03485,2024-06-19,Europe,Mid-Market,Paid Search
ACC03486,2024-06-19,Europe,SMB,Organic Search
ACC03487,2024-06-19,North America,SMB,Organic Search
ACC03488,2024-06-19,North America,Mid-Market,Partner
ACC03489,2024-06-19,India,Enterprise,Organic Search
ACC03490,2024-06-19,Europe,Mid-Market,Paid Search
ACC03491,2024-06-19,Europe,SMB,Organic Search
ACC03492,2024-06-19,North America,SMB,Organic Search
ACC03493,2024-06-19,North America,Mid-Market,Referral
ACC03494,2024-06-20,APAC,Mid-Market,Organic Search
ACC03495,2024-06-20,India,Enterprise,Organic Search
ACC03496,2024-06-20,North America,Enterprise,Referral
ACC03497,2024-06-21,North America,Mid-Market,Partner
ACC03498,2024-06-21,Europe,SMB,Referral
ACC03499,2024-06-21,North America,Mid-Market,Referral
ACC03500,2024-06-21,North America,SMB,Partner
ACC03501,2024-06-21,North America,SMB,Paid Social
ACC03502,2024-06-21,APAC,SMB,Organic Search
ACC03503,2024-06-21,North America,SMB,Paid Search
ACC03504,2024-06-21,India,SMB,Paid Search
ACC03505,2024-06-21,Europe,SMB,Paid Social
ACC03506,2024-06-22,Europe,Enterprise,Referral
ACC03507,2024-06-22,North America,Mid-Market,Referral
ACC03508,2024-06-22,North America,SMB,Paid Social
ACC03509,2024-06-22,Latin America,SMB,Paid Social
ACC03510,2024-06-23,North America,SMB,Referral
ACC03511,2024-06-23,North America,Mid-Market,Referral
ACC03512,2024-06-23,Latin America,SMB,Partner
ACC03513,2024-06-23,India,SMB,Paid Search
ACC03514,2024-06-23,APAC,SMB,Paid Social
ACC03515,2024-06-24,Europe,Mid-Market,Partner
ACC03516,2024-06-24,Latin America,Mid-Market,Referral
ACC03517,2024-06-24,Europe,SMB,Paid Social
ACC03518,2024-06-24,Latin America,SMB,Organic Search
ACC03519,2024-06-24,North America,SMB,Organic Search
ACC03520,2024-06-25,APAC,SMB,Referral
ACC03521,2024-06-25,India,SMB,Referral
ACC03522,2024-06-25,Latin America,SMB,Organic Search
ACC03523,2024-06-25,North America,Enterprise,Referral
ACC03524,2024-06-25,North America,SMB,Referral
ACC03525,2024-06-25,Europe,SMB,Paid Social
ACC03526,2024-06-25,India,SMB,Paid Social
ACC03527,2024-06-25,APAC,SMB,Partner
ACC03528,2024-06-25,North America,SMB,Paid Social
ACC03529,2024-06-25,Latin America,Enterprise,Organic Search
ACC03530,2024-06-25,India,SMB,Referral
ACC03531,2024-06-26,India,SMB,Paid Search
ACC03532,2024-06-26,India,Mid-Market,Partner
ACC03533,2024-06-26,APAC,Mid-Market,Paid Search
ACC03534,2024-06-26,North America,SMB,Paid Social
ACC03535,2024-06-26,India,Mid-Market,Paid Search
ACC03536,2024-06-27,North America,Mid-Market,Organic Search
ACC03537,2024-06-27,North America,SMB,Referral
ACC03538,2024-06-27,North America,Mid-Market,Partner
ACC03539,2024-06-27,APAC,SMB,Paid Social
ACC03540,2024-06-27,Latin America,Mid-Market,Organic Search
ACC03541,2024-06-27,Europe,Mid-Market,Paid Search
ACC03542,2024-06-27,North America,Enterprise,Paid Social
ACC03543,2024-06-27,Europe,SMB,Paid Social
ACC03544,2024-06-27,India,SMB,Paid Social
ACC03545,2024-06-27,Europe,Enterprise,Referral
ACC03546,2024-06-28,India,SMB,Paid Search
ACC03547,2024-06-28,India,SMB,Referral
ACC03548,2024-06-28,Latin America,SMB,Paid Search
ACC03549,2024-06-29,Europe,SMB,Paid Search
ACC03550,2024-06-29,Europe,SMB,Organic Search
ACC03551,2024-06-29,North America,SMB,Paid Social
ACC03552,2024-06-29,India,Mid-Market,Organic Search
ACC03553,2024-06-29,Europe,Mid-Market,Referral
ACC03554,2024-06-30,North America,Mid-Market,Organic Search
ACC03555,2024-06-30,North America,SMB,Paid Search
ACC03556,2024-06-30,Europe,SMB,Referral
ACC03557,2024-06-30,APAC,SMB,Partner
ACC03558,2024-07-01,APAC,SMB,Organic Search
ACC03559,2024-07-01,APAC,SMB,Partner
ACC03560,2024-07-01,APAC,Enterprise,Paid Social
ACC03561,2024-07-01,Europe,SMB,Paid Search
ACC03562,2024-07-01,India,SMB,Organic Search
ACC03563,2024-07-01,North America,SMB,Organic Search
ACC03564,2024-07-01,APAC,SMB,Organic Search
ACC03565,2024-07-01,APAC,Enterprise,Organic Search
ACC03566,2024-07-01,North America,SMB,Organic Search
ACC03567,2024-07-01,North America,Mid-Market,Organic Search
ACC03568,2024-07-01,APAC,Mid-Market,Paid Social
ACC03569,2024-07-01,North America,SMB,Paid Search
ACC03570,2024-07-01,Europe,Enterprise,Paid Search
ACC03571,2024-07-02,North America,SMB,Paid Social
ACC03572,2024-07-02,North America,SMB,Organic Search
ACC03573,2024-07-02,APAC,Mid-Market,Paid Search
ACC03574,2024-07-02,Europe,SMB,Paid Search
ACC03575,2024-07-02,Latin America,Enterprise,Paid Social
ACC03576,2024-07-02,North America,SMB,Referral
ACC03577,2024-07-02,Europe,SMB,Paid Search
ACC03578,2024-07-02,North America,Mid-Market,Paid Social
ACC03579,2024-07-02,India,Mid-Market,Referral
ACC03580,2024-07-02,North America,SMB,Paid Search
ACC03581,2024-07-02,APAC,SMB,Organic Search
ACC03582,2024-07-02,APAC,SMB,Paid Social
ACC03583,2024-07-02,North America,SMB,Paid Search
ACC03584,2024-07-03,North America,Mid-Market,Paid Social
ACC03585,2024-07-03,North America,Mid-Market,Paid Social
ACC03586,2024-07-03,APAC,SMB,Referral
ACC03587,2024-07-04,Latin America,SMB,Referral
ACC03588,2024-07-04,North America,SMB,Paid Search
ACC03589,2024-07-04,North America,SMB,Organic Search
ACC03590,2024-07-04,Latin America,Enterprise,Paid Social
ACC03591,2024-07-04,Europe,Mid-Market,Paid Social
ACC03592,2024-07-04,North America,SMB,Referral
ACC03593,2024-07-04,Europe,SMB,Organic Search
ACC03594,2024-07-04,Latin America,SMB,Referral
ACC03595,2024-07-04,APAC,SMB,Referral
ACC03596,2024-07-05,India,Enterprise,Organic Search
ACC03597,2024-07-05,North America,Enterprise,Organic Search
ACC03598,2024-07-05,APAC,SMB,Referral
ACC03599,2024-07-05,APAC,SMB,Paid Social
ACC03600,2024-07-06,India,SMB,Paid Search
ACC03601,2024-07-06,Latin America,SMB,Paid Search
ACC03602,2024-07-06,Europe,Mid-Market,Paid Search
ACC03603,2024-07-07,Europe,SMB,Organic Search
ACC03604,2024-07-07,APAC,Mid-Market,Partner
ACC03605,2024-07-07,North America,SMB,Referral
ACC03606,2024-07-07,India,SMB,Partner
ACC03607,2024-07-07,India,SMB,Organic Search
ACC03608,2024-07-07,APAC,Mid-Market,Paid Social
ACC03609,2024-07-08,North America,SMB,Organic Search
ACC03610,2024-07-08,North America,SMB,Paid Social
ACC03611,2024-07-08,India,SMB,Paid Social
ACC03612,2024-07-08,APAC,SMB,Paid Social
ACC03613,2024-07-08,North America,SMB,Organic Search
ACC03614,2024-07-09,APAC,Mid-Market,Paid Search
ACC03615,2024-07-09,North America,Enterprise,Paid Social
ACC03616,2024-07-09,North America,Mid-Market,Paid Social
ACC03617,2024-07-09,Latin America,SMB,Paid Social
ACC03618,2024-07-09,India,Mid-Market,Referral
ACC03619,2024-07-09,APAC,SMB,Partner
ACC03620,2024-07-09,APAC,SMB,Referral
ACC03621,2024-07-10,North America,SMB,Paid Search
ACC03622,2024-07-10,North America,Mid-Market,Organic Search
ACC03623,2024-07-10,Europe,SMB,Paid Social
ACC03624,2024-07-10,APAC,SMB,Referral
ACC03625,2024-07-10,Europe,SMB,Referral
ACC03626,2024-07-10,Latin America,Enterprise,Paid Social
ACC03627,2024-07-10,North America,Mid-Market,Partner
ACC03628,2024-07-10,North America,SMB,Paid Social
ACC03629,2024-07-10,India,Mid-Market,Paid Search
ACC03630,2024-07-10,North America,Mid-Market,Organic Search
ACC03631,2024-07-10,Europe,SMB,Partner
ACC03632,2024-07-11,North America,SMB,Organic Search
ACC03633,2024-07-11,APAC,SMB,Referral
ACC03634,2024-07-11,India,SMB,Organic Search
ACC03635,2024-07-11,India,SMB,Paid Social
ACC03636,2024-07-11,Europe,SMB,Paid Search
ACC03637,2024-07-11,India,Mid-Market,Paid Search
ACC03638,2024-07-12,India,Mid-Market,Paid Social
ACC03639,2024-07-12,India,SMB,Organic Search
ACC03640,2024-07-12,India,SMB,Partner
ACC03641,2024-07-12,Latin America,SMB,Paid Social
ACC03642,2024-07-12,North America,Mid-Market,Referral
ACC03643,2024-07-12,APAC,Enterprise,Organic Search
ACC03644,2024-07-12,Latin America,Mid-Market,Paid Social
ACC03645,2024-07-12,APAC,SMB,Paid Social
ACC03646,2024-07-13,North America,SMB,Paid Social
ACC03647,2024-07-13,APAC,Mid-Market,Organic Search
ACC03648,2024-07-13,North America,Mid-Market,Paid Social
ACC03649,2024-07-13,APAC,SMB,Paid Search
ACC03650,2024-07-13,Latin America,SMB,Paid Social
ACC03651,2024-07-13,North America,Mid-Market,Paid Social
ACC03652,2024-07-13,APAC,Mid-Market,Organic Search
ACC03653,2024-07-14,North America,Mid-Market,Paid Search
ACC03654,2024-07-14,Europe,SMB,Paid Social
ACC03655,2024-07-15,India,SMB,Organic Search
ACC03656,2024-07-15,APAC,Mid-Market,Referral
ACC03657,2024-07-15,Europe,Enterprise,Paid Social
ACC03658,2024-07-15,Europe,Mid-Market,Paid Social
ACC03659,2024-07-15,APAC,SMB,Paid Search
ACC03660,2024-07-15,India,SMB,Paid Social
ACC03661,2024-07-15,India,Mid-Market,Organic Search
ACC03662,2024-07-15,Europe,Enterprise,Referral
ACC03663,2024-07-15,APAC,Mid-Market,Paid Social
ACC03664,2024-07-15,Europe,Mid-Market,Paid Social
ACC03665,2024-07-15,APAC,Mid-Market,Organic Search
ACC03666,2024-07-15,India,SMB,Organic Search
ACC03667,2024-07-15,India,SMB,Organic Search
ACC03668,2024-07-15,APAC,SMB,Organic Search
ACC03669,2024-07-15,Europe,Enterprise,Paid Search
ACC03670,2024-07-16,Latin America,SMB,Paid Social
ACC03671,2024-07-16,Europe,SMB,Organic Search
ACC03672,2024-07-16,Europe,SMB,Partner
ACC03673,2024-07-16,Europe,Mid-Market,Paid Social
ACC03674,2024-07-16,Latin America,Mid-Market,Referral
ACC03675,2024-07-16,APAC,SMB,Partner
ACC03676,2024-07-16,India,SMB,Paid Social
ACC03677,2024-07-16,India,Mid-Market,Paid Search
ACC03678,2024-07-16,India,Enterprise,Referral
ACC03679,2024-07-17,North America,SMB,Paid Search
ACC03680,2024-07-17,Latin America,SMB,Partner
ACC03681,2024-07-17,Latin America,Mid-Market,Paid Social
ACC03682,2024-07-17,APAC,SMB,Partner
ACC03683,2024-07-17,Europe,Enterprise,Organic Search
ACC03684,2024-07-17,North America,SMB,Referral
ACC03685,2024-07-17,APAC,SMB,Organic Search
ACC03686,2024-07-17,APAC,SMB,Paid Search
ACC03687,2024-07-18,North America,SMB,Referral
ACC03688,2024-07-18,Latin America,SMB,Organic Search
ACC03689,2024-07-18,APAC,SMB,Referral
ACC03690,2024-07-18,India,Mid-Market,Paid Search
ACC03691,2024-07-18,Europe,SMB,Paid Search
ACC03692,2024-07-18,APAC,Mid-Market,Paid Social
ACC03693,2024-07-18,Latin America,SMB,Organic Search
ACC03694,2024-07-19,North America,SMB,Paid Search
ACC03695,2024-07-19,North America,Enterprise,Partner
ACC03696,2024-07-19,Europe,SMB,Paid Search
ACC03697,2024-07-19,Europe,SMB,Paid Social
ACC03698,2024-07-19,North America,SMB,Referral
ACC03699,2024-07-19,India,Enterprise,Partner
ACC03700,2024-07-19,North America,SMB,Organic Search
ACC03701,2024-07-19,North America,SMB,Organic Search
ACC03702,2024-07-19,APAC,Enterprise,Paid Search
ACC03703,2024-07-19,Europe,Mid-Market,Organic Search
ACC03704,2024-07-20,APAC,Mid-Market,Paid Search
ACC03705,2024-07-20,North America,SMB,Paid Search
ACC03706,2024-07-20,APAC,SMB,Referral
ACC03707,2024-07-20,Europe,Mid-Market,Organic Search
ACC03708,2024-07-20,Europe,Mid-Market,Paid Social
ACC03709,2024-07-20,North America,Mid-Market,Referral
ACC03710,2024-07-20,India,Mid-Market,Organic Search
ACC03711,2024-07-21,APAC,Mid-Market,Paid Social
ACC03712,2024-07-21,Latin America,SMB,Paid Social
ACC03713,2024-07-21,APAC,SMB,Paid Social
ACC03714,2024-07-21,North America,SMB,Organic Search
ACC03715,2024-07-21,North America,Mid-Market,Referral
ACC03716,2024-07-21,APAC,Mid-Market,Paid Social
ACC03717,2024-07-21,APAC,SMB,Organic Search
ACC03718,2024-07-21,APAC,SMB,Paid Social
ACC03719,2024-07-21,Europe,Enterprise,Paid Search
ACC03720,2024-07-21,APAC,Mid-Market,Paid Social
ACC03721,2024-07-21,India,SMB,Organic Search
ACC03722,2024-07-21,North America,SMB,Organic Search
ACC03723,2024-07-22,North America,Enterprise,Organic Search
ACC03724,2024-07-22,Europe,Mid-Market,Paid Search
ACC03725,2024-07-22,APAC,SMB,Paid Social
ACC03726,2024-07-23,India,Mid-Market,Paid Search
ACC03727,2024-07-23,India,SMB,Organic Search
ACC03728,2024-07-23,Europe,SMB,Paid Search
ACC03729,2024-07-23,Latin America,Mid-Market,Partner
ACC03730,2024-07-23,Europe,Mid-Market,Referral
ACC03731,2024-07-23,APAC,SMB,Paid Social
ACC03732,2024-07-23,North America,SMB,Organic Search
ACC03733,2024-07-24,North America,SMB,Paid Search
ACC03734,2024-07-24,Europe,SMB,Organic Search
ACC03735,2024-07-24,North America,Mid-Market,Partner
ACC03736,2024-07-24,APAC,Mid-Market,Referral
ACC03737,2024-07-25,North America,Enterprise,Organic Search
ACC03738,2024-07-25,Europe,Mid-Market,Paid Search
ACC03739,2024-07-25,APAC,Mid-Market,Paid Social
ACC03740,2024-07-25,Latin America,SMB,Paid Search
ACC03741,2024-07-25,Latin America,Mid-Market,Referral
ACC03742,2024-07-25,APAC,Enterprise,Organic Search
ACC03743,2024-07-25,APAC,Mid-Market,Paid Social
ACC03744,2024-07-25,India,SMB,Referral
ACC03745,2024-07-26,APAC,SMB,Paid Social
ACC03746,2024-07-26,India,Mid-Market,Paid Social
ACC03747,2024-07-26,North America,Enterprise,Paid Social
ACC03748,2024-07-26,APAC,Enterprise,Paid Social
ACC03749,2024-07-26,APAC,SMB,Partner
ACC03750,2024-07-27,Europe,SMB,Partner
ACC03751,2024-07-27,India,Mid-Market,Paid Search
ACC03752,2024-07-27,APAC,SMB,Paid Social
ACC03753,2024-07-28,APAC,Mid-Market,Paid Search
ACC03754,2024-07-28,APAC,SMB,Referral
ACC03755,2024-07-28,North America,SMB,Paid Search
ACC03756,2024-07-28,Europe,SMB,Paid Search
ACC03757,2024-07-28,North America,SMB,Paid Social
ACC03758,2024-07-29,Latin America,SMB,Organic Search
ACC03759,2024-07-29,India,SMB,Partner
ACC03760,2024-07-29,Latin America,SMB,Paid Search
ACC03761,2024-07-29,India,Mid-Market,Organic Search
ACC03762,2024-07-30,Europe,SMB,Partner
ACC03763,2024-07-30,APAC,SMB,Paid Search
ACC03764,2024-07-30,India,SMB,Paid Social
ACC03765,2024-07-30,APAC,SMB,Referral
ACC03766,2024-07-30,Europe,SMB,Referral
ACC03767,2024-07-30,North America,SMB,Paid Social
ACC03768,2024-07-30,North America,Mid-Market,Organic Search
ACC03769,2024-07-31,India,Enterprise,Paid Social
ACC03770,2024-07-31,APAC,SMB,Partner
ACC03771,2024-07-31,Europe,SMB,Organic Search
ACC03772,2024-07-31,APAC,SMB,Partner
ACC03773,2024-07-31,North America,SMB,Paid Search
ACC03774,2024-07-31,Europe,Mid-Market,Partner
ACC03775,2024-08-01,Latin America,SMB,Referral
ACC03776,2024-08-01,APAC,SMB,Paid Search
ACC03777,2024-08-01,Europe,Mid-Market,Paid Search
ACC03778,2024-08-01,APAC,SMB,Paid Search
ACC03779,2024-08-02,Europe,SMB,Organic Search
ACC03780,2024-08-02,India,SMB,Paid Social
ACC03781,2024-08-02,Europe,Mid-Market,Referral
ACC03782,2024-08-02,Europe,SMB,Paid Search
ACC03783,2024-08-02,APAC,SMB,Referral
ACC03784,2024-08-02,APAC,SMB,Paid Social
ACC03785,2024-08-02,Europe,SMB,Referral
ACC03786,2024-08-02,Latin America,SMB,Paid Social
ACC03787,2024-08-02,North America,Mid-Market,Paid Search
ACC03788,2024-08-02,India,SMB,Paid Search
ACC03789,2024-08-02,North America,Mid-Market,Paid Search
ACC03790,2024-08-02,India,SMB,Referral
ACC03791,2024-08-03,North America,Enterprise,Partner
ACC03792,2024-08-03,North America,Mid-Market,Paid Social
ACC03793,2024-08-04,India,SMB,Paid Social
ACC03794,2024-08-04,Europe,SMB,Referral
ACC03795,2024-08-04,APAC,SMB,Partner
ACC03796,2024-08-04,Europe,SMB,Organic Search
ACC03797,2024-08-04,North America,Enterprise,Paid Social
ACC03798,2024-08-04,Europe,SMB,Organic Search
ACC03799,2024-08-05,India,SMB,Paid Social
ACC03800,2024-08-05,APAC,SMB,Referral
ACC03801,2024-08-05,Europe,SMB,Referral
ACC03802,2024-08-06,North America,SMB,Paid Search
ACC03803,2024-08-06,APAC,SMB,Paid Search
ACC03804,2024-08-06,India,SMB,Organic Search
ACC03805,2024-08-06,North America,SMB,Paid Search
ACC03806,2024-08-06,APAC,SMB,Referral
ACC03807,2024-08-07,APAC,Mid-Market,Paid Social
ACC03808,2024-08-07,Europe,Enterprise,Paid Social
ACC03809,2024-08-07,Europe,SMB,Paid Social
ACC03810,2024-08-07,India,SMB,Referral
ACC03811,2024-08-07,Europe,SMB,Organic Search
ACC03812,2024-08-08,Latin America,Mid-Market,Referral
ACC03813,2024-08-08,APAC,SMB,Paid Social
ACC03814,2024-08-08,Europe,SMB,Paid Search
ACC03815,2024-08-08,India,SMB,Paid Search
ACC03816,2024-08-08,Europe,SMB,Paid Social
ACC03817,2024-08-08,Europe,Mid-Market,Partner
ACC03818,2024-08-09,Europe,Mid-Market,Paid Social
ACC03819,2024-08-09,APAC,SMB,Paid Search
ACC03820,2024-08-09,Europe,Mid-Market,Paid Search
ACC03821,2024-08-09,APAC,SMB,Paid Search
ACC03822,2024-08-09,India,SMB,Organic Search
ACC03823,2024-08-09,India,SMB,Referral
ACC03824,2024-08-09,Europe,SMB,Organic Search
ACC03825,2024-08-09,India,SMB,Referral
ACC03826,2024-08-09,Europe,Mid-Market,Organic Search
ACC03827,2024-08-09,Europe,Mid-Market,Organic Search
ACC03828,2024-08-10,India,SMB,Organic Search
ACC03829,2024-08-10,APAC,Mid-Market,Referral
ACC03830,2024-08-10,Latin America,Mid-Market,Paid Social
ACC03831,2024-08-10,North America,Mid-Market,Paid Social
ACC03832,2024-08-10,Latin America,SMB,Partner
ACC03833,2024-08-10,India,Enterprise,Organic Search
ACC03834,2024-08-11,APAC,SMB,Paid Social
ACC03835,2024-08-11,APAC,SMB,Paid Social
ACC03836,2024-08-12,Europe,SMB,Referral
ACC03837,2024-08-12,APAC,Mid-Market,Organic Search
ACC03838,2024-08-12,India,Mid-Market,Organic Search
ACC03839,2024-08-12,North America,SMB,Referral
ACC03840,2024-08-12,India,SMB,Paid Social
ACC03841,2024-08-13,Europe,SMB,Paid Search
ACC03842,2024-08-13,North America,SMB,Paid Social
ACC03843,2024-08-13,India,SMB,Organic Search
ACC03844,2024-08-13,India,Mid-Market,Organic Search
ACC03845,2024-08-13,Latin America,SMB,Paid Social
ACC03846,2024-08-13,North America,Mid-Market,Paid Search
ACC03847,2024-08-13,APAC,SMB,Referral
ACC03848,2024-08-13,India,SMB,Paid Search
ACC03849,2024-08-13,India,Mid-Market,Paid Search
ACC03850,2024-08-13,Europe,SMB,Paid Search
ACC03851,2024-08-13,APAC,SMB,Paid Search
ACC03852,2024-08-13,North America,SMB,Organic Search
ACC03853,2024-08-14,North America,SMB,Organic Search
ACC03854,2024-08-14,North America,SMB,Organic Search
ACC03855,2024-08-14,India,SMB,Paid Social
ACC03856,2024-08-14,India,SMB,Paid Search
ACC03857,2024-08-14,Europe,Enterprise,Organic Search
ACC03858,2024-08-14,APAC,SMB,Referral
ACC03859,2024-08-14,North America,SMB,Paid Search
ACC03860,2024-08-14,Europe,SMB,Organic Search
ACC03861,2024-08-14,North America,SMB,Organic Search
ACC03862,2024-08-15,Latin America,SMB,Paid Social
ACC03863,2024-08-15,North America,SMB,Organic Search
ACC03864,2024-08-15,Latin America,Mid-Market,Referral
ACC03865,2024-08-15,India,Mid-Market,Partner
ACC03866,2024-08-15,Latin America,Mid-Market,Paid Search
ACC03867,2024-08-15,APAC,SMB,Partner
ACC03868,2024-08-15,Latin America,SMB,Referral
ACC03869,2024-08-16,Europe,SMB,Organic Search
ACC03870,2024-08-16,India,SMB,Paid Search
ACC03871,2024-08-16,Europe,Mid-Market,Organic Search
ACC03872,2024-08-16,North America,Enterprise,Paid Search
ACC03873,2024-08-16,APAC,SMB,Paid Social
ACC03874,2024-08-16,India,SMB,Partner
ACC03875,2024-08-16,Europe,Mid-Market,Referral
ACC03876,2024-08-16,India,SMB,Paid Social
ACC03877,2024-08-16,APAC,Mid-Market,Paid Social
ACC03878,2024-08-17,India,SMB,Paid Search
ACC03879,2024-08-17,APAC,SMB,Organic Search
ACC03880,2024-08-17,North America,SMB,Referral
ACC03881,2024-08-17,Europe,SMB,Referral
ACC03882,2024-08-17,Europe,SMB,Referral
ACC03883,2024-08-17,North America,SMB,Paid Search
ACC03884,2024-08-18,Europe,SMB,Paid Social
ACC03885,2024-08-18,India,Mid-Market,Paid Social
ACC03886,2024-08-18,North America,Mid-Market,Paid Search
ACC03887,2024-08-18,Europe,Enterprise,Referral
ACC03888,2024-08-18,APAC,Mid-Market,Paid Social
ACC03889,2024-08-18,Europe,SMB,Partner
ACC03890,2024-08-18,APAC,Mid-Market,Organic Search
ACC03891,2024-08-18,North America,SMB,Partner
ACC03892,2024-08-18,North America,Mid-Market,Paid Social
ACC03893,2024-08-19,Europe,Mid-Market,Paid Search
ACC03894,2024-08-19,North America,Mid-Market,Referral
ACC03895,2024-08-19,India,Mid-Market,Organic Search
ACC03896,2024-08-19,APAC,Enterprise,Organic Search
ACC03897,2024-08-19,Europe,Mid-Market,Organic Search
ACC03898,2024-08-19,North America,Enterprise,Partner
ACC03899,2024-08-19,North America,Mid-Market,Paid Social
ACC03900,2024-08-19,India,SMB,Partner
ACC03901,2024-08-19,APAC,SMB,Referral
ACC03902,2024-08-20,North America,SMB,Organic Search
ACC03903,2024-08-20,APAC,Mid-Market,Referral
ACC03904,2024-08-20,North America,Enterprise,Partner
ACC03905,2024-08-20,APAC,SMB,Referral
ACC03906,2024-08-20,North America,SMB,Organic Search
ACC03907,2024-08-20,North America,SMB,Paid Social
ACC03908,2024-08-20,North America,SMB,Paid Social
ACC03909,2024-08-20,Europe,Mid-Market,Referral
ACC03910,2024-08-20,Europe,SMB,Organic Search
ACC03911,2024-08-20,India,SMB,Paid Social
ACC03912,2024-08-21,North America,SMB,Paid Search
ACC03913,2024-08-21,North America,SMB,Partner
ACC03914,2024-08-21,Europe,SMB,Paid Social
ACC03915,2024-08-22,India,SMB,Paid Social
ACC03916,2024-08-22,India,SMB,Referral
ACC03917,2024-08-22,Europe,SMB,Referral
ACC03918,2024-08-22,APAC,Mid-Market,Paid Social
ACC03919,2024-08-22,APAC,SMB,Organic Search
ACC03920,2024-08-22,APAC,SMB,Paid Search
ACC03921,2024-08-23,India,SMB,Paid Search
ACC03922,2024-08-23,Europe,SMB,Referral
ACC03923,2024-08-23,APAC,SMB,Paid Social
ACC03924,2024-08-23,Latin America,SMB,Paid Social
ACC03925,2024-08-23,Latin America,Mid-Market,Paid Social
ACC03926,2024-08-23,North America,SMB,Paid Social
ACC03927,2024-08-24,North America,SMB,Referral
ACC03928,2024-08-24,India,SMB,Partner
ACC03929,2024-08-24,Europe,SMB,Organic Search
ACC03930,2024-08-24,North America,Mid-Market,Referral
ACC03931,2024-08-24,India,SMB,Organic Search
ACC03932,2024-08-24,North America,Mid-Market,Paid Search
ACC03933,2024-08-24,APAC,SMB,Paid Search
ACC03934,2024-08-24,APAC,SMB,Organic Search
ACC03935,2024-08-24,Latin America,Mid-Market,Paid Social
ACC03936,2024-08-25,Europe,SMB,Paid Search
ACC03937,2024-08-25,India,Mid-Market,Paid Social
ACC03938,2024-08-25,India,Mid-Market,Paid Social
ACC03939,2024-08-25,Latin America,SMB,Paid Social
ACC03940,2024-08-25,Europe,Mid-Market,Organic Search
ACC03941,2024-08-25,Europe,Mid-Market,Organic Search
ACC03942,2024-08-25,APAC,Enterprise,Organic Search
ACC03943,2024-08-26,Europe,SMB,Referral
ACC03944,2024-08-26,North America,Mid-Market,Organic Search
ACC03945,2024-08-26,North America,Mid-Market,Paid Search
ACC03946,2024-08-26,APAC,SMB,Paid Search
ACC03947,2024-08-26,APAC,SMB,Organic Search
ACC03948,2024-08-26,North America,SMB,Paid Search
ACC03949,2024-08-26,Europe,Mid-Market,Organic Search
ACC03950,2024-08-27,India,Mid-Market,Referral
ACC03951,2024-08-27,Europe,SMB,Paid Search
ACC03952,2024-08-27,North America,Mid-Market,Paid Social
ACC03953,2024-08-27,North America,Mid-Market,Paid Social
ACC03954,2024-08-27,India,Mid-Market,Paid Social
ACC03955,2024-08-27,India,SMB,Partner
ACC03956,2024-08-27,India,Mid-Market,Paid Social
ACC03957,2024-08-28,Latin America,Mid-Market,Paid Social
ACC03958,2024-08-28,India,Mid-Market,Organic Search
ACC03959,2024-08-28,Europe,Mid-Market,Referral
ACC03960,2024-08-28,India,SMB,Paid Search
ACC03961,2024-08-29,North America,Enterprise,Paid Social
ACC03962,2024-08-29,India,Mid-Market,Paid Social
ACC03963,2024-08-29,Europe,SMB,Paid Search
ACC03964,2024-08-29,Latin America,SMB,Paid Search
ACC03965,2024-08-29,Europe,SMB,Paid Social
ACC03966,2024-08-30,Latin America,SMB,Partner
ACC03967,2024-08-30,Europe,Mid-Market,Paid Social
ACC03968,2024-08-30,Latin America,Mid-Market,Partner
ACC03969,2024-08-30,APAC,Mid-Market,Paid Social
ACC03970,2024-08-30,India,Mid-Market,Organic Search
ACC03971,2024-08-30,North America,SMB,Partner
ACC03972,2024-08-31,India,Mid-Market,Referral
ACC03973,2024-08-31,North America,Enterprise,Paid Social
ACC03974,2024-08-31,Latin America,Mid-Market,Paid Social
ACC03975,2024-08-31,North America,Enterprise,Paid Social
ACC03976,2024-08-31,APAC,SMB,Paid Social
ACC03977,2024-08-31,India,Mid-Market,Partner
ACC03978,2024-09-01,India,Mid-Market,Paid Search
ACC03979,2024-09-01,Europe,SMB,Paid Social
ACC03980,2024-09-01,North America,SMB,Paid Social
ACC03981,2024-09-01,APAC,SMB,Referral
ACC03982,2024-09-01,North America,Enterprise,Organic Search
ACC03983,2024-09-01,APAC,SMB,Paid Search
ACC03984,2024-09-02,North America,Mid-Market,Paid Social
ACC03985,2024-09-02,APAC,SMB,Organic Search
ACC03986,2024-09-02,India,Mid-Market,Paid Social
ACC03987,2024-09-03,Latin America,Enterprise,Paid Search
ACC03988,2024-09-03,India,Enterprise,Paid Search
ACC03989,2024-09-03,Latin America,SMB,Referral
ACC03990,2024-09-03,APAC,Mid-Market,Paid Social
ACC03991,2024-09-03,Europe,SMB,Organic Search
ACC03992,2024-09-04,Europe,Mid-Market,Paid Social
ACC03993,2024-09-04,North America,Mid-Market,Paid Search
ACC03994,2024-09-04,India,SMB,Organic Search
ACC03995,2024-09-05,North America,SMB,Paid Search
ACC03996,2024-09-05,APAC,Mid-Market,Paid Social
ACC03997,2024-09-05,APAC,Mid-Market,Organic Search
ACC03998,2024-09-05,North America,SMB,Paid Social
ACC03999,2024-09-05,North America,Mid-Market,Paid Search
ACC04000,2024-09-06,APAC,Enterprise,Paid Search
ACC04001,2024-09-06,APAC,SMB,Paid Search
ACC04002,2024-09-06,Europe,SMB,Paid Search
ACC04003,2024-09-06,North America,SMB,Referral
ACC04004,2024-09-06,India,SMB,Paid Social
ACC04005,2024-09-06,India,Mid-Market,Organic Search
ACC04006,2024-09-06,North America,SMB,Organic Search
ACC04007,2024-09-06,Europe,Mid-Market,Paid Search
ACC04008,2024-09-06,North America,Enterprise,Paid Social
ACC04009,2024-09-06,Latin America,SMB,Paid Search
ACC04010,2024-09-07,APAC,Mid-Market,Paid Search
ACC04011,2024-09-07,India,SMB,Partner
ACC04012,2024-09-07,Europe,SMB,Paid Social
ACC04013,2024-09-08,India,SMB,Paid Social
ACC04014,2024-09-08,North America,SMB,Referral
ACC04015,2024-09-08,Europe,SMB,Partner
ACC04016,2024-09-08,India,Enterprise,Paid Search
ACC04017,2024-09-08,Europe,SMB,Paid Search
ACC04018,2024-09-08,Latin America,SMB,Paid Social
ACC04019,2024-09-08,APAC,Mid-Market,Paid Social
ACC04020,2024-09-08,APAC,SMB,Organic Search
ACC04021,2024-09-08,North America,Mid-Market,Paid Social
ACC04022,2024-09-08,Europe,SMB,Organic Search
ACC04023,2024-09-09,Europe,Mid-Market,Referral
ACC04024,2024-09-09,North America,Enterprise,Organic Search
ACC04025,2024-09-09,North America,SMB,Paid Social
ACC04026,2024-09-09,APAC,Enterprise,Referral
ACC04027,2024-09-09,North America,SMB,Paid Search
ACC04028,2024-09-09,India,SMB,Paid Social
ACC04029,2024-09-09,India,SMB,Referral
ACC04030,2024-09-09,Latin America,Mid-Market,Referral
ACC04031,2024-09-09,North America,SMB,Paid Social
ACC04032,2024-09-09,North America,Enterprise,Referral
ACC04033,2024-09-10,APAC,SMB,Partner
ACC04034,2024-09-10,APAC,SMB,Partner
ACC04035,2024-09-10,North America,SMB,Partner
ACC04036,2024-09-10,North America,SMB,Referral
ACC04037,2024-09-10,North America,SMB,Organic Search
ACC04038,2024-09-10,Europe,SMB,Paid Social
ACC04039,2024-09-11,Latin America,SMB,Paid Search
ACC04040,2024-09-11,Europe,SMB,Organic Search
ACC04041,2024-09-11,Europe,SMB,Paid Search
ACC04042,2024-09-11,India,Mid-Market,Organic Search
ACC04043,2024-09-11,North America,SMB,Paid Search
ACC04044,2024-09-11,Europe,SMB,Partner
ACC04045,2024-09-11,Europe,SMB,Paid Social
ACC04046,2024-09-11,North America,SMB,Partner
ACC04047,2024-09-11,India,SMB,Paid Social
ACC04048,2024-09-12,India,SMB,Organic Search
ACC04049,2024-09-12,Europe,Mid-Market,Partner
ACC04050,2024-09-12,Europe,Enterprise,Organic Search
ACC04051,2024-09-12,India,SMB,Paid Social
ACC04052,2024-09-12,North America,SMB,Partner
ACC04053,2024-09-13,APAC,SMB,Paid Social
ACC04054,2024-09-13,Europe,SMB,Organic Search
ACC04055,2024-09-13,Europe,Mid-Market,Paid Search
ACC04056,2024-09-13,Latin America,Mid-Market,Paid Search
ACC04057,2024-09-14,North America,Mid-Market,Partner
ACC04058,2024-09-14,Latin America,Mid-Market,Organic Search
ACC04059,2024-09-14,North America,SMB,Paid Search
ACC04060,2024-09-14,Europe,SMB,Partner
ACC04061,2024-09-14,North America,SMB,Organic Search
ACC04062,2024-09-14,North America,SMB,Paid Social
ACC04063,2024-09-15,Latin America,SMB,Paid Search
ACC04064,2024-09-15,Europe,SMB,Paid Social
ACC04065,2024-09-15,Europe,Mid-Market,Paid Search
ACC04066,2024-09-15,Europe,SMB,Paid Social
ACC04067,2024-09-15,India,SMB,Referral
ACC04068,2024-09-15,Europe,SMB,Paid Search
ACC04069,2024-09-15,APAC,SMB,Organic Search
ACC04070,2024-09-16,North America,SMB,Referral
ACC04071,2024-09-16,Europe,SMB,Paid Social
ACC04072,2024-09-16,Latin America,SMB,Partner
ACC04073,2024-09-16,Europe,Enterprise,Organic Search
ACC04074,2024-09-16,North America,Mid-Market,Partner
ACC04075,2024-09-16,Europe,SMB,Paid Social
ACC04076,2024-09-17,North America,Mid-Market,Referral
ACC04077,2024-09-17,North America,Enterprise,Referral
ACC04078,2024-09-18,India,SMB,Referral
ACC04079,2024-09-18,Europe,Mid-Market,Paid Social
ACC04080,2024-09-18,North America,SMB,Paid Social
ACC04081,2024-09-18,APAC,Mid-Market,Organic Search
ACC04082,2024-09-18,North America,SMB,Organic Search
ACC04083,2024-09-18,APAC,SMB,Paid Search
ACC04084,2024-09-18,North America,SMB,Partner
ACC04085,2024-09-18,North America,SMB,Paid Search
ACC04086,2024-09-18,North America,Mid-Market,Referral
ACC04087,2024-09-19,North America,SMB,Paid Social
ACC04088,2024-09-19,APAC,SMB,Paid Search
ACC04089,2024-09-19,Latin America,SMB,Paid Social
ACC04090,2024-09-19,India,Mid-Market,Referral
ACC04091,2024-09-19,North America,SMB,Organic Search
ACC04092,2024-09-19,North America,SMB,Paid Search
ACC04093,2024-09-19,APAC,SMB,Partner
ACC04094,2024-09-19,Europe,Mid-Market,Paid Social
ACC04095,2024-09-19,North America,SMB,Organic Search
ACC04096,2024-09-20,North America,SMB,Paid Social
ACC04097,2024-09-20,APAC,SMB,Referral
ACC04098,2024-09-20,North America,SMB,Organic Search
ACC04099,2024-09-20,India,SMB,Paid Social
ACC04100,2024-09-20,Europe,SMB,Organic Search
ACC04101,2024-09-20,India,SMB,Partner
ACC04102,2024-09-21,India,SMB,Organic Search
ACC04103,2024-09-21,APAC,SMB,Referral
ACC04104,2024-09-21,India,SMB,Partner
ACC04105,2024-09-21,North America,Enterprise,Referral
ACC04106,2024-09-21,Europe,SMB,Organic Search
ACC04107,2024-09-21,North America,SMB,Paid Search
ACC04108,2024-09-21,North America,Enterprise,Paid Search
ACC04109,2024-09-21,Europe,SMB,Paid Search
ACC04110,2024-09-21,APAC,SMB,Partner
ACC04111,2024-09-21,North America,Mid-Market,Paid Social
ACC04112,2024-09-22,APAC,Mid-Market,Organic Search
ACC04113,2024-09-22,North America,Enterprise,Paid Social
ACC04114,2024-09-22,APAC,Mid-Market,Paid Social
ACC04115,2024-09-22,APAC,SMB,Partner
ACC04116,2024-09-22,Latin America,SMB,Paid Search
ACC04117,2024-09-22,APAC,Mid-Market,Paid Search
ACC04118,2024-09-22,India,SMB,Paid Social
ACC04119,2024-09-22,North America,SMB,Partner
ACC04120,2024-09-23,North America,Mid-Market,Paid Social
ACC04121,2024-09-23,Europe,SMB,Organic Search
ACC04122,2024-09-23,APAC,Enterprise,Organic Search
ACC04123,2024-09-23,India,SMB,Paid Social
ACC04124,2024-09-24,North America,SMB,Paid Search
ACC04125,2024-09-24,APAC,SMB,Paid Social
ACC04126,2024-09-24,Europe,SMB,Organic Search
ACC04127,2024-09-24,APAC,SMB,Paid Search
ACC04128,2024-09-24,Europe,SMB,Organic Search
ACC04129,2024-09-25,North America,Enterprise,Partner
ACC04130,2024-09-25,APAC,Enterprise,Partner
ACC04131,2024-09-25,Europe,SMB,Organic Search
ACC04132,2024-09-25,North America,SMB,Partner
ACC04133,2024-09-25,APAC,SMB,Partner
ACC04134,2024-09-25,India,SMB,Paid Social
ACC04135,2024-09-25,Europe,SMB,Organic Search
ACC04136,2024-09-25,North America,Mid-Market,Paid Social
ACC04137,2024-09-25,North America,Enterprise,Paid Social
ACC04138,2024-09-25,India,SMB,Partner
ACC04139,2024-09-26,North America,SMB,Paid Social
ACC04140,2024-09-26,India,Mid-Market,Partner
ACC04141,2024-09-26,Europe,Mid-Market,Paid Social
ACC04142,2024-09-26,Latin America,SMB,Partner
ACC04143,2024-09-26,North America,Mid-Market,Organic Search
ACC04144,2024-09-26,APAC,SMB,Partner
ACC04145,2024-09-26,North America,SMB,Paid Search
ACC04146,2024-09-26,Europe,SMB,Paid Search
ACC04147,2024-09-27,Latin America,Mid-Market,Paid Search
ACC04148,2024-09-27,APAC,SMB,Referral
ACC04149,2024-09-27,Europe,SMB,Organic Search
ACC04150,2024-09-27,APAC,SMB,Referral
ACC04151,2024-09-28,North America,SMB,Referral
ACC04152,2024-09-28,North America,Enterprise,Paid Social
ACC04153,2024-09-28,North America,Mid-Market,Paid Social
ACC04154,2024-09-28,APAC,SMB,Paid Search
ACC04155,2024-09-28,India,Mid-Market,Referral
ACC04156,2024-09-28,North America,Enterprise,Paid Social
ACC04157,2024-09-28,North America,SMB,Organic Search
ACC04158,2024-09-28,APAC,SMB,Partner
ACC04159,2024-09-28,APAC,SMB,Organic Search
ACC04160,2024-09-28,India,SMB,Organic Search
ACC04161,2024-09-28,Europe,SMB,Organic Search
ACC04162,2024-09-28,North America,SMB,Paid Search
ACC04163,2024-09-28,Europe,SMB,Paid Search
ACC04164,2024-09-29,North America,SMB,Referral
ACC04165,2024-09-29,APAC,SMB,Paid Search
ACC04166,2024-09-29,APAC,SMB,Paid Search
ACC04167,2024-09-29,APAC,SMB,Organic Search
ACC04168,2024-09-29,North America,Mid-Market,Paid Social
ACC04169,2024-09-29,North America,Mid-Market,Paid Search
ACC04170,2024-09-29,Europe,SMB,Referral
ACC04171,2024-09-30,Latin America,SMB,Paid Search
ACC04172,2024-09-30,India,SMB,Organic Search
ACC04173,2024-09-30,Europe,Enterprise,Organic Search
ACC04174,2024-09-30,North America,SMB,Organic Search
ACC04175,2024-10-01,India,SMB,Organic Search
ACC04176,2024-10-01,India,Mid-Market,Paid Search
ACC04177,2024-10-01,North America,SMB,Paid Social
ACC04178,2024-10-01,Europe,Mid-Market,Referral
ACC04179,2024-10-01,Europe,SMB,Organic Search
ACC04180,2024-10-01,India,Enterprise,Organic Search
ACC04181,2024-10-01,APAC,SMB,Referral
ACC04182,2024-10-01,North America,Mid-Market,Paid Social
ACC04183,2024-10-01,North America,Mid-Market,Paid Social
ACC04184,2024-10-02,Europe,SMB,Paid Search
ACC04185,2024-10-02,APAC,Enterprise,Referral
ACC04186,2024-10-02,Europe,SMB,Paid Social
ACC04187,2024-10-02,Latin America,SMB,Organic Search
ACC04188,2024-10-02,Europe,SMB,Referral
ACC04189,2024-10-02,Europe,Mid-Market,Paid Social
ACC04190,2024-10-02,India,SMB,Paid Social
ACC04191,2024-10-02,India,Mid-Market,Partner
ACC04192,2024-10-02,APAC,Mid-Market,Paid Social
ACC04193,2024-10-02,India,SMB,Paid Search
ACC04194,2024-10-03,India,SMB,Partner
ACC04195,2024-10-03,North America,SMB,Referral
ACC04196,2024-10-03,Europe,SMB,Organic Search
ACC04197,2024-10-03,Europe,SMB,Organic Search
ACC04198,2024-10-03,North America,SMB,Paid Social
ACC04199,2024-10-03,APAC,SMB,Organic Search
ACC04200,2024-10-03,North America,Enterprise,Paid Social
ACC04201,2024-10-03,North America,SMB,Referral
ACC04202,2024-10-04,Europe,SMB,Organic Search
ACC04203,2024-10-04,North America,SMB,Organic Search
ACC04204,2024-10-04,Europe,SMB,Partner
ACC04205,2024-10-04,APAC,Mid-Market,Paid Social
ACC04206,2024-10-05,India,SMB,Partner
ACC04207,2024-10-05,Latin America,SMB,Organic Search
ACC04208,2024-10-05,Europe,SMB,Organic Search
ACC04209,2024-10-05,Europe,SMB,Organic Search
ACC04210,2024-10-05,North America,SMB,Organic Search
ACC04211,2024-10-05,North America,SMB,Paid Social
ACC04212,2024-10-06,APAC,Enterprise,Paid Search
ACC04213,2024-10-06,APAC,SMB,Referral
ACC04214,2024-10-06,North America,SMB,Paid Social
ACC04215,2024-10-06,India,Enterprise,Organic Search
ACC04216,2024-10-06,APAC,SMB,Organic Search
ACC04217,2024-10-06,North America,SMB,Paid Search
ACC04218,2024-10-07,North America,SMB,Partner
ACC04219,2024-10-07,Europe,SMB,Paid Social
ACC04220,2024-10-07,North America,SMB,Paid Social
ACC04221,2024-10-08,Europe,Mid-Market,Paid Search
ACC04222,2024-10-08,India,SMB,Referral
ACC04223,2024-10-08,North America,Mid-Market,Partner
ACC04224,2024-10-08,Latin America,SMB,Organic Search
ACC04225,2024-10-08,North America,SMB,Paid Social
ACC04226,2024-10-08,North America,Mid-Market,Organic Search
ACC04227,2024-10-08,Europe,Mid-Market,Organic Search
ACC04228,2024-10-08,India,SMB,Paid Social
ACC04229,2024-10-08,Europe,SMB,Paid Search
ACC04230,2024-10-09,North America,Mid-Market,Paid Social
ACC04231,2024-10-09,Latin America,Enterprise,Paid Social
ACC04232,2024-10-09,Latin America,SMB,Partner
ACC04233,2024-10-09,APAC,SMB,Organic Search
ACC04234,2024-10-09,India,SMB,Referral
ACC04235,2024-10-09,APAC,Mid-Market,Partner
ACC04236,2024-10-09,India,SMB,Paid Search
ACC04237,2024-10-10,Latin America,SMB,Organic Search
ACC04238,2024-10-10,North America,Mid-Market,Paid Search
ACC04239,2024-10-10,APAC,SMB,Referral
ACC04240,2024-10-10,North America,SMB,Partner
ACC04241,2024-10-10,North America,SMB,Paid Search
ACC04242,2024-10-10,North America,Mid-Market,Paid Search
ACC04243,2024-10-10,India,Mid-Market,Organic Search
ACC04244,2024-10-10,North America,SMB,Paid Search
ACC04245,2024-10-10,Europe,SMB,Organic Search
ACC04246,2024-10-10,Europe,Mid-Market,Paid Social
ACC04247,2024-10-10,Europe,SMB,Partner
ACC04248,2024-10-10,Europe,Mid-Market,Paid Search
ACC04249,2024-10-11,Latin America,SMB,Referral
ACC04250,2024-10-11,North America,Mid-Market,Organic Search
ACC04251,2024-10-11,North America,SMB,Paid Social
ACC04252,2024-10-12,APAC,SMB,Partner
ACC04253,2024-10-12,Europe,Mid-Market,Paid Social
ACC04254,2024-10-12,Latin America,SMB,Partner
ACC04255,2024-10-12,APAC,Enterprise,Paid Search
ACC04256,2024-10-12,North America,Mid-Market,Paid Social
ACC04257,2024-10-12,Europe,Mid-Market,Organic Search
ACC04258,2024-10-13,India,SMB,Paid Search
ACC04259,2024-10-13,APAC,Enterprise,Paid Social
ACC04260,2024-10-13,Latin America,SMB,Paid Social
ACC04261,2024-10-13,North America,Enterprise,Paid Social
ACC04262,2024-10-14,North America,Enterprise,Organic Search
ACC04263,2024-10-14,North America,SMB,Paid Social
ACC04264,2024-10-14,India,Enterprise,Organic Search
ACC04265,2024-10-14,Europe,SMB,Organic Search
ACC04266,2024-10-14,North America,SMB,Paid Search
ACC04267,2024-10-14,North America,SMB,Partner
ACC04268,2024-10-14,North America,SMB,Referral
ACC04269,2024-10-15,North America,SMB,Paid Search
ACC04270,2024-10-15,Europe,SMB,Paid Social
ACC04271,2024-10-15,Europe,SMB,Paid Search
ACC04272,2024-10-15,India,Enterprise,Paid Search
ACC04273,2024-10-15,APAC,SMB,Partner
ACC04274,2024-10-15,North America,SMB,Organic Search
ACC04275,2024-10-15,North America,SMB,Referral
ACC04276,2024-10-15,North America,Mid-Market,Organic Search
ACC04277,2024-10-16,Latin America,SMB,Paid Social
ACC04278,2024-10-16,India,SMB,Referral
ACC04279,2024-10-16,India,Mid-Market,Referral
ACC04280,2024-10-16,Latin America,Enterprise,Organic Search
ACC04281,2024-10-16,North America,SMB,Paid Search
ACC04282,2024-10-16,APAC,Mid-Market,Paid Search
ACC04283,2024-10-16,India,SMB,Partner
ACC04284,2024-10-16,APAC,SMB,Organic Search
ACC04285,2024-10-17,APAC,Mid-Market,Referral
ACC04286,2024-10-17,Europe,SMB,Paid Search
ACC04287,2024-10-17,Europe,SMB,Paid Social
ACC04288,2024-10-17,Latin America,SMB,Paid Social
ACC04289,2024-10-17,North America,SMB,Organic Search
ACC04290,2024-10-17,India,SMB,Partner
ACC04291,2024-10-17,India,SMB,Paid Social
ACC04292,2024-10-17,APAC,SMB,Organic Search
ACC04293,2024-10-17,North America,Enterprise,Organic Search
ACC04294,2024-10-17,India,SMB,Partner
ACC04295,2024-10-17,Europe,Mid-Market,Organic Search
ACC04296,2024-10-17,North America,SMB,Paid Social
ACC04297,2024-10-18,Europe,SMB,Paid Social
ACC04298,2024-10-18,North America,Mid-Market,Partner
ACC04299,2024-10-18,North America,Enterprise,Paid Search
ACC04300,2024-10-18,Latin America,Mid-Market,Organic Search
ACC04301,2024-10-18,Latin America,SMB,Organic Search
ACC04302,2024-10-19,Europe,SMB,Organic Search
ACC04303,2024-10-19,Europe,Mid-Market,Referral
ACC04304,2024-10-19,Latin America,SMB,Organic Search
ACC04305,2024-10-19,Latin America,SMB,Paid Search
ACC04306,2024-10-19,Europe,SMB,Organic Search
ACC04307,2024-10-20,North America,SMB,Organic Search
ACC04308,2024-10-20,North America,SMB,Paid Social
ACC04309,2024-10-20,APAC,SMB,Partner
ACC04310,2024-10-20,Europe,SMB,Organic Search
ACC04311,2024-10-21,India,SMB,Paid Social
ACC04312,2024-10-21,APAC,SMB,Organic Search
ACC04313,2024-10-21,North America,Mid-Market,Partner
ACC04314,2024-10-21,North America,SMB,Paid Search
ACC04315,2024-10-21,APAC,SMB,Paid Search
ACC04316,2024-10-21,India,Enterprise,Paid Social
ACC04317,2024-10-21,North America,Mid-Market,Referral
ACC04318,2024-10-21,India,SMB,Referral
ACC04319,2024-10-22,North America,SMB,Paid Social
ACC04320,2024-10-22,Europe,SMB,Referral
ACC04321,2024-10-22,APAC,Mid-Market,Organic Search
ACC04322,2024-10-22,North America,SMB,Paid Search
ACC04323,2024-10-22,APAC,Mid-Market,Paid Search
ACC04324,2024-10-23,Europe,SMB,Paid Search
ACC04325,2024-10-23,India,Enterprise,Paid Social
ACC04326,2024-10-23,Latin America,SMB,Paid Social
ACC04327,2024-10-24,India,SMB,Organic Search
ACC04328,2024-10-24,North America,Mid-Market,Organic Search
ACC04329,2024-10-24,North America,Mid-Market,Partner
ACC04330,2024-10-24,Europe,SMB,Referral
ACC04331,2024-10-24,APAC,Enterprise,Paid Social
ACC04332,2024-10-24,APAC,Mid-Market,Organic Search
ACC04333,2024-10-24,Europe,Enterprise,Paid Social
ACC04334,2024-10-24,India,Mid-Market,Paid Social
ACC04335,2024-10-24,North America,Enterprise,Organic Search
ACC04336,2024-10-24,North America,Enterprise,Referral
ACC04337,2024-10-24,North America,SMB,Paid Search
ACC04338,2024-10-25,Europe,SMB,Organic Search
ACC04339,2024-10-25,India,Mid-Market,Paid Search
ACC04340,2024-10-25,Latin America,Mid-Market,Paid Social
ACC04341,2024-10-25,APAC,Enterprise,Organic Search
ACC04342,2024-10-25,North America,Enterprise,Partner
ACC04343,2024-10-25,APAC,Mid-Market,Partner
ACC04344,2024-10-25,North America,SMB,Paid Social
ACC04345,2024-10-26,APAC,Enterprise,Referral
ACC04346,2024-10-26,India,Mid-Market,Paid Social
ACC04347,2024-10-26,APAC,SMB,Referral
ACC04348,2024-10-26,India,SMB,Paid Search
ACC04349,2024-10-26,APAC,SMB,Paid Search
ACC04350,2024-10-26,North America,SMB,Partner
ACC04351,2024-10-26,APAC,SMB,Referral
ACC04352,2024-10-27,India,SMB,Organic Search
ACC04353,2024-10-27,India,SMB,Partner
ACC04354,2024-10-27,Latin America,Enterprise,Organic Search
ACC04355,2024-10-27,North America,Mid-Market,Referral
ACC04356,2024-10-27,North America,Mid-Market,Paid Search
ACC04357,2024-10-27,Europe,Enterprise,Referral
ACC04358,2024-10-27,Europe,SMB,Paid Search
ACC04359,2024-10-28,North America,Mid-Market,Paid Social
ACC04360,2024-10-28,APAC,SMB,Paid Search
ACC04361,2024-10-28,North America,Enterprise,Organic Search
ACC04362,2024-10-29,North America,Mid-Market,Organic Search
ACC04363,2024-10-29,Latin America,SMB,Partner
ACC04364,2024-10-29,Europe,SMB,Referral
ACC04365,2024-10-29,APAC,SMB,Organic Search
ACC04366,2024-10-29,Europe,Enterprise,Paid Social
ACC04367,2024-10-29,Europe,Mid-Market,Referral
ACC04368,2024-10-29,India,SMB,Organic Search
ACC04369,2024-10-29,Europe,SMB,Organic Search
ACC04370,2024-10-30,North America,SMB,Referral
ACC04371,2024-10-30,North America,SMB,Referral
ACC04372,2024-10-30,India,Enterprise,Referral
ACC04373,2024-10-30,North America,Mid-Market,Paid Social
ACC04374,2024-10-30,Latin America,SMB,Organic Search
ACC04375,2024-10-30,Europe,SMB,Paid Search
ACC04376,2024-10-30,APAC,SMB,Referral
ACC04377,2024-10-31,Europe,Mid-Market,Paid Social
ACC04378,2024-10-31,Latin America,Enterprise,Partner
ACC04379,2024-10-31,APAC,SMB,Paid Search
ACC04380,2024-10-31,APAC,SMB,Partner
ACC04381,2024-10-31,North America,Mid-Market,Paid Search
ACC04382,2024-10-31,Europe,SMB,Partner
ACC04383,2024-10-31,India,SMB,Paid Social
ACC04384,2024-11-01,APAC,SMB,Organic Search
ACC04385,2024-11-01,Europe,SMB,Organic Search
ACC04386,2024-11-01,North America,Mid-Market,Paid Social
ACC04387,2024-11-01,India,Mid-Market,Partner
ACC04388,2024-11-01,APAC,SMB,Referral
ACC04389,2024-11-01,Latin America,SMB,Partner
ACC04390,2024-11-01,India,Mid-Market,Organic Search
ACC04391,2024-11-02,North America,SMB,Partner
ACC04392,2024-11-02,APAC,Enterprise,Partner
ACC04393,2024-11-02,APAC,Mid-Market,Partner
ACC04394,2024-11-02,India,Mid-Market,Organic Search
ACC04395,2024-11-03,North America,Enterprise,Paid Search
ACC04396,2024-11-03,APAC,Enterprise,Paid Search
ACC04397,2024-11-03,Europe,SMB,Referral
ACC04398,2024-11-03,India,SMB,Organic Search
ACC04399,2024-11-03,Latin America,SMB,Organic Search
ACC04400,2024-11-03,Europe,SMB,Partner
ACC04401,2024-11-03,Europe,SMB,Organic Search
ACC04402,2024-11-03,Europe,SMB,Organic Search
ACC04403,2024-11-03,Europe,Mid-Market,Referral
ACC04404,2024-11-04,North America,SMB,Organic Search
ACC04405,2024-11-04,India,Mid-Market,Paid Search
ACC04406,2024-11-04,Europe,SMB,Paid Social
ACC04407,2024-11-04,APAC,Mid-Market,Referral
ACC04408,2024-11-04,Europe,SMB,Paid Search
ACC04409,2024-11-05,Latin America,Mid-Market,Paid Social
ACC04410,2024-11-05,Europe,SMB,Organic Search
ACC04411,2024-11-05,Europe,SMB,Organic Search
ACC04412,2024-11-05,APAC,Mid-Market,Paid Search
ACC04413,2024-11-05,APAC,SMB,Referral
ACC04414,2024-11-05,APAC,Mid-Market,Referral
ACC04415,2024-11-05,India,SMB,Paid Search
ACC04416,2024-11-05,India,SMB,Organic Search
ACC04417,2024-11-06,India,SMB,Paid Search
ACC04418,2024-11-06,North America,Enterprise,Paid Search
ACC04419,2024-11-06,APAC,Enterprise,Paid Social
ACC04420,2024-11-06,Europe,SMB,Paid Social
ACC04421,2024-11-06,North America,SMB,Paid Social
ACC04422,2024-11-06,North America,Mid-Market,Paid Social
ACC04423,2024-11-06,North America,SMB,Paid Search
ACC04424,2024-11-07,Europe,SMB,Paid Search
ACC04425,2024-11-07,Europe,SMB,Referral
ACC04426,2024-11-07,Latin America,SMB,Paid Social
ACC04427,2024-11-07,North America,SMB,Partner
ACC04428,2024-11-07,North America,Mid-Market,Paid Social
ACC04429,2024-11-07,Europe,Mid-Market,Organic Search
ACC04430,2024-11-07,India,SMB,Paid Social
ACC04431,2024-11-07,Latin America,SMB,Referral
ACC04432,2024-11-08,APAC,Mid-Market,Organic Search
ACC04433,2024-11-08,APAC,SMB,Paid Search
ACC04434,2024-11-08,North America,SMB,Organic Search
ACC04435,2024-11-08,Europe,Mid-Market,Paid Social
ACC04436,2024-11-09,India,Mid-Market,Referral
ACC04437,2024-11-09,India,Mid-Market,Organic Search
ACC04438,2024-11-09,North America,SMB,Organic Search
ACC04439,2024-11-09,North America,SMB,Organic Search
ACC04440,2024-11-09,Latin America,SMB,Paid Social
ACC04441,2024-11-09,Latin America,SMB,Partner
ACC04442,2024-11-09,APAC,SMB,Paid Search
ACC04443,2024-11-09,North America,Mid-Market,Partner
ACC04444,2024-11-09,Europe,Mid-Market,Paid Social
ACC04445,2024-11-10,India,SMB,Partner
ACC04446,2024-11-11,North America,SMB,Paid Social
ACC04447,2024-11-11,APAC,SMB,Paid Social
ACC04448,2024-11-11,Europe,Enterprise,Organic Search
ACC04449,2024-11-11,APAC,SMB,Organic Search
ACC04450,2024-11-11,Latin America,SMB,Organic Search
ACC04451,2024-11-11,North America,SMB,Paid Search
ACC04452,2024-11-11,Latin America,SMB,Paid Search
ACC04453,2024-11-12,North America,SMB,Referral
ACC04454,2024-11-12,India,Enterprise,Organic Search
ACC04455,2024-11-12,India,SMB,Organic Search
ACC04456,2024-11-12,North America,Mid-Market,Partner
ACC04457,2024-11-12,APAC,SMB,Paid Search
ACC04458,2024-11-12,Europe,SMB,Organic Search
ACC04459,2024-11-13,Latin America,SMB,Organic Search
ACC04460,2024-11-13,North America,SMB,Partner
ACC04461,2024-11-13,North America,SMB,Organic Search
ACC04462,2024-11-13,India,Mid-Market,Paid Social
ACC04463,2024-11-13,North America,Mid-Market,Paid Search
ACC04464,2024-11-14,APAC,SMB,Paid Search
ACC04465,2024-11-14,North America,Enterprise,Partner
ACC04466,2024-11-14,North America,Enterprise,Organic Search
ACC04467,2024-11-14,India,SMB,Paid Social
ACC04468,2024-11-14,Latin America,Enterprise,Partner
ACC04469,2024-11-14,India,Mid-Market,Organic Search
ACC04470,2024-11-14,Europe,Enterprise,Referral
ACC04471,2024-11-14,APAC,Enterprise,Referral
ACC04472,2024-11-14,North America,SMB,Paid Search
ACC04473,2024-11-15,Latin America,SMB,Organic Search
ACC04474,2024-11-15,North America,Enterprise,Partner
ACC04475,2024-11-15,India,SMB,Paid Social
ACC04476,2024-11-15,India,SMB,Paid Search
ACC04477,2024-11-15,North America,SMB,Paid Social
ACC04478,2024-11-15,Europe,Mid-Market,Organic Search
ACC04479,2024-11-15,Europe,Enterprise,Referral
ACC04480,2024-11-16,Europe,SMB,Organic Search
ACC04481,2024-11-16,APAC,SMB,Paid Search
ACC04482,2024-11-16,North America,SMB,Partner
ACC04483,2024-11-16,North America,SMB,Paid Search
ACC04484,2024-11-17,APAC,SMB,Paid Search
ACC04485,2024-11-17,North America,SMB,Paid Search
ACC04486,2024-11-18,Europe,SMB,Paid Search
ACC04487,2024-11-18,APAC,SMB,Referral
ACC04488,2024-11-18,North America,Enterprise,Paid Search
ACC04489,2024-11-18,Europe,SMB,Partner
ACC04490,2024-11-18,North America,SMB,Paid Social
ACC04491,2024-11-18,Europe,SMB,Referral
ACC04492,2024-11-18,Europe,SMB,Referral
ACC04493,2024-11-18,Latin America,Mid-Market,Partner
ACC04494,2024-11-18,Europe,Mid-Market,Referral
ACC04495,2024-11-18,Europe,Mid-Market,Referral
ACC04496,2024-11-18,Europe,Mid-Market,Paid Social
ACC04497,2024-11-19,India,Enterprise,Partner
ACC04498,2024-11-19,North America,SMB,Paid Social
ACC04499,2024-11-19,India,SMB,Partner
ACC04500,2024-11-19,Latin America,SMB,Partner
ACC04501,2024-11-19,India,SMB,Organic Search
ACC04502,2024-11-19,India,SMB,Paid Search
ACC04503,2024-11-19,India,SMB,Partner
ACC04504,2024-11-19,North America,SMB,Referral
ACC04505,2024-11-20,APAC,SMB,Paid Search
ACC04506,2024-11-20,Europe,SMB,Paid Search
ACC04507,2024-11-20,North America,SMB,Referral
ACC04508,2024-11-20,Latin America,SMB,Paid Search
ACC04509,2024-11-20,Latin America,Mid-Market,Paid Search
ACC04510,2024-11-21,North America,Enterprise,Organic Search
ACC04511,2024-11-21,North America,SMB,Organic Search
ACC04512,2024-11-21,Europe,Mid-Market,Paid Social
ACC04513,2024-11-21,APAC,SMB,Paid Social
ACC04514,2024-11-21,Europe,Mid-Market,Referral
ACC04515,2024-11-21,India,SMB,Organic Search
ACC04516,2024-11-21,APAC,SMB,Partner
ACC04517,2024-11-21,India,Mid-Market,Paid Search
ACC04518,2024-11-21,Europe,SMB,Paid Search
ACC04519,2024-11-21,North America,SMB,Partner
ACC04520,2024-11-22,India,Enterprise,Referral
ACC04521,2024-11-22,Latin America,SMB,Partner
ACC04522,2024-11-23,North America,SMB,Referral
ACC04523,2024-11-23,Europe,SMB,Partner
ACC04524,2024-11-23,North America,SMB,Organic Search
ACC04525,2024-11-23,North America,SMB,Paid Social
ACC04526,2024-11-23,North America,SMB,Paid Search
ACC04527,2024-11-24,APAC,Mid-Market,Paid Social
ACC04528,2024-11-24,Europe,SMB,Organic Search
ACC04529,2024-11-24,Europe,Mid-Market,Organic Search
ACC04530,2024-11-24,North America,SMB,Organic Search
ACC04531,2024-11-24,North America,Enterprise,Partner
ACC04532,2024-11-24,APAC,SMB,Partner
ACC04533,2024-11-24,Europe,SMB,Organic Search
ACC04534,2024-11-25,APAC,SMB,Referral
ACC04535,2024-11-25,North America,Mid-Market,Paid Search
ACC04536,2024-11-25,Europe,SMB,Paid Search
ACC04537,2024-11-25,Latin America,SMB,Organic Search
ACC04538,2024-11-25,North America,SMB,Referral
ACC04539,2024-11-25,North America,Mid-Market,Partner
ACC04540,2024-11-25,India,Mid-Market,Referral
ACC04541,2024-11-25,Europe,Mid-Market,Paid Search
ACC04542,2024-11-26,India,Mid-Market,Paid Search
ACC04543,2024-11-26,North America,Mid-Market,Paid Search
ACC04544,2024-11-26,Europe,SMB,Paid Search
ACC04545,2024-11-26,Europe,Enterprise,Organic Search
ACC04546,2024-11-26,North America,SMB,Organic Search
ACC04547,2024-11-26,North America,Mid-Market,Paid Social
ACC04548,2024-11-26,APAC,Mid-Market,Partner
ACC04549,2024-11-26,North America,Enterprise,Paid Social
ACC04550,2024-11-26,Europe,Enterprise,Partner
ACC04551,2024-11-26,North America,Mid-Market,Partner
ACC04552,2024-11-27,APAC,Mid-Market,Paid Search
ACC04553,2024-11-27,Europe,SMB,Paid Search
ACC04554,2024-11-27,Europe,Mid-Market,Paid Social
ACC04555,2024-11-27,North America,SMB,Organic Search
ACC04556,2024-11-27,North America,Mid-Market,Paid Search
ACC04557,2024-11-27,India,Mid-Market,Referral
ACC04558,2024-11-27,Latin America,SMB,Referral
ACC04559,2024-11-27,India,SMB,Paid Social
ACC04560,2024-11-27,Europe,Mid-Market,Organic Search
ACC04561,2024-11-27,North America,SMB,Paid Search
ACC04562,2024-11-28,Latin America,SMB,Referral
ACC04563,2024-11-28,North America,Mid-Market,Partner
ACC04564,2024-11-28,Europe,Mid-Market,Referral
ACC04565,2024-11-28,North America,Mid-Market,Paid Search
ACC04566,2024-11-28,APAC,SMB,Paid Social
ACC04567,2024-11-28,North America,SMB,Referral
ACC04568,2024-11-28,North America,SMB,Paid Social
ACC04569,2024-11-28,North America,Enterprise,Paid Search
ACC04570,2024-11-28,India,SMB,Referral
ACC04571,2024-11-29,North America,SMB,Paid Search
ACC04572,2024-11-29,India,Enterprise,Partner
ACC04573,2024-11-29,Latin America,SMB,Paid Social
ACC04574,2024-11-29,India,SMB,Partner
ACC04575,2024-11-29,India,Mid-Market,Paid Social
ACC04576,2024-11-29,APAC,Mid-Market,Paid Social
ACC04577,2024-11-30,Europe,SMB,Paid Social
ACC04578,2024-11-30,APAC,Mid-Market,Paid Social
ACC04579,2024-11-30,North America,Enterprise,Organic Search
ACC04580,2024-11-30,Europe,SMB,Referral
ACC04581,2024-11-30,Latin America,SMB,Organic Search
ACC04582,2024-11-30,North America,SMB,Paid Search
ACC04583,2024-11-30,North America,SMB,Paid Social
ACC04584,2024-11-30,India,SMB,Organic Search
ACC04585,2024-11-30,North America,Mid-Market,Organic Search
ACC04586,2024-11-30,Europe,SMB,Paid Social
ACC04587,2024-11-30,APAC,SMB,Paid Search
ACC04588,2024-12-01,Latin America,SMB,Organic Search
ACC04589,2024-12-01,India,SMB,Referral
ACC04590,2024-12-01,Europe,SMB,Partner
ACC04591,2024-12-01,North America,SMB,Partner
ACC04592,2024-12-02,APAC,SMB,Partner
ACC04593,2024-12-02,Europe,SMB,Paid Search
ACC04594,2024-12-02,India,Mid-Market,Paid Social
ACC04595,2024-12-02,India,Mid-Market,Paid Search
ACC04596,2024-12-02,North America,SMB,Organic Search
ACC04597,2024-12-02,Latin America,SMB,Paid Social
ACC04598,2024-12-02,Europe,SMB,Organic Search
ACC04599,2024-12-03,Latin America,SMB,Organic Search
ACC04600,2024-12-03,North America,SMB,Paid Social
ACC04601,2024-12-03,North America,SMB,Organic Search
ACC04602,2024-12-03,India,Mid-Market,Paid Search
ACC04603,2024-12-03,Europe,SMB,Paid Search
ACC04604,2024-12-03,APAC,SMB,Organic Search
ACC04605,2024-12-04,Europe,Mid-Market,Referral
ACC04606,2024-12-04,APAC,SMB,Partner
ACC04607,2024-12-04,Europe,Enterprise,Referral
ACC04608,2024-12-04,Latin America,SMB,Partner
ACC04609,2024-12-04,North America,Enterprise,Organic Search
ACC04610,2024-12-04,APAC,Mid-Market,Paid Social
ACC04611,2024-12-04,North America,SMB,Organic Search
ACC04612,2024-12-04,North America,SMB,Referral
ACC04613,2024-12-05,India,SMB,Referral
ACC04614,2024-12-05,Europe,Mid-Market,Organic Search
ACC04615,2024-12-05,Latin America,SMB,Organic Search
ACC04616,2024-12-05,Europe,Mid-Market,Paid Social
ACC04617,2024-12-05,India,SMB,Organic Search
ACC04618,2024-12-05,North America,Mid-Market,Organic Search
ACC04619,2024-12-05,Europe,SMB,Paid Social
ACC04620,2024-12-05,India,Enterprise,Partner
ACC04621,2024-12-06,Latin America,SMB,Paid Search
ACC04622,2024-12-06,India,SMB,Paid Search
ACC04623,2024-12-06,India,SMB,Paid Social
ACC04624,2024-12-06,Europe,SMB,Paid Social
ACC04625,2024-12-06,Europe,Mid-Market,Paid Search
ACC04626,2024-12-06,North America,SMB,Partner
ACC04627,2024-12-06,India,SMB,Paid Search
ACC04628,2024-12-06,APAC,SMB,Referral
ACC04629,2024-12-07,India,SMB,Organic Search
ACC04630,2024-12-07,APAC,SMB,Organic Search
ACC04631,2024-12-07,Europe,Enterprise,Organic Search
ACC04632,2024-12-07,North America,SMB,Paid Social
ACC04633,2024-12-07,Europe,Enterprise,Paid Social
ACC04634,2024-12-07,Latin America,SMB,Organic Search
ACC04635,2024-12-07,India,Mid-Market,Paid Social
ACC04636,2024-12-07,India,SMB,Partner
ACC04637,2024-12-07,Europe,Mid-Market,Paid Social
ACC04638,2024-12-07,Latin America,Enterprise,Partner
ACC04639,2024-12-08,North America,SMB,Paid Social
ACC04640,2024-12-08,Europe,Mid-Market,Referral
ACC04641,2024-12-08,North America,Mid-Market,Referral
ACC04642,2024-12-08,India,SMB,Partner
ACC04643,2024-12-08,APAC,SMB,Referral
ACC04644,2024-12-08,Europe,Mid-Market,Paid Search
ACC04645,2024-12-08,India,SMB,Partner
ACC04646,2024-12-08,APAC,Enterprise,Paid Social
ACC04647,2024-12-08,North America,Mid-Market,Organic Search
ACC04648,2024-12-09,Europe,Mid-Market,Referral
ACC04649,2024-12-09,APAC,Mid-Market,Paid Search
ACC04650,2024-12-09,APAC,Mid-Market,Paid Search
ACC04651,2024-12-09,Europe,Mid-Market,Paid Search
ACC04652,2024-12-09,India,Mid-Market,Paid Search
ACC04653,2024-12-09,North America,Enterprise,Organic Search
ACC04654,2024-12-09,North America,SMB,Referral
ACC04655,2024-12-09,Europe,Mid-Market,Paid Search
ACC04656,2024-12-10,India,SMB,Referral
ACC04657,2024-12-10,North America,SMB,Organic Search
ACC04658,2024-12-10,North America,Mid-Market,Paid Search
ACC04659,2024-12-10,North America,Mid-Market,Referral
ACC04660,2024-12-10,North America,Enterprise,Organic Search
ACC04661,2024-12-10,Europe,Mid-Market,Partner
ACC04662,2024-12-11,APAC,Mid-Market,Referral
ACC04663,2024-12-11,North America,Mid-Market,Paid Social
ACC04664,2024-12-11,APAC,SMB,Partner
ACC04665,2024-12-11,North America,Enterprise,Paid Search
ACC04666,2024-12-11,APAC,Mid-Market,Organic Search
ACC04667,2024-12-11,Europe,SMB,Organic Search
ACC04668,2024-12-12,APAC,Mid-Market,Paid Social
ACC04669,2024-12-12,India,SMB,Paid Search
ACC04670,2024-12-12,North America,SMB,Paid Search
ACC04671,2024-12-12,APAC,SMB,Referral
ACC04672,2024-12-12,Europe,SMB,Paid Social
ACC04673,2024-12-13,India,Mid-Market,Paid Social
ACC04674,2024-12-13,Europe,SMB,Partner
ACC04675,2024-12-13,India,SMB,Partner
ACC04676,2024-12-13,Europe,SMB,Organic Search
ACC04677,2024-12-14,Europe,Mid-Market,Paid Social
ACC04678,2024-12-14,Europe,SMB,Paid Search
ACC04679,2024-12-14,Europe,SMB,Paid Social
ACC04680,2024-12-14,North America,Enterprise,Referral
ACC04681,2024-12-14,Latin America,Mid-Market,Partner
ACC04682,2024-12-14,India,Mid-Market,Paid Social
ACC04683,2024-12-15,India,SMB,Organic Search
ACC04684,2024-12-15,North America,SMB,Partner
ACC04685,2024-12-15,APAC,SMB,Partner
ACC04686,2024-12-16,North America,SMB,Partner
ACC04687,2024-12-16,North America,Mid-Market,Partner
ACC04688,2024-12-16,India,SMB,Paid Social
ACC04689,2024-12-16,APAC,Enterprise,Paid Social
ACC04690,2024-12-16,India,Mid-Market,Paid Search
ACC04691,2024-12-16,APAC,Enterprise,Organic Search
ACC04692,2024-12-17,Latin America,SMB,Organic Search
ACC04693,2024-12-17,India,SMB,Paid Search
ACC04694,2024-12-17,India,SMB,Referral
ACC04695,2024-12-17,APAC,Mid-Market,Referral
ACC04696,2024-12-17,APAC,SMB,Referral
ACC04697,2024-12-17,India,Enterprise,Paid Social
ACC04698,2024-12-17,North America,Mid-Market,Organic Search
ACC04699,2024-12-17,North America,Enterprise,Paid Search
ACC04700,2024-12-18,India,Mid-Market,Partner
ACC04701,2024-12-18,Europe,SMB,Paid Search
ACC04702,2024-12-18,North America,SMB,Paid Search
ACC04703,2024-12-18,North America,SMB,Paid Social
ACC04704,2024-12-19,India,SMB,Organic Search
ACC04705,2024-12-19,Europe,SMB,Paid Search
ACC04706,2024-12-19,APAC,Mid-Market,Paid Social
ACC04707,2024-12-19,North America,Mid-Market,Paid Social
ACC04708,2024-12-19,APAC,Mid-Market,Organic Search
ACC04709,2024-12-19,Europe,SMB,Organic Search
ACC04710,2024-12-19,Europe,Enterprise,Paid Social
ACC04711,2024-12-19,North America,SMB,Paid Social
ACC04712,2024-12-19,India,Mid-Market,Organic Search
ACC04713,2024-12-19,India,SMB,Paid Search
ACC04714,2024-12-19,India,Mid-Market,Paid Social
ACC04715,2024-12-19,India,SMB,Referral
ACC04716,2024-12-20,Europe,Mid-Market,Organic Search
ACC04717,2024-12-20,India,Enterprise,Paid Search
ACC04718,2024-12-21,APAC,Mid-Market,Paid Social
ACC04719,2024-12-21,Europe,Mid-Market,Organic Search
ACC04720,2024-12-21,Europe,Mid-Market,Paid Search
ACC04721,2024-12-21,APAC,SMB,Partner
ACC04722,2024-12-21,India,Mid-Market,Paid Search
ACC04723,2024-12-21,North America,SMB,Paid Search
ACC04724,2024-12-21,Europe,SMB,Organic Search
ACC04725,2024-12-21,APAC,SMB,Paid Search
ACC04726,2024-12-21,North America,SMB,Organic Search
ACC04727,2024-12-21,Latin America,Mid-Market,Organic Search
ACC04728,2024-12-21,North America,SMB,Paid Search
ACC04729,2024-12-22,Europe,Enterprise,Referral
ACC04730,2024-12-22,India,Enterprise,Paid Search
ACC04731,2024-12-22,India,SMB,Referral
ACC04732,2024-12-22,North America,SMB,Organic Search
ACC04733,2024-12-22,North America,SMB,Organic Search
ACC04734,2024-12-22,APAC,SMB,Partner
ACC04735,2024-12-22,APAC,SMB,Referral
ACC04736,2024-12-22,APAC,SMB,Organic Search
ACC04737,2024-12-23,Europe,SMB,Paid Social
ACC04738,2024-12-23,APAC,Mid-Market,Paid Search
ACC04739,2024-12-23,Latin America,Mid-Market,Organic Search
ACC04740,2024-12-23,APAC,SMB,Referral
ACC04741,2024-12-23,APAC,Enterprise,Paid Search
ACC04742,2024-12-23,Europe,Mid-Market,Paid Social
ACC04743,2024-12-23,Latin America,Mid-Market,Paid Social
ACC04744,2024-12-23,Latin America,Enterprise,Organic Search
ACC04745,2024-12-24,APAC,Enterprise,Organic Search
ACC04746,2024-12-24,Europe,SMB,Paid Social
ACC04747,2024-12-24,North America,Mid-Market,Paid Social
ACC04748,2024-12-24,Europe,Mid-Market,Referral
ACC04749,2024-12-24,India,Mid-Market,Paid Social
ACC04750,2024-12-24,APAC,SMB,Paid Social
ACC04751,2024-12-24,APAC,Mid-Market,Referral
ACC04752,2024-12-24,India,Enterprise,Partner
ACC04753,2024-12-25,APAC,SMB,Referral
ACC04754,2024-12-25,North America,SMB,Referral
ACC04755,2024-12-25,APAC,Mid-Market,Paid Search
ACC04756,2024-12-25,North America,Mid-Market,Organic Search
ACC04757,2024-12-25,North America,SMB,Paid Search
ACC04758,2024-12-26,North America,Enterprise,Organic Search
ACC04759,2024-12-26,Europe,SMB,Organic Search
ACC04760,2024-12-26,Latin America,SMB,Paid Social
ACC04761,2024-12-26,APAC,Mid-Market,Paid Search
ACC04762,2024-12-26,APAC,SMB,Paid Search
ACC04763,2024-12-27,North America,Mid-Market,Paid Social
ACC04764,2024-12-27,North America,SMB,Paid Search
ACC04765,2024-12-27,APAC,SMB,Paid Social
ACC04766,2024-12-27,India,SMB,Partner
ACC04767,2024-12-27,North America,Mid-Market,Referral
ACC04768,2024-12-27,Europe,Enterprise,Paid Social
ACC04769,2024-12-27,Europe,SMB,Paid Social
ACC04770,2024-12-28,APAC,SMB,Paid Search
ACC04771,2024-12-28,APAC,Mid-Market,Paid Social
ACC04772,2024-12-28,India,Mid-Market,Paid Search
ACC04773,2024-12-28,North America,SMB,Paid Search
ACC04774,2024-12-28,North America,SMB,Paid Social
ACC04775,2024-12-28,Europe,SMB,Organic Search
ACC04776,2024-12-28,Europe,Mid-Market,Paid Social
ACC04777,2024-12-28,North America,SMB,Organic Search
ACC04778,2024-12-28,APAC,SMB,Referral
ACC04779,2024-12-29,Europe,Mid-Market,Paid Social
ACC04780,2024-12-29,Latin America,Enterprise,Paid Search
ACC04781,2024-12-29,North America,SMB,Paid Search
ACC04782,2024-12-29,North America,SMB,Organic Search
ACC04783,2024-12-29,Europe,SMB,Paid Search
ACC04784,2024-12-29,Europe,Mid-Market,Paid Social
ACC04785,2024-12-29,Europe,Enterprise,Referral
ACC04786,2024-12-29,North America,Mid-Market,Referral
ACC04787,2024-12-29,India,SMB,Paid Social
ACC04788,2024-12-30,North America,Mid-Market,Partner
ACC04789,2024-12-30,India,Mid-Market,Referral
ACC04790,2024-12-30,Latin America,Mid-Market,Paid Search
ACC04791,2024-12-30,India,Mid-Market,Paid Social
ACC04792,2024-12-30,India,SMB,Referral
ACC04793,2024-12-31,Latin America,SMB,Organic Search
ACC04794,2024-12-31,Latin America,Mid-Market,Paid Search
ACC04795,2024-12-31,APAC,SMB,Referral
ACC04796,2024-12-31,India,Enterprise,Paid Search
ACC04797,2024-12-31,India,Mid-Market,Paid Social
ACC04798,2024-12-31,Europe,SMB,Organic Search
ACC04799,2024-12-31,North America,Mid-Market,Referral
ACC04800,2024-12-31,Europe,SMB,Paid Social
ACC04801,2024-12-31,North America,Mid-Market,Paid Social
ACC04802,2024-12-31,India,Mid-Market,Organic Search
ACC04803,2025-01-01,India,SMB,Paid Social
ACC04804,2025-01-01,Europe,SMB,Referral
ACC04805,2025-01-01,Latin America,SMB,Paid Search
ACC04806,2025-01-01,North America,Mid-Market,Paid Social
ACC04807,2025-01-01,APAC,Enterprise,Paid Search
ACC04808,2025-01-01,APAC,SMB,Partner
ACC04809,2025-01-01,North America,Mid-Market,Referral
ACC04810,2025-01-01,North America,SMB,Organic Search
ACC04811,2025-01-02,North America,SMB,Partner
ACC04812,2025-01-02,India,Mid-Market,Paid Search
ACC04813,2025-01-02,North America,SMB,Paid Search
ACC04814,2025-01-02,Latin America,SMB,Paid Social
ACC04815,2025-01-02,APAC,Mid-Market,Paid Social
ACC04816,2025-01-02,APAC,Mid-Market,Organic Search
ACC04817,2025-01-03,APAC,SMB,Partner
ACC04818,2025-01-03,Europe,SMB,Paid Social
ACC04819,2025-01-03,Europe,SMB,Paid Social
ACC04820,2025-01-03,North America,SMB,Partner
ACC04821,2025-01-03,Europe,SMB,Paid Search
ACC04822,2025-01-03,APAC,SMB,Referral
ACC04823,2025-01-03,APAC,SMB,Organic Search
ACC04824,2025-01-03,APAC,SMB,Paid Search
ACC04825,2025-01-03,APAC,SMB,Paid Search
ACC04826,2025-01-04,India,Enterprise,Referral
ACC04827,2025-01-04,India,Mid-Market,Referral
ACC04828,2025-01-04,APAC,SMB,Referral
ACC04829,2025-01-04,Europe,Mid-Market,Paid Social
ACC04830,2025-01-05,Europe,SMB,Paid Search
ACC04831,2025-01-05,Latin America,SMB,Paid Social
ACC04832,2025-01-05,North America,SMB,Paid Social
ACC04833,2025-01-05,Latin America,Mid-Market,Referral
ACC04834,2025-01-05,North America,SMB,Organic Search
ACC04835,2025-01-05,APAC,SMB,Referral
ACC04836,2025-01-05,North America,SMB,Organic Search
ACC04837,2025-01-05,Europe,SMB,Paid Social
ACC04838,2025-01-06,North America,SMB,Partner
ACC04839,2025-01-06,North America,SMB,Referral
ACC04840,2025-01-06,APAC,SMB,Paid Search
ACC04841,2025-01-06,India,SMB,Organic Search
ACC04842,2025-01-06,North America,SMB,Partner
ACC04843,2025-01-06,Europe,SMB,Partner
ACC04844,2025-01-06,North America,Mid-Market,Organic Search
ACC04845,2025-01-06,North America,Mid-Market,Paid Social
ACC04846,2025-01-07,North America,SMB,Partner
ACC04847,2025-01-07,India,Mid-Market,Organic Search
ACC04848,2025-01-07,India,Mid-Market,Organic Search
ACC04849,2025-01-07,North America,SMB,Partner
ACC04850,2025-01-08,North America,SMB,Referral
ACC04851,2025-01-08,Europe,SMB,Organic Search
ACC04852,2025-01-08,Europe,Enterprise,Paid Social
ACC04853,2025-01-08,Europe,Mid-Market,Partner
ACC04854,2025-01-08,North America,SMB,Partner
ACC04855,2025-01-08,North America,SMB,Partner
ACC04856,2025-01-08,APAC,Mid-Market,Paid Social
ACC04857,2025-01-09,Europe,SMB,Referral
ACC04858,2025-01-09,North America,SMB,Paid Search
ACC04859,2025-01-09,APAC,Mid-Market,Paid Search
ACC04860,2025-01-09,Europe,SMB,Paid Social
ACC04861,2025-01-10,North America,SMB,Paid Search
ACC04862,2025-01-10,Europe,Enterprise,Organic Search
ACC04863,2025-01-10,North America,SMB,Organic Search
ACC04864,2025-01-10,India,SMB,Paid Social
ACC04865,2025-01-10,India,SMB,Organic Search
ACC04866,2025-01-10,Europe,Enterprise,Partner
ACC04867,2025-01-11,Europe,SMB,Paid Social
ACC04868,2025-01-11,APAC,SMB,Paid Social
ACC04869,2025-01-11,North America,Mid-Market,Paid Search
ACC04870,2025-01-11,Europe,Mid-Market,Organic Search
ACC04871,2025-01-11,India,SMB,Paid Search
ACC04872,2025-01-11,Europe,SMB,Partner
ACC04873,2025-01-12,Latin America,SMB,Paid Social
ACC04874,2025-01-12,APAC,SMB,Paid Social
ACC04875,2025-01-12,Europe,SMB,Organic Search
ACC04876,2025-01-12,Europe,Mid-Market,Paid Social
ACC04877,2025-01-12,APAC,SMB,Paid Search
ACC04878,2025-01-12,APAC,Mid-Market,Organic Search
ACC04879,2025-01-12,India,Mid-Market,Paid Social
ACC04880,2025-01-12,North America,SMB,Paid Search
ACC04881,2025-01-12,APAC,SMB,Referral
ACC04882,2025-01-13,APAC,Enterprise,Paid Social
ACC04883,2025-01-13,APAC,SMB,Referral
ACC04884,2025-01-13,Europe,SMB,Paid Search
ACC04885,2025-01-13,North America,Enterprise,Paid Search
ACC04886,2025-01-13,Europe,Enterprise,Organic Search
ACC04887,2025-01-14,Latin America,SMB,Organic Search
ACC04888,2025-01-14,Latin America,SMB,Partner
ACC04889,2025-01-14,Latin America,Mid-Market,Partner
ACC04890,2025-01-14,APAC,Mid-Market,Paid Social
ACC04891,2025-01-14,North America,SMB,Paid Social
ACC04892,2025-01-14,APAC,SMB,Paid Social
ACC04893,2025-01-14,APAC,Mid-Market,Paid Social
ACC04894,2025-01-15,India,SMB,Paid Social
ACC04895,2025-01-15,India,SMB,Organic Search
ACC04896,2025-01-15,North America,Enterprise,Organic Search
ACC04897,2025-01-15,North America,SMB,Organic Search
ACC04898,2025-01-15,Latin America,Enterprise,Paid Social
ACC04899,2025-01-16,Europe,SMB,Organic Search
ACC04900,2025-01-16,North America,SMB,Paid Search
ACC04901,2025-01-16,Europe,SMB,Paid Social
ACC04902,2025-01-17,Latin America,Mid-Market,Partner
ACC04903,2025-01-17,Europe,SMB,Referral
ACC04904,2025-01-17,APAC,SMB,Organic Search
ACC04905,2025-01-17,APAC,Mid-Market,Paid Social
ACC04906,2025-01-17,Europe,SMB,Paid Social
ACC04907,2025-01-17,Europe,SMB,Paid Social
ACC04908,2025-01-17,India,SMB,Paid Search
ACC04909,2025-01-17,Latin America,Enterprise,Organic Search
ACC04910,2025-01-18,APAC,Mid-Market,Paid Social
ACC04911,2025-01-18,North America,SMB,Paid Social
ACC04912,2025-01-18,Latin America,Mid-Market,Referral
ACC04913,2025-01-18,North America,Mid-Market,Paid Social
ACC04914,2025-01-19,Europe,SMB,Referral
ACC04915,2025-01-19,Latin America,SMB,Organic Search
ACC04916,2025-01-19,Europe,SMB,Paid Social
ACC04917,2025-01-19,India,SMB,Paid Social
ACC04918,2025-01-19,India,SMB,Paid Social
ACC04919,2025-01-19,North America,Mid-Market,Partner
ACC04920,2025-01-19,Europe,Mid-Market,Paid Search
ACC04921,2025-01-19,Europe,SMB,Paid Search
ACC04922,2025-01-19,Europe,SMB,Referral
ACC04923,2025-01-19,Europe,SMB,Organic Search
ACC04924,2025-01-20,Europe,Mid-Market,Organic Search
ACC04925,2025-01-20,India,Mid-Market,Organic Search
ACC04926,2025-01-20,North America,Mid-Market,Organic Search
ACC04927,2025-01-20,APAC,SMB,Referral
ACC04928,2025-01-20,APAC,SMB,Referral
ACC04929,2025-01-20,APAC,SMB,Partner
ACC04930,2025-01-20,India,SMB,Referral
ACC04931,2025-01-20,North America,SMB,Paid Search
ACC04932,2025-01-20,APAC,SMB,Paid Social
ACC04933,2025-01-20,APAC,Mid-Market,Organic Search
ACC04934,2025-01-21,APAC,Enterprise,Paid Social
ACC04935,2025-01-21,APAC,SMB,Paid Search
ACC04936,2025-01-21,North America,Mid-Market,Paid Social
ACC04937,2025-01-21,APAC,SMB,Paid Social
ACC04938,2025-01-21,India,Mid-Market,Paid Search
ACC04939,2025-01-21,Latin America,SMB,Paid Search
ACC04940,2025-01-21,Europe,SMB,Paid Social
ACC04941,2025-01-21,North America,SMB,Paid Social
ACC04942,2025-01-22,India,Mid-Market,Paid Social
ACC04943,2025-01-22,North America,SMB,Organic Search
ACC04944,2025-01-22,Europe,Mid-Market,Organic Search
ACC04945,2025-01-22,North America,Enterprise,Paid Search
ACC04946,2025-01-22,APAC,Mid-Market,Referral
ACC04947,2025-01-22,North America,SMB,Partner
ACC04948,2025-01-22,Europe,SMB,Organic Search
ACC04949,2025-01-22,North America,SMB,Referral
ACC04950,2025-01-23,India,SMB,Paid Social
ACC04951,2025-01-23,Latin America,Enterprise,Referral
ACC04952,2025-01-23,APAC,SMB,Paid Social
ACC04953,2025-01-23,APAC,Enterprise,Paid Social
ACC04954,2025-01-23,India,Enterprise,Partner
ACC04955,2025-01-24,North America,Enterprise,Paid Search
ACC04956,2025-01-24,Europe,Mid-Market,Referral
ACC04957,2025-01-24,India,Enterprise,Partner
ACC04958,2025-01-24,India,Mid-Market,Paid Search
ACC04959,2025-01-25,APAC,Mid-Market,Organic Search
ACC04960,2025-01-25,Latin America,SMB,Partner
ACC04961,2025-01-25,Europe,SMB,Paid Search
ACC04962,2025-01-25,India,SMB,Organic Search
ACC04963,2025-01-26,Latin America,SMB,Paid Search
ACC04964,2025-01-26,Europe,SMB,Paid Search
ACC04965,2025-01-26,India,SMB,Paid Search
ACC04966,2025-01-26,North America,SMB,Paid Social
ACC04967,2025-01-26,APAC,Enterprise,Organic Search
ACC04968,2025-01-26,India,SMB,Referral
ACC04969,2025-01-26,APAC,SMB,Organic Search
ACC04970,2025-01-26,Europe,SMB,Referral
ACC04971,2025-01-26,APAC,SMB,Organic Search
ACC04972,2025-01-26,APAC,SMB,Referral
ACC04973,2025-01-27,India,SMB,Paid Social
ACC04974,2025-01-27,APAC,SMB,Organic Search
ACC04975,2025-01-27,Europe,Enterprise,Organic Search
ACC04976,2025-01-27,North America,Mid-Market,Organic Search
ACC04977,2025-01-27,North America,SMB,Paid Social
ACC04978,2025-01-27,Europe,SMB,Referral
ACC04979,2025-01-27,North America,SMB,Partner
ACC04980,2025-01-27,India,Enterprise,Organic Search
ACC04981,2025-01-28,Europe,SMB,Referral
ACC04982,2025-01-28,Europe,Enterprise,Referral
ACC04983,2025-01-28,North America,Mid-Market,Organic Search
ACC04984,2025-01-28,India,SMB,Referral
ACC04985,2025-01-28,North America,SMB,Paid Search
ACC04986,2025-01-28,India,Enterprise,Paid Search
ACC04987,2025-01-29,APAC,Mid-Market,Partner
ACC04988,2025-01-29,India,Enterprise,Referral
ACC04989,2025-01-29,Latin America,SMB,Paid Search
ACC04990,2025-01-29,North America,Mid-Market,Organic Search
ACC04991,2025-01-29,North America,SMB,Paid Social
ACC04992,2025-01-29,North America,SMB,Referral
ACC04993,2025-01-29,India,Mid-Market,Paid Search
ACC04994,2025-01-29,APAC,SMB,Paid Social
ACC04995,2025-01-30,North America,Mid-Market,Partner
ACC04996,2025-01-30,India,SMB,Organic Search
ACC04997,2025-01-30,North America,SMB,Organic Search
ACC04998,2025-01-31,India,SMB,Referral
ACC04999,2025-01-31,Europe,SMB,Paid Social
ACC05000,2025-01-31,Europe,Mid-Market,Partner
ACC05001,2025-01-31,India,SMB,Paid Social
ACC05002,2025-01-31,North America,SMB,Organic Search
ACC05003,2025-01-31,Latin America,Mid-Market,Referral
ACC05004,2025-01-31,North America,SMB,Referral
ACC05005,2025-02-01,India,SMB,Organic Search
ACC05006,2025-02-01,India,Enterprise,Paid Social
ACC05007,2025-02-01,Europe,SMB,Paid Social
ACC05008,2025-02-02,North America,Mid-Market,Organic Search
ACC05009,2025-02-02,North America,Mid-Market,Organic Search
ACC05010,2025-02-02,APAC,Mid-Market,Paid Search
ACC05011,2025-02-02,Europe,Mid-Market,Paid Social
ACC05012,2025-02-02,APAC,SMB,Paid Search
ACC05013,2025-02-03,North America,SMB,Paid Social
ACC05014,2025-02-03,North America,Mid-Market,Paid Search
ACC05015,2025-02-03,India,Mid-Market,Paid Search
ACC05016,2025-02-03,India,SMB,Referral
ACC05017,2025-02-03,Europe,SMB,Organic Search
ACC05018,2025-02-04,India,Mid-Market,Paid Social
ACC05019,2025-02-04,North America,Mid-Market,Organic Search
ACC05020,2025-02-04,APAC,SMB,Paid Search
ACC05021,2025-02-05,Europe,Enterprise,Organic Search
ACC05022,2025-02-05,North America,SMB,Referral
ACC05023,2025-02-05,India,SMB,Partner
ACC05024,2025-02-05,North America,SMB,Paid Search
ACC05025,2025-02-06,North America,SMB,Partner
ACC05026,2025-02-06,North America,Mid-Market,Paid Social
ACC05027,2025-02-06,APAC,Enterprise,Paid Social
ACC05028,2025-02-06,APAC,SMB,Referral
ACC05029,2025-02-06,APAC,SMB,Organic Search
ACC05030,2025-02-07,APAC,Mid-Market,Referral
ACC05031,2025-02-07,North America,SMB,Organic Search
ACC05032,2025-02-07,North America,SMB,Partner
ACC05033,2025-02-07,North America,Mid-Market,Organic Search
ACC05034,2025-02-08,Latin America,SMB,Organic Search
ACC05035,2025-02-08,APAC,SMB,Paid Search
ACC05036,2025-02-08,Latin America,SMB,Paid Search
ACC05037,2025-02-08,North America,SMB,Paid Social
ACC05038,2025-02-08,APAC,SMB,Paid Search
ACC05039,2025-02-08,Latin America,Mid-Market,Partner
ACC05040,2025-02-08,North America,SMB,Referral
ACC05041,2025-02-08,North America,Mid-Market,Paid Social
ACC05042,2025-02-08,APAC,SMB,Referral
ACC05043,2025-02-09,Europe,SMB,Paid Social
ACC05044,2025-02-09,Latin America,SMB,Referral
ACC05045,2025-02-09,APAC,Mid-Market,Referral
ACC05046,2025-02-09,North America,SMB,Paid Search
ACC05047,2025-02-09,North America,Mid-Market,Organic Search
ACC05048,2025-02-09,North America,Mid-Market,Referral
ACC05049,2025-02-10,Latin America,Mid-Market,Organic Search
ACC05050,2025-02-10,Europe,SMB,Referral
ACC05051,2025-02-10,India,SMB,Referral
ACC05052,2025-02-10,APAC,SMB,Paid Search
ACC05053,2025-02-10,Europe,Enterprise,Referral
ACC05054,2025-02-11,APAC,SMB,Paid Search
ACC05055,2025-02-11,Europe,SMB,Paid Search
ACC05056,2025-02-11,North America,Enterprise,Paid Social
ACC05057,2025-02-11,APAC,SMB,Organic Search
ACC05058,2025-02-11,North America,SMB,Paid Social
ACC05059,2025-02-11,India,SMB,Referral
ACC05060,2025-02-12,India,SMB,Paid Social
ACC05061,2025-02-12,North America,Enterprise,Paid Search
ACC05062,2025-02-12,APAC,SMB,Referral
ACC05063,2025-02-12,APAC,SMB,Paid Search
ACC05064,2025-02-13,APAC,SMB,Organic Search
ACC05065,2025-02-13,Europe,Mid-Market,Organic Search
ACC05066,2025-02-13,Europe,Enterprise,Paid Social
ACC05067,2025-02-13,APAC,SMB,Organic Search
ACC05068,2025-02-14,India,SMB,Paid Social
ACC05069,2025-02-14,India,SMB,Paid Search
ACC05070,2025-02-14,India,SMB,Organic Search
ACC05071,2025-02-14,North America,SMB,Organic Search
ACC05072,2025-02-14,Europe,Enterprise,Referral
ACC05073,2025-02-14,India,SMB,Paid Social
ACC05074,2025-02-15,North America,SMB,Paid Social
ACC05075,2025-02-15,North America,SMB,Referral
ACC05076,2025-02-15,North America,Mid-Market,Paid Social
ACC05077,2025-02-15,North America,SMB,Paid Search
ACC05078,2025-02-15,APAC,Mid-Market,Organic Search
ACC05079,2025-02-15,APAC,SMB,Referral
ACC05080,2025-02-15,North America,Enterprise,Referral
ACC05081,2025-02-15,Europe,SMB,Paid Search
ACC05082,2025-02-15,APAC,SMB,Paid Search
ACC05083,2025-02-15,Europe,SMB,Referral
ACC05084,2025-02-15,India,SMB,Paid Social
ACC05085,2025-02-16,APAC,Mid-Market,Partner
ACC05086,2025-02-16,North America,SMB,Referral
ACC05087,2025-02-16,Latin America,SMB,Paid Social
ACC05088,2025-02-16,India,Mid-Market,Partner
ACC05089,2025-02-16,Europe,SMB,Paid Social
ACC05090,2025-02-16,India,Enterprise,Organic Search
ACC05091,2025-02-16,India,SMB,Organic Search
ACC05092,2025-02-16,Europe,SMB,Paid Social
ACC05093,2025-02-16,Europe,Mid-Market,Organic Search
ACC05094,2025-02-17,North America,Mid-Market,Organic Search
ACC05095,2025-02-17,APAC,Mid-Market,Organic Search
ACC05096,2025-02-17,APAC,SMB,Referral
ACC05097,2025-02-17,Europe,Enterprise,Partner
ACC05098,2025-02-17,APAC,SMB,Paid Search
ACC05099,2025-02-17,APAC,Enterprise,Referral
ACC05100,2025-02-17,North America,Mid-Market,Partner
ACC05101,2025-02-17,North America,Mid-Market,Paid Social
ACC05102,2025-02-18,APAC,SMB,Paid Social
ACC05103,2025-02-18,Europe,SMB,Referral
ACC05104,2025-02-18,India,Enterprise,Organic Search
ACC05105,2025-02-18,North America,SMB,Partner
ACC05106,2025-02-18,North America,SMB,Referral
ACC05107,2025-02-19,North America,SMB,Referral
ACC05108,2025-02-19,India,SMB,Organic Search
ACC05109,2025-02-19,North America,SMB,Paid Social
ACC05110,2025-02-19,India,Mid-Market,Paid Search
ACC05111,2025-02-20,APAC,SMB,Referral
ACC05112,2025-02-20,India,Mid-Market,Organic Search
ACC05113,2025-02-20,North America,Mid-Market,Organic Search
ACC05114,2025-02-20,APAC,SMB,Paid Social
ACC05115,2025-02-20,APAC,Enterprise,Referral
ACC05116,2025-02-21,Europe,SMB,Paid Social
ACC05117,2025-02-21,India,SMB,Paid Social
ACC05118,2025-02-21,Europe,Mid-Market,Organic Search
ACC05119,2025-02-21,India,SMB,Paid Social
ACC05120,2025-02-21,Europe,SMB,Partner
ACC05121,2025-02-21,Europe,SMB,Referral
ACC05122,2025-02-21,North America,SMB,Organic Search
ACC05123,2025-02-21,APAC,SMB,Referral
ACC05124,2025-02-21,APAC,SMB,Organic Search
ACC05125,2025-02-21,APAC,Mid-Market,Organic Search
ACC05126,2025-02-21,North America,Enterprise,Organic Search
ACC05127,2025-02-21,APAC,SMB,Organic Search
ACC05128,2025-02-21,Europe,SMB,Partner
ACC05129,2025-02-22,Europe,Mid-Market,Paid Social
ACC05130,2025-02-22,Latin America,SMB,Organic Search
ACC05131,2025-02-22,North America,Mid-Market,Paid Social
ACC05132,2025-02-22,North America,Enterprise,Organic Search
ACC05133,2025-02-22,Europe,Mid-Market,Organic Search
ACC05134,2025-02-22,Europe,Enterprise,Organic Search
ACC05135,2025-02-22,North America,SMB,Referral
ACC05136,2025-02-22,North America,SMB,Organic Search
ACC05137,2025-02-22,Europe,SMB,Referral
ACC05138,2025-02-22,North America,SMB,Partner
ACC05139,2025-02-22,India,SMB,Referral
ACC05140,2025-02-23,Europe,SMB,Paid Search
ACC05141,2025-02-23,Europe,Mid-Market,Paid Search
ACC05142,2025-02-23,Europe,SMB,Organic Search
ACC05143,2025-02-23,India,Mid-Market,Paid Search
ACC05144,2025-02-23,India,SMB,Paid Social
ACC05145,2025-02-23,North America,SMB,Referral
ACC05146,2025-02-24,North America,Enterprise,Paid Search
ACC05147,2025-02-24,North America,Mid-Market,Referral
ACC05148,2025-02-24,Europe,Mid-Market,Referral
ACC05149,2025-02-24,North America,Mid-Market,Paid Social
ACC05150,2025-02-24,India,Mid-Market,Paid Social
ACC05151,2025-02-24,Latin America,Mid-Market,Organic Search
ACC05152,2025-02-24,Europe,SMB,Paid Social
ACC05153,2025-02-24,Latin America,SMB,Paid Social
ACC05154,2025-02-24,India,Mid-Market,Organic Search
ACC05155,2025-02-25,Latin America,Mid-Market,Referral
ACC05156,2025-02-25,APAC,Mid-Market,Organic Search
ACC05157,2025-02-25,APAC,Enterprise,Referral
ACC05158,2025-02-25,North America,SMB,Organic Search
ACC05159,2025-02-25,India,SMB,Partner
ACC05160,2025-02-26,Latin America,SMB,Partner
ACC05161,2025-02-26,Europe,Mid-Market,Organic Search
ACC05162,2025-02-26,APAC,SMB,Paid Search
ACC05163,2025-02-26,APAC,SMB,Paid Social
ACC05164,2025-02-26,India,Mid-Market,Paid Search
ACC05165,2025-02-26,North America,SMB,Organic Search
ACC05166,2025-02-26,Europe,Enterprise,Paid Search
ACC05167,2025-02-26,Europe,Mid-Market,Referral
ACC05168,2025-02-27,APAC,SMB,Organic Search
ACC05169,2025-02-27,India,SMB,Paid Social
ACC05170,2025-02-27,Europe,SMB,Referral
ACC05171,2025-02-27,APAC,SMB,Paid Search
ACC05172,2025-02-27,India,Mid-Market,Paid Search
ACC05173,2025-02-27,Europe,SMB,Paid Social
ACC05174,2025-02-27,Europe,Mid-Market,Partner
ACC05175,2025-02-28,India,Mid-Market,Paid Social
ACC05176,2025-02-28,North America,SMB,Organic Search
ACC05177,2025-02-28,India,SMB,Paid Social
ACC05178,2025-02-28,North America,Enterprise,Organic Search
ACC05179,2025-02-28,India,SMB,Referral
ACC05180,2025-03-01,Europe,SMB,Organic Search
ACC05181,2025-03-01,North America,SMB,Paid Search
ACC05182,2025-03-01,Europe,SMB,Paid Search
ACC05183,2025-03-01,Latin America,SMB,Organic Search
ACC05184,2025-03-01,Latin America,Mid-Market,Organic Search
ACC05185,2025-03-02,APAC,Enterprise,Paid Social
ACC05186,2025-03-02,APAC,Mid-Market,Organic Search
ACC05187,2025-03-02,APAC,Mid-Market,Organic Search
ACC05188,2025-03-02,North America,Mid-Market,Paid Search
ACC05189,2025-03-02,India,Mid-Market,Paid Social
ACC05190,2025-03-02,Latin America,Mid-Market,Organic Search
ACC05191,2025-03-03,North America,Mid-Market,Paid Social
ACC05192,2025-03-03,North America,SMB,Paid Search
ACC05193,2025-03-03,North America,SMB,Referral
ACC05194,2025-03-03,Europe,Mid-Market,Paid Social
ACC05195,2025-03-03,North America,SMB,Partner
ACC05196,2025-03-03,India,Enterprise,Paid Social
ACC05197,2025-03-04,India,SMB,Referral
ACC05198,2025-03-04,India,SMB,Referral
ACC05199,2025-03-04,North America,Mid-Market,Paid Search
ACC05200,2025-03-04,North America,Enterprise,Paid Search
ACC05201,2025-03-05,Europe,SMB,Paid Social
ACC05202,2025-03-05,APAC,Enterprise,Paid Social
ACC05203,2025-03-05,North America,SMB,Paid Social
ACC05204,2025-03-05,North America,SMB,Organic Search
ACC05205,2025-03-06,India,Mid-Market,Paid Search
ACC05206,2025-03-06,APAC,SMB,Organic Search
ACC05207,2025-03-06,APAC,SMB,Paid Social
ACC05208,2025-03-06,India,Enterprise,Paid Search
ACC05209,2025-03-06,APAC,Mid-Market,Paid Search
ACC05210,2025-03-06,APAC,Mid-Market,Partner
ACC05211,2025-03-06,India,SMB,Paid Search
ACC05212,2025-03-06,India,Mid-Market,Organic Search
ACC05213,2025-03-06,Europe,SMB,Organic Search
ACC05214,2025-03-06,North America,Enterprise,Partner
ACC05215,2025-03-06,Europe,SMB,Organic Search
ACC05216,2025-03-07,India,SMB,Organic Search
ACC05217,2025-03-07,Europe,Mid-Market,Referral
ACC05218,2025-03-07,APAC,SMB,Paid Search
ACC05219,2025-03-07,Latin America,SMB,Paid Social
ACC05220,2025-03-07,Europe,Mid-Market,Paid Social
ACC05221,2025-03-07,India,SMB,Referral
ACC05222,2025-03-08,APAC,Mid-Market,Referral
ACC05223,2025-03-08,North America,SMB,Referral
ACC05224,2025-03-08,Latin America,SMB,Paid Search
ACC05225,2025-03-08,Latin America,SMB,Paid Social
ACC05226,2025-03-08,North America,SMB,Paid Search
ACC05227,2025-03-09,Europe,SMB,Paid Social
ACC05228,2025-03-09,Latin America,SMB,Organic Search
ACC05229,2025-03-09,APAC,SMB,Paid Social
ACC05230,2025-03-09,Europe,Enterprise,Organic Search
ACC05231,2025-03-09,APAC,SMB,Paid Social
ACC05232,2025-03-09,North America,SMB,Paid Social
ACC05233,2025-03-10,APAC,SMB,Paid Social
ACC05234,2025-03-10,North America,SMB,Referral
ACC05235,2025-03-10,Europe,Mid-Market,Referral
ACC05236,2025-03-10,Latin America,Mid-Market,Paid Search
ACC05237,2025-03-10,North America,Mid-Market,Paid Search
ACC05238,2025-03-10,North America,SMB,Referral
ACC05239,2025-03-10,Europe,Mid-Market,Referral
ACC05240,2025-03-10,Europe,SMB,Partner
ACC05241,2025-03-10,North America,SMB,Paid Search
ACC05242,2025-03-11,APAC,SMB,Paid Search
ACC05243,2025-03-11,North America,SMB,Organic Search
ACC05244,2025-03-11,India,Enterprise,Referral
ACC05245,2025-03-11,Latin America,Enterprise,Paid Social
ACC05246,2025-03-11,Europe,SMB,Paid Social
ACC05247,2025-03-11,India,SMB,Partner
ACC05248,2025-03-11,Europe,SMB,Organic Search
ACC05249,2025-03-11,Europe,SMB,Paid Social
ACC05250,2025-03-12,India,SMB,Paid Social
ACC05251,2025-03-12,Europe,Mid-Market,Partner
ACC05252,2025-03-12,North America,SMB,Organic Search
ACC05253,2025-03-13,Latin America,SMB,Partner
ACC05254,2025-03-13,India,Enterprise,Referral
ACC05255,2025-03-13,India,Mid-Market,Partner
ACC05256,2025-03-13,North America,SMB,Referral
ACC05257,2025-03-13,North America,Enterprise,Partner
ACC05258,2025-03-13,North America,SMB,Organic Search
ACC05259,2025-03-13,Europe,Mid-Market,Organic Search
ACC05260,2025-03-14,North America,SMB,Partner
ACC05261,2025-03-14,North America,Enterprise,Paid Search
ACC05262,2025-03-14,APAC,SMB,Paid Search
ACC05263,2025-03-14,North America,Mid-Market,Referral
ACC05264,2025-03-14,Latin America,Mid-Market,Partner
ACC05265,2025-03-15,India,SMB,Organic Search
ACC05266,2025-03-15,APAC,SMB,Organic Search
ACC05267,2025-03-15,APAC,Mid-Market,Paid Social
ACC05268,2025-03-15,APAC,SMB,Organic Search
ACC05269,2025-03-15,APAC,Enterprise,Paid Search
ACC05270,2025-03-15,North America,SMB,Paid Social
ACC05271,2025-03-16,India,SMB,Organic Search
ACC05272,2025-03-16,Latin America,Mid-Market,Referral
ACC05273,2025-03-16,Europe,SMB,Organic Search
ACC05274,2025-03-16,APAC,Enterprise,Referral
ACC05275,2025-03-16,APAC,SMB,Paid Search
ACC05276,2025-03-17,APAC,Enterprise,Organic Search
ACC05277,2025-03-17,Europe,SMB,Referral
ACC05278,2025-03-17,North America,Mid-Market,Paid Search
ACC05279,2025-03-17,APAC,SMB,Organic Search
ACC05280,2025-03-17,North America,SMB,Referral
ACC05281,2025-03-18,APAC,Mid-Market,Referral
ACC05282,2025-03-18,North America,Mid-Market,Organic Search
ACC05283,2025-03-18,Europe,SMB,Referral
ACC05284,2025-03-18,North America,SMB,Partner
ACC05285,2025-03-18,Latin America,SMB,Partner
ACC05286,2025-03-18,India,SMB,Referral
ACC05287,2025-03-18,India,Mid-Market,Paid Social
ACC05288,2025-03-19,North America,SMB,Paid Social
ACC05289,2025-03-19,Europe,Enterprise,Organic Search
ACC05290,2025-03-19,APAC,SMB,Paid Social
ACC05291,2025-03-19,Europe,SMB,Paid Search
ACC05292,2025-03-19,India,Enterprise,Paid Search
ACC05293,2025-03-20,APAC,SMB,Paid Social
ACC05294,2025-03-20,North America,SMB,Referral
ACC05295,2025-03-20,APAC,Mid-Market,Referral
ACC05296,2025-03-20,India,SMB,Organic Search
ACC05297,2025-03-20,North America,SMB,Paid Social
ACC05298,2025-03-20,APAC,SMB,Referral
ACC05299,2025-03-20,APAC,SMB,Referral
ACC05300,2025-03-21,APAC,Mid-Market,Referral
ACC05301,2025-03-21,Latin America,SMB,Organic Search
ACC05302,2025-03-21,Europe,Enterprise,Paid Search
ACC05303,2025-03-21,India,Mid-Market,Organic Search
ACC05304,2025-03-21,Latin America,SMB,Paid Search
ACC05305,2025-03-21,India,SMB,Paid Social
ACC05306,2025-03-22,Europe,SMB,Organic Search
ACC05307,2025-03-22,Latin America,Mid-Market,Referral
ACC05308,2025-03-22,India,SMB,Partner
ACC05309,2025-03-22,North America,SMB,Paid Search
ACC05310,2025-03-22,APAC,Mid-Market,Paid Social
ACC05311,2025-03-22,North America,Mid-Market,Referral
ACC05312,2025-03-22,India,Mid-Market,Paid Social
ACC05313,2025-03-22,Europe,SMB,Paid Social
ACC05314,2025-03-22,Europe,SMB,Organic Search
ACC05315,2025-03-23,India,SMB,Paid Search
ACC05316,2025-03-23,Europe,Enterprise,Paid Search
ACC05317,2025-03-23,North America,Mid-Market,Paid Social
ACC05318,2025-03-23,North America,SMB,Organic Search
ACC05319,2025-03-23,Europe,SMB,Referral
ACC05320,2025-03-23,Latin America,SMB,Organic Search
ACC05321,2025-03-23,North America,SMB,Referral
ACC05322,2025-03-23,Europe,SMB,Partner
ACC05323,2025-03-24,Latin America,SMB,Partner
ACC05324,2025-03-24,India,Mid-Market,Referral
ACC05325,2025-03-24,North America,SMB,Paid Social
ACC05326,2025-03-24,North America,SMB,Paid Search
ACC05327,2025-03-24,North America,SMB,Organic Search
ACC05328,2025-03-24,Europe,SMB,Organic Search
ACC05329,2025-03-25,APAC,SMB,Organic Search
ACC05330,2025-03-25,North America,SMB,Paid Social
ACC05331,2025-03-25,North America,Enterprise,Organic Search
ACC05332,2025-03-25,India,SMB,Organic Search
ACC05333,2025-03-25,APAC,Mid-Market,Paid Search
ACC05334,2025-03-25,North America,SMB,Paid Search
ACC05335,2025-03-25,North America,SMB,Referral
ACC05336,2025-03-25,APAC,SMB,Paid Search
ACC05337,2025-03-25,India,Mid-Market,Referral
ACC05338,2025-03-26,North America,SMB,Paid Social
ACC05339,2025-03-26,North America,Mid-Market,Paid Search
ACC05340,2025-03-27,APAC,Mid-Market,Referral
ACC05341,2025-03-27,India,Enterprise,Referral
ACC05342,2025-03-27,North America,SMB,Organic Search
ACC05343,2025-03-27,Europe,SMB,Paid Search
ACC05344,2025-03-27,Europe,SMB,Paid Social
ACC05345,2025-03-27,Europe,SMB,Referral
ACC05346,2025-03-27,India,SMB,Paid Social
ACC05347,2025-03-27,North America,SMB,Organic Search
ACC05348,2025-03-27,North America,SMB,Referral
ACC05349,2025-03-27,India,SMB,Organic Search
ACC05350,2025-03-28,APAC,SMB,Referral
ACC05351,2025-03-28,North America,Mid-Market,Organic Search
ACC05352,2025-03-28,North America,SMB,Organic Search
ACC05353,2025-03-28,Europe,SMB,Partner
ACC05354,2025-03-28,Europe,SMB,Paid Search
ACC05355,2025-03-28,Latin America,SMB,Referral
ACC05356,2025-03-28,Europe,Mid-Market,Partner
ACC05357,2025-03-28,APAC,Mid-Market,Referral
ACC05358,2025-03-29,APAC,SMB,Organic Search
ACC05359,2025-03-29,North America,SMB,Paid Social
ACC05360,2025-03-29,India,SMB,Paid Search
ACC05361,2025-03-29,India,SMB,Referral
ACC05362,2025-03-29,India,Enterprise,Partner
ACC05363,2025-03-29,Europe,Mid-Market,Referral
ACC05364,2025-03-30,Latin America,Mid-Market,Partner
ACC05365,2025-03-30,Europe,SMB,Paid Search
ACC05366,2025-03-30,APAC,SMB,Referral
ACC05367,2025-03-30,Europe,SMB,Paid Social
ACC05368,2025-03-30,APAC,Mid-Market,Organic Search
ACC05369,2025-03-30,India,SMB,Paid Social
ACC05370,2025-03-30,APAC,Mid-Market,Partner
ACC05371,2025-03-30,APAC,SMB,Organic Search
ACC05372,2025-03-30,Europe,Mid-Market,Paid Social
ACC05373,2025-03-31,North America,Mid-Market,Organic Search
ACC05374,2025-03-31,North America,Mid-Market,Referral
ACC05375,2025-03-31,APAC,SMB,Paid Search
ACC05376,2025-03-31,APAC,SMB,Paid Search
ACC05377,2025-03-31,APAC,SMB,Partner
ACC05378,2025-03-31,Europe,Mid-Market,Organic Search
ACC05379,2025-04-01,Europe,Mid-Market,Paid Social
ACC05380,2025-04-01,Europe,SMB,Organic Search
ACC05381,2025-04-01,Latin America,SMB,Organic Search
ACC05382,2025-04-01,India,SMB,Organic Search
ACC05383,2025-04-01,North America,Mid-Market,Referral
ACC05384,2025-04-01,India,Enterprise,Organic Search
ACC05385,2025-04-01,India,Mid-Market,Organic Search
ACC05386,2025-04-02,Europe,Mid-Market,Organic Search
ACC05387,2025-04-02,Europe,SMB,Paid Search
ACC05388,2025-04-02,North America,Mid-Market,Organic Search
ACC05389,2025-04-02,India,SMB,Referral
ACC05390,2025-04-02,India,SMB,Paid Search
ACC05391,2025-04-03,North America,SMB,Paid Social
ACC05392,2025-04-03,Latin America,Mid-Market,Paid Search
ACC05393,2025-04-03,North America,SMB,Organic Search
ACC05394,2025-04-03,India,Mid-Market,Referral
ACC05395,2025-04-03,Europe,Enterprise,Paid Social
ACC05396,2025-04-04,Europe,SMB,Paid Social
ACC05397,2025-04-04,APAC,SMB,Paid Search
ACC05398,2025-04-04,Europe,SMB,Organic Search
ACC05399,2025-04-04,North America,Mid-Market,Paid Search
ACC05400,2025-04-05,APAC,Enterprise,Paid Search
ACC05401,2025-04-05,North America,Mid-Market,Partner
ACC05402,2025-04-05,Europe,Enterprise,Paid Search
ACC05403,2025-04-05,India,SMB,Paid Social
ACC05404,2025-04-05,Europe,SMB,Paid Social
ACC05405,2025-04-05,India,SMB,Paid Search
ACC05406,2025-04-05,Latin America,SMB,Organic Search
ACC05407,2025-04-06,India,SMB,Referral
ACC05408,2025-04-06,North America,SMB,Partner
ACC05409,2025-04-06,India,Enterprise,Paid Social
ACC05410,2025-04-06,APAC,Enterprise,Paid Search
ACC05411,2025-04-06,APAC,SMB,Paid Social
ACC05412,2025-04-06,India,Enterprise,Organic Search
ACC05413,2025-04-07,India,SMB,Paid Social
ACC05414,2025-04-07,Europe,Mid-Market,Referral
ACC05415,2025-04-07,India,SMB,Paid Search
ACC05416,2025-04-07,APAC,Enterprise,Organic Search
ACC05417,2025-04-07,North America,Enterprise,Partner
ACC05418,2025-04-07,North America,SMB,Referral
ACC05419,2025-04-08,Latin America,SMB,Referral
ACC05420,2025-04-08,Latin America,Enterprise,Paid Search
ACC05421,2025-04-08,APAC,SMB,Partner
ACC05422,2025-04-09,APAC,Mid-Market,Organic Search
ACC05423,2025-04-09,North America,SMB,Organic Search
ACC05424,2025-04-09,North America,SMB,Paid Search
ACC05425,2025-04-09,Europe,Mid-Market,Paid Social
ACC05426,2025-04-09,Europe,SMB,Paid Search
ACC05427,2025-04-09,India,SMB,Paid Search
ACC05428,2025-04-09,North America,Enterprise,Paid Search
ACC05429,2025-04-10,Latin America,SMB,Paid Social
ACC05430,2025-04-10,North America,SMB,Organic Search
ACC05431,2025-04-10,APAC,SMB,Paid Search
ACC05432,2025-04-10,North America,SMB,Organic Search
ACC05433,2025-04-10,North America,SMB,Organic Search
ACC05434,2025-04-10,Europe,SMB,Paid Search
ACC05435,2025-04-10,India,Enterprise,Organic Search
ACC05436,2025-04-10,Latin America,SMB,Organic Search
ACC05437,2025-04-10,APAC,SMB,Paid Social
ACC05438,2025-04-10,APAC,Enterprise,Organic Search
ACC05439,2025-04-10,India,SMB,Paid Search
ACC05440,2025-04-10,North America,Mid-Market,Paid Social
ACC05441,2025-04-11,India,SMB,Paid Social
ACC05442,2025-04-11,Latin America,Mid-Market,Paid Search
ACC05443,2025-04-11,India,Enterprise,Paid Search
ACC05444,2025-04-11,APAC,SMB,Organic Search
ACC05445,2025-04-11,North America,Mid-Market,Paid Search
ACC05446,2025-04-11,North America,Enterprise,Paid Search
ACC05447,2025-04-11,Europe,SMB,Organic Search
ACC05448,2025-04-12,India,SMB,Paid Social
ACC05449,2025-04-12,APAC,SMB,Paid Search
ACC05450,2025-04-12,Europe,SMB,Referral
ACC05451,2025-04-12,India,Enterprise,Referral
ACC05452,2025-04-12,India,Mid-Market,Paid Social
ACC05453,2025-04-12,APAC,SMB,Referral
ACC05454,2025-04-12,India,Enterprise,Paid Search
ACC05455,2025-04-13,Latin America,Mid-Market,Paid Search
ACC05456,2025-04-13,Europe,Mid-Market,Referral
ACC05457,2025-04-13,Latin America,Mid-Market,Organic Search
ACC05458,2025-04-13,North America,Enterprise,Partner
ACC05459,2025-04-13,APAC,Mid-Market,Partner
ACC05460,2025-04-13,India,Mid-Market,Paid Search
ACC05461,2025-04-13,North America,SMB,Organic Search
ACC05462,2025-04-13,Europe,SMB,Paid Social
ACC05463,2025-04-14,Europe,SMB,Referral
ACC05464,2025-04-14,India,Mid-Market,Paid Search
ACC05465,2025-04-14,APAC,SMB,Partner
ACC05466,2025-04-14,North America,SMB,Referral
ACC05467,2025-04-14,APAC,Mid-Market,Paid Social
ACC05468,2025-04-15,India,Mid-Market,Paid Search
ACC05469,2025-04-15,Europe,Enterprise,Paid Social
ACC05470,2025-04-15,North America,Mid-Market,Paid Search
ACC05471,2025-04-15,North America,Mid-Market,Paid Social
ACC05472,2025-04-16,Europe,SMB,Organic Search
ACC05473,2025-04-16,Latin America,Mid-Market,Paid Search
ACC05474,2025-04-16,APAC,Enterprise,Paid Social
ACC05475,2025-04-16,North America,SMB,Referral
ACC05476,2025-04-16,India,SMB,Referral
ACC05477,2025-04-16,India,Enterprise,Partner
ACC05478,2025-04-17,North America,SMB,Partner
ACC05479,2025-04-17,India,Enterprise,Referral
ACC05480,2025-04-17,Europe,SMB,Partner
ACC05481,2025-04-17,India,SMB,Organic Search
ACC05482,2025-04-17,North America,Mid-Market,Partner
ACC05483,2025-04-17,Latin America,Mid-Market,Organic Search
ACC05484,2025-04-18,North America,SMB,Referral
ACC05485,2025-04-18,North America,Mid-Market,Paid Social
ACC05486,2025-04-18,Latin America,SMB,Referral
ACC05487,2025-04-18,North America,Mid-Market,Referral
ACC05488,2025-04-18,North America,Mid-Market,Paid Social
ACC05489,2025-04-18,North America,SMB,Partner
ACC05490,2025-04-19,APAC,SMB,Organic Search
ACC05491,2025-04-19,India,Mid-Market,Organic Search
ACC05492,2025-04-19,APAC,Mid-Market,Paid Search
ACC05493,2025-04-19,Europe,Enterprise,Referral
ACC05494,2025-04-19,India,SMB,Partner
ACC05495,2025-04-19,Europe,SMB,Paid Social
ACC05496,2025-04-19,Europe,SMB,Partner
ACC05497,2025-04-20,North America,SMB,Referral
ACC05498,2025-04-20,North America,Mid-Market,Referral
ACC05499,2025-04-20,Europe,Mid-Market,Referral
ACC05500,2025-04-20,APAC,Mid-Market,Paid Social
ACC05501,2025-04-20,India,Mid-Market,Partner
ACC05502,2025-04-21,North America,Mid-Market,Organic Search
ACC05503,2025-04-21,India,SMB,Paid Social
ACC05504,2025-04-21,APAC,SMB,Paid Social
ACC05505,2025-04-21,APAC,Mid-Market,Referral
ACC05506,2025-04-21,Europe,SMB,Referral
ACC05507,2025-04-21,APAC,SMB,Referral
ACC05508,2025-04-21,Europe,SMB,Referral
ACC05509,2025-04-21,Europe,Enterprise,Organic Search
ACC05510,2025-04-21,Latin America,Mid-Market,Organic Search
ACC05511,2025-04-21,North America,Enterprise,Organic Search
ACC05512,2025-04-21,Europe,SMB,Partner
ACC05513,2025-04-21,Latin America,Mid-Market,Paid Search
ACC05514,2025-04-21,India,Mid-Market,Referral
ACC05515,2025-04-22,Latin America,SMB,Organic Search
ACC05516,2025-04-22,Europe,Enterprise,Partner
ACC05517,2025-04-22,Europe,Mid-Market,Paid Search
ACC05518,2025-04-22,Europe,SMB,Referral
ACC05519,2025-04-22,Latin America,Enterprise,Paid Search
ACC05520,2025-04-22,North America,Mid-Market,Referral
ACC05521,2025-04-22,Europe,SMB,Organic Search
ACC05522,2025-04-22,APAC,SMB,Organic Search
ACC05523,2025-04-22,India,SMB,Organic Search
ACC05524,2025-04-22,North America,SMB,Partner
ACC05525,2025-04-23,India,Enterprise,Organic Search
ACC05526,2025-04-23,Latin America,SMB,Partner
ACC05527,2025-04-23,Latin America,SMB,Paid Social
ACC05528,2025-04-23,North America,Mid-Market,Paid Search
ACC05529,2025-04-23,North America,SMB,Paid Social
ACC05530,2025-04-23,India,Mid-Market,Paid Search
ACC05531,2025-04-24,North America,SMB,Referral
ACC05532,2025-04-24,Latin America,SMB,Referral
ACC05533,2025-04-24,North America,SMB,Paid Search
ACC05534,2025-04-25,Latin America,Mid-Market,Organic Search
ACC05535,2025-04-25,APAC,SMB,Paid Search
ACC05536,2025-04-25,Europe,SMB,Organic Search
ACC05537,2025-04-25,Europe,SMB,Paid Search
ACC05538,2025-04-25,India,SMB,Paid Social
ACC05539,2025-04-25,India,SMB,Paid Search
ACC05540,2025-04-26,Latin America,SMB,Referral
ACC05541,2025-04-26,Latin America,Mid-Market,Paid Social
ACC05542,2025-04-26,North America,SMB,Partner
ACC05543,2025-04-26,India,SMB,Referral
ACC05544,2025-04-26,North America,Mid-Market,Partner
ACC05545,2025-04-26,Latin America,Mid-Market,Partner
ACC05546,2025-04-26,Europe,SMB,Paid Search
ACC05547,2025-04-26,North America,Mid-Market,Paid Social
ACC05548,2025-04-26,APAC,SMB,Paid Search
ACC05549,2025-04-26,North America,SMB,Referral
ACC05550,2025-04-26,India,SMB,Partner
ACC05551,2025-04-27,North America,SMB,Partner
ACC05552,2025-04-27,Europe,Mid-Market,Organic Search
ACC05553,2025-04-27,North America,SMB,Organic Search
ACC05554,2025-04-27,Europe,Mid-Market,Organic Search
ACC05555,2025-04-27,APAC,SMB,Paid Social
ACC05556,2025-04-27,Europe,SMB,Paid Social
ACC05557,2025-04-28,Europe,Enterprise,Referral
ACC05558,2025-04-28,India,SMB,Paid Search
ACC05559,2025-04-28,Europe,SMB,Referral
ACC05560,2025-04-28,Europe,SMB,Paid Search
ACC05561,2025-04-28,APAC,SMB,Paid Search
ACC05562,2025-04-28,North America,SMB,Paid Social
ACC05563,2025-04-29,North America,Mid-Market,Partner
ACC05564,2025-04-29,APAC,SMB,Organic Search
ACC05565,2025-04-29,Latin America,Mid-Market,Paid Search
ACC05566,2025-04-29,North America,Enterprise,Partner
ACC05567,2025-04-29,North America,Mid-Market,Organic Search
ACC05568,2025-04-30,APAC,SMB,Referral
ACC05569,2025-04-30,APAC,SMB,Partner
ACC05570,2025-04-30,APAC,Enterprise,Organic Search
ACC05571,2025-04-30,APAC,Mid-Market,Referral
ACC05572,2025-04-30,Europe,Mid-Market,Organic Search
ACC05573,2025-04-30,North America,Mid-Market,Paid Search
ACC05574,2025-04-30,Latin America,SMB,Paid Social
ACC05575,2025-04-30,India,Mid-Market,Partner
ACC05576,2025-05-01,North America,Mid-Market,Referral
ACC05577,2025-05-01,India,SMB,Paid Search
ACC05578,2025-05-01,India,SMB,Referral
ACC05579,2025-05-01,APAC,SMB,Referral
ACC05580,2025-05-01,India,SMB,Paid Social
ACC05581,2025-05-01,Latin America,Mid-Market,Paid Search
ACC05582,2025-05-02,North America,SMB,Organic Search
ACC05583,2025-05-02,India,SMB,Paid Social
ACC05584,2025-05-02,North America,Mid-Market,Organic Search
ACC05585,2025-05-02,Europe,Mid-Market,Referral
ACC05586,2025-05-02,APAC,SMB,Organic Search
ACC05587,2025-05-02,India,Enterprise,Paid Social
ACC05588,2025-05-02,Europe,SMB,Paid Social
ACC05589,2025-05-02,North America,SMB,Paid Social
ACC05590,2025-05-02,APAC,Enterprise,Paid Social
ACC05591,2025-05-03,India,SMB,Organic Search
ACC05592,2025-05-03,India,SMB,Referral
ACC05593,2025-05-03,North America,SMB,Organic Search
ACC05594,2025-05-03,APAC,SMB,Organic Search
ACC05595,2025-05-03,India,Mid-Market,Organic Search
ACC05596,2025-05-03,North America,SMB,Paid Search
ACC05597,2025-05-03,Europe,SMB,Partner
ACC05598,2025-05-03,North America,SMB,Referral
ACC05599,2025-05-03,Europe,Mid-Market,Paid Search
ACC05600,2025-05-03,APAC,SMB,Paid Search
ACC05601,2025-05-03,North America,Mid-Market,Organic Search
ACC05602,2025-05-03,North America,SMB,Organic Search
ACC05603,2025-05-03,APAC,SMB,Paid Social
ACC05604,2025-05-04,India,SMB,Organic Search
ACC05605,2025-05-04,India,Mid-Market,Paid Search
ACC05606,2025-05-04,India,Mid-Market,Paid Social
ACC05607,2025-05-04,India,SMB,Referral
ACC05608,2025-05-04,India,Enterprise,Referral
ACC05609,2025-05-04,India,SMB,Paid Social
ACC05610,2025-05-04,North America,SMB,Organic Search
ACC05611,2025-05-04,India,SMB,Paid Social
ACC05612,2025-05-05,North America,SMB,Organic Search
ACC05613,2025-05-05,Europe,Mid-Market,Organic Search
ACC05614,2025-05-05,APAC,SMB,Organic Search
ACC05615,2025-05-05,APAC,Mid-Market,Partner
ACC05616,2025-05-06,India,Mid-Market,Paid Social
ACC05617,2025-05-06,North America,Mid-Market,Partner
ACC05618,2025-05-06,North America,SMB,Referral
ACC05619,2025-05-06,Europe,SMB,Organic Search
ACC05620,2025-05-06,APAC,Mid-Market,Referral
ACC05621,2025-05-06,India,Mid-Market,Partner
ACC05622,2025-05-06,India,Mid-Market,Organic Search
ACC05623,2025-05-06,Europe,SMB,Organic Search
ACC05624,2025-05-06,North America,SMB,Paid Social
ACC05625,2025-05-06,North America,SMB,Paid Search
ACC05626,2025-05-06,North America,Mid-Market,Organic Search
ACC05627,2025-05-07,North America,Mid-Market,Organic Search
ACC05628,2025-05-07,Latin America,Mid-Market,Partner
ACC05629,2025-05-08,Europe,SMB,Organic Search
ACC05630,2025-05-08,North America,SMB,Paid Social
ACC05631,2025-05-08,APAC,SMB,Organic Search
ACC05632,2025-05-08,APAC,Enterprise,Paid Social
ACC05633,2025-05-08,APAC,SMB,Organic Search
ACC05634,2025-05-08,North America,SMB,Partner
ACC05635,2025-05-08,Latin America,Mid-Market,Paid Social
ACC05636,2025-05-08,Europe,SMB,Organic Search
ACC05637,2025-05-08,Europe,SMB,Organic Search
ACC05638,2025-05-09,Europe,SMB,Paid Search
ACC05639,2025-05-09,North America,Enterprise,Paid Social
ACC05640,2025-05-09,North America,SMB,Paid Social
ACC05641,2025-05-09,Latin America,SMB,Paid Social
ACC05642,2025-05-09,North America,Enterprise,Organic Search
ACC05643,2025-05-10,APAC,SMB,Partner
ACC05644,2025-05-10,Latin America,Mid-Market,Paid Social
ACC05645,2025-05-10,APAC,Mid-Market,Partner
ACC05646,2025-05-10,APAC,SMB,Paid Search
ACC05647,2025-05-10,India,SMB,Paid Social
ACC05648,2025-05-11,Europe,Enterprise,Organic Search
ACC05649,2025-05-11,North America,Mid-Market,Paid Search
ACC05650,2025-05-11,India,SMB,Paid Social
ACC05651,2025-05-11,Europe,Mid-Market,Paid Social
ACC05652,2025-05-11,APAC,SMB,Paid Search
ACC05653,2025-05-11,Latin America,SMB,Paid Social
ACC05654,2025-05-12,India,Mid-Market,Referral
ACC05655,2025-05-12,APAC,SMB,Paid Social
ACC05656,2025-05-12,North America,Enterprise,Paid Social
ACC05657,2025-05-12,APAC,SMB,Organic Search
ACC05658,2025-05-12,Europe,SMB,Partner
ACC05659,2025-05-12,North America,Enterprise,Paid Social
ACC05660,2025-05-12,North America,SMB,Partner
ACC05661,2025-05-12,India,SMB,Paid Search
ACC05662,2025-05-12,APAC,Mid-Market,Referral
ACC05663,2025-05-13,Europe,Enterprise,Paid Search
ACC05664,2025-05-13,APAC,SMB,Partner
ACC05665,2025-05-13,Europe,Mid-Market,Paid Social
ACC05666,2025-05-13,North America,Enterprise,Organic Search
ACC05667,2025-05-13,North America,SMB,Paid Social
ACC05668,2025-05-13,APAC,Enterprise,Paid Social
ACC05669,2025-05-13,Latin America,SMB,Partner
ACC05670,2025-05-13,North America,SMB,Paid Search
ACC05671,2025-05-14,Europe,Enterprise,Paid Social
ACC05672,2025-05-14,North America,Mid-Market,Referral
ACC05673,2025-05-14,North America,Mid-Market,Organic Search
ACC05674,2025-05-14,North America,Mid-Market,Paid Social
ACC05675,2025-05-14,Latin America,SMB,Paid Social
ACC05676,2025-05-14,India,SMB,Referral
ACC05677,2025-05-15,North America,SMB,Referral
ACC05678,2025-05-15,Latin America,Mid-Market,Paid Search
ACC05679,2025-05-15,APAC,SMB,Referral
ACC05680,2025-05-15,Europe,SMB,Organic Search
ACC05681,2025-05-15,India,Mid-Market,Partner
ACC05682,2025-05-15,APAC,SMB,Paid Social
ACC05683,2025-05-15,India,Mid-Market,Partner
ACC05684,2025-05-15,North America,SMB,Partner
ACC05685,2025-05-15,APAC,SMB,Paid Search
ACC05686,2025-05-16,India,Enterprise,Partner
ACC05687,2025-05-16,Latin America,SMB,Paid Search
ACC05688,2025-05-16,APAC,SMB,Paid Search
ACC05689,2025-05-16,North America,Mid-Market,Paid Search
ACC05690,2025-05-16,India,Mid-Market,Paid Social
ACC05691,2025-05-16,North America,SMB,Referral
ACC05692,2025-05-16,Europe,SMB,Paid Search
ACC05693,2025-05-16,APAC,SMB,Organic Search
ACC05694,2025-05-17,India,Mid-Market,Partner
ACC05695,2025-05-17,APAC,SMB,Paid Search
ACC05696,2025-05-17,North America,SMB,Organic Search
ACC05697,2025-05-17,APAC,SMB,Paid Social
ACC05698,2025-05-17,India,SMB,Paid Search
ACC05699,2025-05-17,North America,SMB,Partner
ACC05700,2025-05-18,India,Mid-Market,Organic Search
ACC05701,2025-05-18,India,SMB,Organic Search
ACC05702,2025-05-18,Latin America,Mid-Market,Referral
ACC05703,2025-05-18,North America,Enterprise,Referral
ACC05704,2025-05-18,Europe,Mid-Market,Partner
ACC05705,2025-05-18,Europe,SMB,Referral
ACC05706,2025-05-18,North America,Mid-Market,Paid Social
ACC05707,2025-05-19,North America,Mid-Market,Paid Search
ACC05708,2025-05-19,APAC,SMB,Paid Social
ACC05709,2025-05-19,Latin America,SMB,Referral
ACC05710,2025-05-19,APAC,Mid-Market,Organic Search
ACC05711,2025-05-19,Europe,SMB,Paid Social
ACC05712,2025-05-19,APAC,SMB,Partner
ACC05713,2025-05-19,APAC,SMB,Paid Social
ACC05714,2025-05-20,North America,SMB,Organic Search
ACC05715,2025-05-20,Europe,SMB,Partner
ACC05716,2025-05-20,Europe,Mid-Market,Paid Social
ACC05717,2025-05-20,North America,SMB,Paid Social
ACC05718,2025-05-20,North America,SMB,Paid Social
ACC05719,2025-05-20,India,SMB,Referral
ACC05720,2025-05-20,North America,SMB,Paid Social
ACC05721,2025-05-20,Europe,SMB,Paid Social
ACC05722,2025-05-20,North America,SMB,Organic Search
ACC05723,2025-05-20,North America,Mid-Market,Paid Search
ACC05724,2025-05-20,North America,Mid-Market,Organic Search
ACC05725,2025-05-20,APAC,SMB,Referral
ACC05726,2025-05-21,Europe,Enterprise,Paid Search
ACC05727,2025-05-21,North America,SMB,Paid Social
ACC05728,2025-05-21,Europe,SMB,Paid Search
ACC05729,2025-05-22,Latin America,SMB,Referral
ACC05730,2025-05-22,Latin America,SMB,Partner
ACC05731,2025-05-22,Europe,SMB,Organic Search
ACC05732,2025-05-22,Latin America,SMB,Paid Search
ACC05733,2025-05-22,APAC,SMB,Paid Social
ACC05734,2025-05-22,North America,Enterprise,Referral
ACC05735,2025-05-22,APAC,SMB,Organic Search
ACC05736,2025-05-22,Europe,SMB,Paid Social
ACC05737,2025-05-23,Europe,SMB,Paid Search
ACC05738,2025-05-23,India,SMB,Paid Search
ACC05739,2025-05-23,APAC,SMB,Paid Social
ACC05740,2025-05-23,Europe,SMB,Paid Social
ACC05741,2025-05-23,Europe,SMB,Organic Search
ACC05742,2025-05-24,APAC,SMB,Partner
ACC05743,2025-05-24,Europe,Mid-Market,Paid Social
ACC05744,2025-05-24,India,Mid-Market,Paid Search
ACC05745,2025-05-24,Europe,SMB,Partner
ACC05746,2025-05-24,APAC,Mid-Market,Partner
ACC05747,2025-05-24,APAC,Mid-Market,Organic Search
ACC05748,2025-05-24,Europe,Mid-Market,Referral
ACC05749,2025-05-24,India,SMB,Referral
ACC05750,2025-05-24,Latin America,Mid-Market,Paid Social
ACC05751,2025-05-25,Latin America,SMB,Paid Social
ACC05752,2025-05-25,Latin America,SMB,Partner
ACC05753,2025-05-25,APAC,Enterprise,Paid Social
ACC05754,2025-05-25,North America,Mid-Market,Paid Social
ACC05755,2025-05-25,Europe,SMB,Paid Social
ACC05756,2025-05-26,India,SMB,Paid Search
ACC05757,2025-05-26,Latin America,SMB,Partner
ACC05758,2025-05-26,APAC,Mid-Market,Organic Search
ACC05759,2025-05-26,North America,SMB,Referral
ACC05760,2025-05-27,India,SMB,Partner
ACC05761,2025-05-27,North America,Mid-Market,Partner
ACC05762,2025-05-27,Europe,SMB,Referral
ACC05763,2025-05-27,India,SMB,Paid Search
ACC05764,2025-05-27,North America,SMB,Organic Search
ACC05765,2025-05-27,India,SMB,Partner
ACC05766,2025-05-27,North America,SMB,Paid Search
ACC05767,2025-05-28,APAC,SMB,Organic Search
ACC05768,2025-05-28,Europe,SMB,Paid Search
ACC05769,2025-05-28,APAC,SMB,Referral
ACC05770,2025-05-28,North America,SMB,Organic Search
ACC05771,2025-05-28,India,Mid-Market,Organic Search
ACC05772,2025-05-29,India,Enterprise,Paid Social
ACC05773,2025-05-29,APAC,Mid-Market,Referral
ACC05774,2025-05-29,India,SMB,Partner
ACC05775,2025-05-29,APAC,SMB,Organic Search
ACC05776,2025-05-29,North America,Mid-Market,Paid Search
ACC05777,2025-05-30,Europe,SMB,Referral
ACC05778,2025-05-30,North America,SMB,Paid Social
ACC05779,2025-05-30,North America,Enterprise,Referral
ACC05780,2025-05-30,Europe,SMB,Paid Search
ACC05781,2025-05-30,Europe,SMB,Organic Search
ACC05782,2025-05-30,North America,Mid-Market,Paid Social
ACC05783,2025-05-30,North America,Mid-Market,Paid Social
ACC05784,2025-05-30,North America,SMB,Paid Social
ACC05785,2025-05-30,Latin America,SMB,Organic Search
ACC05786,2025-05-30,North America,Enterprise,Paid Search
ACC05787,2025-05-30,APAC,Mid-Market,Organic Search
ACC05788,2025-05-30,Europe,SMB,Referral
ACC05789,2025-05-31,Europe,Mid-Market,Partner
ACC05790,2025-05-31,APAC,SMB,Paid Search
ACC05791,2025-05-31,Latin America,Enterprise,Partner
ACC05792,2025-05-31,APAC,Enterprise,Paid Social
ACC05793,2025-05-31,North America,SMB,Paid Social
ACC05794,2025-06-01,Europe,SMB,Organic Search
ACC05795,2025-06-01,Latin America,SMB,Organic Search
ACC05796,2025-06-01,APAC,Enterprise,Referral
ACC05797,2025-06-01,Latin America,Enterprise,Paid Social
ACC05798,2025-06-01,Europe,SMB,Paid Search
ACC05799,2025-06-01,APAC,Mid-Market,Paid Social
ACC05800,2025-06-01,Europe,Mid-Market,Paid Search
ACC05801,2025-06-01,North America,SMB,Paid Search
ACC05802,2025-06-01,India,SMB,Paid Search
ACC05803,2025-06-02,India,SMB,Paid Social
ACC05804,2025-06-02,APAC,SMB,Paid Social
ACC05805,2025-06-02,APAC,SMB,Paid Search
ACC05806,2025-06-02,India,SMB,Referral
ACC05807,2025-06-03,India,Mid-Market,Paid Social
ACC05808,2025-06-03,Europe,Mid-Market,Organic Search
ACC05809,2025-06-03,North America,SMB,Organic Search
ACC05810,2025-06-03,India,SMB,Partner
ACC05811,2025-06-03,Europe,SMB,Referral
ACC05812,2025-06-03,India,SMB,Organic Search
ACC05813,2025-06-03,Latin America,Mid-Market,Referral
ACC05814,2025-06-03,Europe,SMB,Referral
ACC05815,2025-06-03,Latin America,SMB,Paid Social
ACC05816,2025-06-03,North America,Mid-Market,Paid Social
ACC05817,2025-06-03,Europe,SMB,Paid Social
ACC05818,2025-06-03,Europe,SMB,Organic Search
ACC05819,2025-06-03,Europe,Mid-Market,Referral
ACC05820,2025-06-04,Europe,Mid-Market,Organic Search
ACC05821,2025-06-04,APAC,SMB,Referral
ACC05822,2025-06-04,Europe,SMB,Paid Search
ACC05823,2025-06-04,APAC,Enterprise,Paid Search
ACC05824,2025-06-04,India,Enterprise,Paid Social
ACC05825,2025-06-04,Europe,SMB,Referral
ACC05826,2025-06-04,Latin America,SMB,Paid Social
ACC05827,2025-06-04,India,SMB,Partner
ACC05828,2025-06-04,Latin America,SMB,Paid Search
ACC05829,2025-06-05,APAC,SMB,Paid Social
ACC05830,2025-06-05,Latin America,Enterprise,Organic Search
ACC05831,2025-06-05,North America,Mid-Market,Organic Search
ACC05832,2025-06-05,North America,SMB,Paid Social
ACC05833,2025-06-06,APAC,Enterprise,Paid Search
ACC05834,2025-06-07,North America,Mid-Market,Paid Social
ACC05835,2025-06-07,North America,SMB,Organic Search
ACC05836,2025-06-07,North America,SMB,Paid Social
ACC05837,2025-06-07,Europe,SMB,Organic Search
ACC05838,2025-06-07,North America,Mid-Market,Organic Search
ACC05839,2025-06-07,Europe,Mid-Market,Organic Search
ACC05840,2025-06-07,Europe,SMB,Paid Social
ACC05841,2025-06-07,APAC,SMB,Paid Search
ACC05842,2025-06-07,Europe,SMB,Paid Search
ACC05843,2025-06-07,Europe,SMB,Organic Search
ACC05844,2025-06-07,India,Mid-Market,Paid Social
ACC05845,2025-06-08,Europe,SMB,Referral
ACC05846,2025-06-08,Europe,SMB,Partner
ACC05847,2025-06-08,APAC,SMB,Paid Search
ACC05848,2025-06-08,APAC,SMB,Paid Social
ACC05849,2025-06-08,Europe,SMB,Paid Search
ACC05850,2025-06-09,APAC,SMB,Organic Search
ACC05851,2025-06-09,Europe,SMB,Organic Search
ACC05852,2025-06-09,India,Mid-Market,Organic Search
ACC05853,2025-06-09,Latin America,Mid-Market,Paid Search
ACC05854,2025-06-09,North America,SMB,Partner
ACC05855,2025-06-09,Europe,SMB,Organic Search
ACC05856,2025-06-09,APAC,SMB,Partner
ACC05857,2025-06-09,India,SMB,Organic Search
ACC05858,2025-06-09,India,Mid-Market,Paid Social
ACC05859,2025-06-10,India,SMB,Partner
ACC05860,2025-06-10,Europe,SMB,Organic Search
ACC05861,2025-06-10,Europe,SMB,Referral
ACC05862,2025-06-10,North America,SMB,Organic Search
ACC05863,2025-06-10,APAC,SMB,Paid Social
ACC05864,2025-06-10,Europe,SMB,Organic Search
ACC05865,2025-06-10,APAC,Enterprise,Organic Search
ACC05866,2025-06-11,APAC,SMB,Partner
ACC05867,2025-06-11,Europe,Mid-Market,Paid Social
ACC05868,2025-06-11,India,Mid-Market,Paid Social
ACC05869,2025-06-11,Latin America,SMB,Paid Search
ACC05870,2025-06-12,Europe,SMB,Paid Social
ACC05871,2025-06-12,APAC,Enterprise,Partner
ACC05872,2025-06-12,India,Mid-Market,Partner
ACC05873,2025-06-12,Europe,SMB,Referral
ACC05874,2025-06-12,Europe,Mid-Market,Paid Social
ACC05875,2025-06-13,Latin America,Mid-Market,Paid Search
ACC05876,2025-06-13,Europe,SMB,Referral
ACC05877,2025-06-13,APAC,SMB,Organic Search
ACC05878,2025-06-13,India,SMB,Organic Search
ACC05879,2025-06-13,North America,SMB,Organic Search
ACC05880,2025-06-13,Europe,Mid-Market,Organic Search
ACC05881,2025-06-14,North America,Mid-Market,Paid Social
ACC05882,2025-06-14,North America,SMB,Organic Search
ACC05883,2025-06-14,Latin America,SMB,Organic Search
ACC05884,2025-06-14,North America,Mid-Market,Referral
ACC05885,2025-06-14,North America,SMB,Referral
ACC05886,2025-06-15,APAC,SMB,Organic Search
ACC05887,2025-06-15,APAC,Mid-Market,Paid Search
ACC05888,2025-06-15,APAC,SMB,Organic Search
ACC05889,2025-06-15,Latin America,SMB,Paid Social
ACC05890,2025-06-15,APAC,SMB,Organic Search
ACC05891,2025-06-15,APAC,Mid-Market,Referral
ACC05892,2025-06-16,North America,SMB,Organic Search
ACC05893,2025-06-16,North America,SMB,Paid Search
ACC05894,2025-06-16,Latin America,Mid-Market,Paid Social
ACC05895,2025-06-16,North America,SMB,Partner
ACC05896,2025-06-16,Europe,Mid-Market,Paid Search
ACC05897,2025-06-16,India,SMB,Paid Social
ACC05898,2025-06-16,India,Enterprise,Partner
ACC05899,2025-06-16,North America,Mid-Market,Paid Social
ACC05900,2025-06-16,Europe,SMB,Organic Search
ACC05901,2025-06-16,India,SMB,Paid Search
ACC05902,2025-06-16,Europe,Mid-Market,Organic Search
ACC05903,2025-06-16,North America,Enterprise,Paid Search
ACC05904,2025-06-17,Latin America,SMB,Paid Search
ACC05905,2025-06-17,APAC,SMB,Paid Search
ACC05906,2025-06-17,Europe,Mid-Market,Paid Search
ACC05907,2025-06-17,North America,Enterprise,Partner
ACC05908,2025-06-17,Latin America,Mid-Market,Referral
ACC05909,2025-06-17,Europe,Mid-Market,Referral
ACC05910,2025-06-17,North America,SMB,Referral
ACC05911,2025-06-17,APAC,Mid-Market,Partner
ACC05912,2025-06-17,APAC,Mid-Market,Paid Search
ACC05913,2025-06-18,North America,Mid-Market,Organic Search
ACC05914,2025-06-18,North America,Enterprise,Organic Search
ACC05915,2025-06-18,North America,Mid-Market,Paid Social
ACC05916,2025-06-18,APAC,SMB,Organic Search
ACC05917,2025-06-18,Latin America,SMB,Referral
ACC05918,2025-06-18,North America,Mid-Market,Organic Search
ACC05919,2025-06-18,North America,SMB,Referral
ACC05920,2025-06-18,APAC,Mid-Market,Paid Search
ACC05921,2025-06-18,India,Enterprise,Partner
ACC05922,2025-06-19,APAC,Mid-Market,Paid Search
ACC05923,2025-06-19,Latin America,Mid-Market,Paid Social
ACC05924,2025-06-19,Europe,SMB,Organic Search
ACC05925,2025-06-20,Europe,Mid-Market,Paid Search
ACC05926,2025-06-20,India,SMB,Paid Social
ACC05927,2025-06-20,Latin America,Enterprise,Paid Search
ACC05928,2025-06-20,APAC,Mid-Market,Organic Search
ACC05929,2025-06-20,Latin America,SMB,Paid Social
ACC05930,2025-06-20,North America,Enterprise,Paid Social
ACC05931,2025-06-20,Europe,Mid-Market,Organic Search
ACC05932,2025-06-21,APAC,SMB,Referral
ACC05933,2025-06-21,APAC,SMB,Partner
ACC05934,2025-06-21,North America,Mid-Market,Paid Social
ACC05935,2025-06-21,North America,SMB,Paid Social
ACC05936,2025-06-22,North America,Enterprise,Paid Social
ACC05937,2025-06-22,North America,SMB,Paid Search
ACC05938,2025-06-22,APAC,Enterprise,Referral
ACC05939,2025-06-22,Europe,SMB,Organic Search
ACC05940,2025-06-22,North America,SMB,Paid Social
ACC05941,2025-06-22,Latin America,SMB,Paid Search
ACC05942,2025-06-22,India,SMB,Paid Search
ACC05943,2025-06-22,Europe,Mid-Market,Partner
ACC05944,2025-06-22,Europe,SMB,Organic Search
ACC05945,2025-06-23,North America,SMB,Paid Search
ACC05946,2025-06-23,Latin America,SMB,Organic Search
ACC05947,2025-06-23,Europe,Mid-Market,Paid Search
ACC05948,2025-06-23,North America,SMB,Referral
ACC05949,2025-06-23,North America,SMB,Paid Search
ACC05950,2025-06-23,APAC,SMB,Paid Search
ACC05951,2025-06-23,India,SMB,Paid Social
ACC05952,2025-06-23,Europe,SMB,Paid Social
ACC05953,2025-06-23,North America,Mid-Market,Organic Search
ACC05954,2025-06-24,APAC,SMB,Paid Search
ACC05955,2025-06-24,North America,SMB,Paid Search
ACC05956,2025-06-24,North America,SMB,Paid Social
ACC05957,2025-06-24,Europe,SMB,Partner
ACC05958,2025-06-24,North America,SMB,Partner
ACC05959,2025-06-24,North America,Mid-Market,Referral
ACC05960,2025-06-24,North America,SMB,Referral
ACC05961,2025-06-24,North America,Mid-Market,Organic Search
ACC05962,2025-06-24,North America,SMB,Paid Search
ACC05963,2025-06-24,North America,Mid-Market,Partner
ACC05964,2025-06-25,Europe,SMB,Partner
ACC05965,2025-06-25,North America,Mid-Market,Partner
ACC05966,2025-06-25,APAC,SMB,Organic Search
ACC05967,2025-06-26,APAC,Enterprise,Organic Search
ACC05968,2025-06-26,North America,Mid-Market,Organic Search
ACC05969,2025-06-26,APAC,SMB,Partner
ACC05970,2025-06-26,APAC,SMB,Partner
ACC05971,2025-06-27,APAC,SMB,Paid Search
ACC05972,2025-06-27,Europe,Mid-Market,Paid Social
ACC05973,2025-06-27,India,SMB,Referral
ACC05974,2025-06-27,Latin America,Enterprise,Paid Social
ACC05975,2025-06-27,North America,Enterprise,Paid Search
ACC05976,2025-06-27,North America,SMB,Paid Social
ACC05977,2025-06-27,APAC,SMB,Organic Search
ACC05978,2025-06-27,Europe,Enterprise,Referral
ACC05979,2025-06-27,Europe,Mid-Market,Partner
ACC05980,2025-06-27,APAC,SMB,Paid Social
ACC05981,2025-06-27,North America,SMB,Organic Search
ACC05982,2025-06-28,India,Mid-Market,Paid Social
ACC05983,2025-06-28,North America,Mid-Market,Paid Search
ACC05984,2025-06-28,North America,Mid-Market,Organic Search
ACC05985,2025-06-29,North America,Enterprise,Paid Search
ACC05986,2025-06-29,Europe,SMB,Paid Search
ACC05987,2025-06-29,North America,SMB,Paid Search
ACC05988,2025-06-29,India,SMB,Organic Search
ACC05989,2025-06-29,North America,Enterprise,Paid Social
ACC05990,2025-06-29,APAC,SMB,Paid Search
ACC05991,2025-06-30,APAC,SMB,Paid Search
ACC05992,2025-06-30,Europe,Enterprise,Paid Search
ACC05993,2025-06-30,Europe,SMB,Paid Social
ACC05994,2025-06-30,Europe,Mid-Market,Partner
ACC05995,2025-06-30,India,Mid-Market,Paid Search
ACC05996,2025-06-30,India,SMB,Paid Search
ACC05997,2025-06-30,Europe,SMB,Organic Search
ACC05998,2025-06-30,North America,SMB,Paid Social
ACC05999,2025-06-30,APAC,SMB,Referral
ACC06000,2025-06-30,India,Mid-Market,Organic Search
