subscription_id,account_id,plan_id,started_at,ended_at,status,seats,mrr
SUB00001,ACC00001,PLN_SCALE,2023-01-01,2023-10-19,cancelled,89,799
SUB00002,ACC00002,PLN_GROWTH,2023-01-01,2024-02-20,cancelled,22,199
SUB00003,ACC00003,PLN_GROWTH,2023-01-01,2024-01-01,cancelled,23,199
SUB00004,ACC00004,PLN_GROWTH,2023-01-01,2023-06-03,cancelled,18,199
SUB00005,ACC00005,PLN_GROWTH,2023-01-01,2023-10-02,cancelled,12,199
SUB00006,ACC00006,PLN_ENTERPRISE,2023-01-01,2023-02-22,cancelled,506,2499
SUB00007,ACC00007,PLN_GROWTH,2023-01-01,2025-06-27,cancelled,22,199
SUB00008,ACC00008,PLN_SCALE,2023-01-02,2024-10-15,cancelled,106,799
SUB00009,ACC00009,PLN_STARTER,2023-01-02,2023-03-10,cancelled,5,49
SUB00010,ACC00010,PLN_GROWTH,2023-01-02,2023-10-15,cancelled,13,199
SUB00011,ACC00011,PLN_STARTER,2023-01-02,2023-08-12,cancelled,4,49
SUB00012,ACC00012,PLN_GROWTH,2023-01-02,2025-08-05,cancelled,14,199
SUB00013,ACC00013,PLN_STARTER,2023-01-02,2023-04-21,cancelled,5,49
SUB00014,ACC00014,PLN_GROWTH,2023-01-03,2023-09-20,cancelled,15,199
SUB00015,ACC00015,PLN_SCALE,2023-01-03,2023-11-22,cancelled,104,799
SUB00016,ACC00016,PLN_GROWTH,2023-01-04,2023-06-27,cancelled,15,199
SUB00017,ACC00017,PLN_STARTER,2023-01-04,2023-08-13,cancelled,4,49
SUB00018,ACC00018,PLN_SCALE,2023-01-05,2023-12-24,cancelled,107,799
SUB00019,ACC00019,PLN_STARTER,2023-01-05,2024-05-13,cancelled,5,49
SUB00020,ACC00020,PLN_GROWTH,2023-01-05,2024-08-22,cancelled,16,199
SUB00021,ACC00021,PLN_STARTER,2023-01-05,2023-04-06,cancelled,4,49
SUB00022,ACC00022,PLN_STARTER,2023-01-05,2023-04-22,cancelled,4,49
SUB00023,ACC00023,PLN_GROWTH,2023-01-05,2023-09-08,cancelled,16,199
SUB00024,ACC00024,PLN_SCALE,2023-01-05,2023-02-20,cancelled,82,799
SUB00025,ACC00025,PLN_STARTER,2023-01-05,2025-02-08,cancelled,3,49
SUB00026,ACC00026,PLN_STARTER,2023-01-05,2023-05-12,cancelled,5,49
SUB00027,ACC00027,PLN_SCALE,2023-01-05,2023-05-08,cancelled,76,799
SUB00028,ACC00028,PLN_STARTER,2023-01-05,2023-10-16,cancelled,4,49
SUB00029,ACC00029,PLN_GROWTH,2023-01-05,2024-05-28,cancelled,23,199
SUB00030,ACC00030,PLN_STARTER,2023-01-06,2023-03-16,cancelled,5,49
SUB00031,ACC00031,PLN_GROWTH,2023-01-06,2023-11-11,cancelled,22,199
SUB00032,ACC00032,PLN_SCALE,2023-01-06,2024-04-24,cancelled,95,799
SUB00033,ACC00033,PLN_GROWTH,2023-01-07,2023-03-17,cancelled,14,199
SUB00034,ACC00034,PLN_STARTER,2023-01-07,2023-09-04,cancelled,4,49
SUB00035,ACC00035,PLN_SCALE,2023-01-07,2024-06-06,cancelled,60,799
SUB00036,ACC00036,PLN_STARTER,2023-01-07,2024-06-09,cancelled,5,49
SUB00037,ACC00037,PLN_SCALE,2023-01-07,2023-05-09,cancelled,75,799
SUB00038,ACC00038,PLN_GROWTH,2023-01-07,2023-03-12,cancelled,13,199
SUB00039,ACC00039,PLN_GROWTH,2023-01-08,2023-10-20,cancelled,16,199
SUB00040,ACC00040,PLN_SCALE,2023-01-08,2025-12-20,cancelled,74,799
SUB00041,ACC00041,PLN_STARTER,2023-01-08,2023-03-24,cancelled,3,49
SUB00042,ACC00042,PLN_STARTER,2023-01-08,2023-09-04,cancelled,4,49
SUB00043,ACC00043,PLN_SCALE,2023-01-08,2023-05-05,cancelled,99,799
SUB00044,ACC00044,PLN_STARTER,2023-01-08,2023-11-15,cancelled,4,49
SUB00045,ACC00045,PLN_STARTER,2023-01-09,2023-09-10,cancelled,5,49
SUB00046,ACC00046,PLN_SCALE,2023-01-09,2025-12-16,cancelled,99,799
SUB00047,ACC00047,PLN_STARTER,2023-01-09,2023-11-23,cancelled,3,49
SUB00048,ACC00048,PLN_SCALE,2023-01-09,2025-01-26,cancelled,97,799
SUB00049,ACC00049,PLN_STARTER,2023-01-10,2023-10-17,cancelled,4,49
SUB00050,ACC00050,PLN_GROWTH,2023-01-10,,active,17,199
SUB00051,ACC00051,PLN_GROWTH,2023-01-10,2023-11-12,cancelled,20,199
SUB00052,ACC00052,PLN_STARTER,2023-01-10,2023-04-11,cancelled,5,49
SUB00053,ACC00053,PLN_SCALE,2023-01-10,2023-04-17,cancelled,63,799
SUB00054,ACC00054,PLN_STARTER,2023-01-10,2023-07-20,cancelled,4,49
SUB00055,ACC00055,PLN_ENTERPRISE,2023-01-11,2023-07-05,cancelled,552,2499
SUB00056,ACC00056,PLN_STARTER,2023-01-11,2023-05-06,cancelled,5,49
SUB00057,ACC00057,PLN_GROWTH,2023-01-11,2023-04-09,cancelled,14,199
SUB00058,ACC00058,PLN_STARTER,2023-01-11,2023-02-25,cancelled,3,49
SUB00059,ACC00059,PLN_STARTER,2023-01-11,2023-06-26,cancelled,5,49
SUB00060,ACC00060,PLN_STARTER,2023-01-11,2023-12-09,cancelled,5,49
SUB00061,ACC00061,PLN_GROWTH,2023-01-11,2023-03-10,cancelled,22,199
SUB00062,ACC00062,PLN_STARTER,2023-01-11,2023-05-12,cancelled,4,49
SUB00063,ACC00063,PLN_ENTERPRISE,2023-01-11,2024-08-02,cancelled,460,2499
SUB00064,ACC00064,PLN_SCALE,2023-01-12,2023-02-16,cancelled,107,799
SUB00065,ACC00065,PLN_STARTER,2023-01-12,2023-02-11,cancelled,3,49
SUB00066,ACC00066,PLN_SCALE,2023-01-12,,active,63,799
SUB00067,ACC00067,PLN_GROWTH,2023-01-12,2023-03-21,cancelled,23,199
SUB00068,ACC00068,PLN_STARTER,2023-01-12,2025-02-13,cancelled,4,49
SUB00069,ACC00069,PLN_SCALE,2023-01-12,2023-08-10,cancelled,92,799
SUB00070,ACC00070,PLN_STARTER,2023-01-13,2023-05-04,cancelled,4,49
SUB00071,ACC00071,PLN_SCALE,2023-01-13,2024-08-16,cancelled,90,799
SUB00072,ACC00072,PLN_STARTER,2023-01-13,2023-07-10,cancelled,4,49
SUB00073,ACC00073,PLN_STARTER,2023-01-13,2023-06-17,cancelled,5,49
SUB00074,ACC00074,PLN_GROWTH,2023-01-13,2024-05-06,cancelled,16,199
SUB00075,ACC00075,PLN_SCALE,2023-01-13,2023-02-18,cancelled,62,799
SUB00076,ACC00076,PLN_GROWTH,2023-01-13,2023-07-06,cancelled,18,199
SUB00077,ACC00077,PLN_ENTERPRISE,2023-01-13,2023-11-01,cancelled,514,2499
SUB00078,ACC00078,PLN_ENTERPRISE,2023-01-14,2025-07-04,cancelled,572,2499
SUB00079,ACC00079,PLN_SCALE,2023-01-14,2024-11-23,cancelled,78,799
SUB00080,ACC00080,PLN_STARTER,2023-01-14,2024-05-03,cancelled,4,49
SUB00081,ACC00081,PLN_STARTER,2023-01-14,2024-04-19,cancelled,3,49
SUB00082,ACC00082,PLN_SCALE,2023-01-14,2023-03-01,cancelled,79,799
SUB00083,ACC00083,PLN_STARTER,2023-01-14,2023-05-15,cancelled,3,49
SUB00084,ACC00084,PLN_GROWTH,2023-01-15,2023-03-15,cancelled,13,199
SUB00085,ACC00085,PLN_STARTER,2023-01-15,2023-04-09,cancelled,5,49
SUB00086,ACC00086,PLN_ENTERPRISE,2023-01-15,2023-03-13,cancelled,532,2499
SUB00087,ACC00087,PLN_STARTER,2023-01-15,2023-08-28,cancelled,4,49
SUB00088,ACC00088,PLN_GROWTH,2023-01-16,2023-09-06,cancelled,21,199
SUB00089,ACC00089,PLN_STARTER,2023-01-16,2024-03-14,cancelled,4,49
SUB00090,ACC00090,PLN_GROWTH,2023-01-16,2024-05-13,cancelled,14,199
SUB00091,ACC00091,PLN_GROWTH,2023-01-16,2024-02-19,cancelled,18,199
SUB00092,ACC00092,PLN_STARTER,2023-01-16,2023-07-14,cancelled,4,49
SUB00093,ACC00093,PLN_SCALE,2023-01-16,2023-08-12,cancelled,65,799
SUB00094,ACC00094,PLN_SCALE,2023-01-16,2024-04-08,cancelled,111,799
SUB00095,ACC00095,PLN_SCALE,2023-01-16,2024-08-15,cancelled,103,799
SUB00096,ACC00096,PLN_STARTER,2023-01-16,2023-03-12,cancelled,5,49
SUB00097,ACC00097,PLN_STARTER,2023-01-17,2024-10-07,cancelled,3,49
SUB00098,ACC00098,PLN_STARTER,2023-01-17,2025-06-13,cancelled,5,49
SUB00099,ACC00099,PLN_GROWTH,2023-01-17,,active,16,199
SUB00100,ACC00100,PLN_GROWTH,2023-01-17,2023-07-13,cancelled,17,199
SUB00101,ACC00101,PLN_GROWTH,2023-01-17,2024-12-24,cancelled,13,199
SUB00102,ACC00102,PLN_STARTER,2023-01-17,2023-06-13,cancelled,5,49
SUB00103,ACC00103,PLN_GROWTH,2023-01-18,2025-03-18,cancelled,14,199
SUB00104,ACC00104,PLN_ENTERPRISE,2023-01-18,2023-12-21,cancelled,311,2499
SUB00105,ACC00105,PLN_GROWTH,2023-01-18,2023-09-05,cancelled,20,199
SUB00106,ACC00106,PLN_GROWTH,2023-01-18,2023-07-19,cancelled,22,199
SUB00107,ACC00107,PLN_GROWTH,2023-01-18,2024-11-15,cancelled,21,199
SUB00108,ACC00108,PLN_ENTERPRISE,2023-01-18,2024-06-17,cancelled,440,2499
SUB00109,ACC00109,PLN_GROWTH,2023-01-19,2023-06-09,cancelled,18,199
SUB00110,ACC00110,PLN_SCALE,2023-01-19,2025-04-10,cancelled,78,799
SUB00111,ACC00111,PLN_GROWTH,2023-01-19,2023-08-15,cancelled,18,199
SUB00112,ACC00112,PLN_SCALE,2023-01-19,2023-09-27,cancelled,66,799
SUB00113,ACC00113,PLN_GROWTH,2023-01-20,2023-03-16,cancelled,15,199
SUB00114,ACC00114,PLN_GROWTH,2023-01-20,2023-09-03,cancelled,14,199
SUB00115,ACC00115,PLN_STARTER,2023-01-20,2023-12-17,cancelled,5,49
SUB00116,ACC00116,PLN_STARTER,2023-01-20,2023-08-18,cancelled,5,49
SUB00117,ACC00117,PLN_SCALE,2023-01-21,2023-03-09,cancelled,65,799
SUB00118,ACC00118,PLN_GROWTH,2023-01-21,2025-02-22,cancelled,21,199
SUB00119,ACC00119,PLN_SCALE,2023-01-21,2023-05-19,cancelled,61,799
SUB00120,ACC00120,PLN_SCALE,2023-01-21,2023-08-13,cancelled,104,799
SUB00121,ACC00121,PLN_SCALE,2023-01-21,2023-02-18,cancelled,66,799
SUB00122,ACC00122,PLN_STARTER,2023-01-21,2023-03-05,cancelled,6,49
SUB00123,ACC00123,PLN_STARTER,2023-01-21,2023-08-07,cancelled,5,49
SUB00124,ACC00124,PLN_STARTER,2023-01-21,2023-07-14,cancelled,5,49
SUB00125,ACC00125,PLN_SCALE,2023-01-21,2023-10-15,cancelled,60,799
SUB00126,ACC00126,PLN_STARTER,2023-01-21,2023-06-11,cancelled,4,49
SUB00127,ACC00127,PLN_GROWTH,2023-01-21,2023-06-12,cancelled,20,199
SUB00128,ACC00128,PLN_SCALE,2023-01-22,2024-03-08,cancelled,112,799
SUB00129,ACC00129,PLN_GROWTH,2023-01-22,2023-12-18,cancelled,20,199
SUB00130,ACC00130,PLN_SCALE,2023-01-22,2024-09-05,cancelled,110,799
SUB00131,ACC00131,PLN_SCALE,2023-01-22,2023-02-24,cancelled,90,799
SUB00132,ACC00132,PLN_GROWTH,2023-01-23,2023-05-01,cancelled,13,199
SUB00133,ACC00133,PLN_STARTER,2023-01-23,2025-01-18,cancelled,3,49
SUB00134,ACC00134,PLN_STARTER,2023-01-23,2024-02-12,cancelled,4,49
SUB00135,ACC00135,PLN_GROWTH,2023-01-23,2024-09-25,cancelled,22,199
SUB00136,ACC00136,PLN_SCALE,2023-01-23,2025-08-20,cancelled,72,799
SUB00137,ACC00137,PLN_ENTERPRISE,2023-01-23,2023-04-22,cancelled,314,2499
SUB00138,ACC00138,PLN_GROWTH,2023-01-23,2023-02-26,cancelled,16,199
SUB00139,ACC00139,PLN_GROWTH,2023-01-23,,active,21,199
SUB00140,ACC00140,PLN_ENTERPRISE,2023-01-23,2023-03-07,cancelled,530,2499
SUB00141,ACC00141,PLN_SCALE,2023-01-24,2023-03-09,cancelled,110,799
SUB00142,ACC00142,PLN_GROWTH,2023-01-24,2023-12-23,cancelled,23,199
SUB00143,ACC00143,PLN_GROWTH,2023-01-24,2023-03-13,cancelled,17,199
SUB00144,ACC00144,PLN_ENTERPRISE,2023-01-24,2023-03-20,cancelled,563,2499
SUB00145,ACC00145,PLN_SCALE,2023-01-24,2024-01-27,cancelled,89,799
SUB00146,ACC00146,PLN_STARTER,2023-01-24,2023-10-28,cancelled,3,49
SUB00147,ACC00147,PLN_STARTER,2023-01-24,2023-06-01,cancelled,3,49
SUB00148,ACC00148,PLN_GROWTH,2023-01-24,2023-03-09,cancelled,22,199
SUB00149,ACC00149,PLN_ENTERPRISE,2023-01-24,2023-11-13,cancelled,512,2499
SUB00150,ACC00150,PLN_GROWTH,2023-01-24,2024-02-18,cancelled,22,199
SUB00151,ACC00151,PLN_GROWTH,2023-01-25,2023-05-16,cancelled,20,199
SUB00152,ACC00152,PLN_STARTER,2023-01-25,2023-02-04,cancelled,5,49
SUB00153,ACC00153,PLN_STARTER,2023-01-25,2023-12-03,cancelled,4,49
SUB00154,ACC00154,PLN_STARTER,2023-01-25,2023-03-26,cancelled,6,49
SUB00155,ACC00155,PLN_SCALE,2023-01-25,2023-06-06,cancelled,88,799
SUB00156,ACC00156,PLN_SCALE,2023-01-25,2023-05-26,cancelled,91,799
SUB00157,ACC00157,PLN_STARTER,2023-01-25,2023-12-28,cancelled,4,49
SUB00158,ACC00158,PLN_ENTERPRISE,2023-01-26,2023-03-25,cancelled,553,2499
SUB00159,ACC00159,PLN_STARTER,2023-01-26,2023-04-04,cancelled,4,49
SUB00160,ACC00160,PLN_ENTERPRISE,2023-01-26,2023-12-26,cancelled,316,2499
SUB00161,ACC00161,PLN_SCALE,2023-01-26,2023-09-25,cancelled,100,799
SUB00162,ACC00162,PLN_ENTERPRISE,2023-01-26,2023-05-09,cancelled,574,2499
SUB00163,ACC00163,PLN_SCALE,2023-01-26,2023-02-13,cancelled,64,799
SUB00164,ACC00164,PLN_SCALE,2023-01-26,2023-10-05,cancelled,63,799
SUB00165,ACC00165,PLN_SCALE,2023-01-27,2023-07-23,cancelled,95,799
SUB00166,ACC00166,PLN_STARTER,2023-01-28,2023-02-17,cancelled,3,49
SUB00167,ACC00167,PLN_GROWTH,2023-01-28,2025-07-28,cancelled,14,199
SUB00168,ACC00168,PLN_SCALE,2023-01-28,2023-04-22,cancelled,114,799
SUB00169,ACC00169,PLN_ENTERPRISE,2023-01-28,2023-05-07,cancelled,476,2499
SUB00170,ACC00170,PLN_STARTER,2023-01-28,,active,5,49
SUB00171,ACC00171,PLN_GROWTH,2023-01-29,2024-08-06,cancelled,13,199
SUB00172,ACC00172,PLN_SCALE,2023-01-29,2025-07-14,cancelled,108,799
SUB00173,ACC00173,PLN_STARTER,2023-01-29,2023-02-21,cancelled,5,49
SUB00174,ACC00174,PLN_STARTER,2023-01-29,2023-03-13,cancelled,4,49
SUB00175,ACC00175,PLN_GROWTH,2023-01-29,2023-02-20,cancelled,21,199
SUB00176,ACC00176,PLN_SCALE,2023-01-30,2025-04-27,cancelled,104,799
SUB00177,ACC00177,PLN_GROWTH,2023-01-30,2023-06-06,cancelled,13,199
SUB00178,ACC00178,PLN_ENTERPRISE,2023-01-30,2023-07-22,cancelled,481,2499
SUB00179,ACC00179,PLN_STARTER,2023-01-30,2023-02-27,cancelled,5,49
SUB00180,ACC00180,PLN_SCALE,2023-01-30,2025-08-09,cancelled,91,799
SUB00181,ACC00181,PLN_SCALE,2023-01-30,2023-03-04,cancelled,88,799
SUB00182,ACC00182,PLN_STARTER,2023-01-30,2023-08-21,cancelled,3,49
SUB00183,ACC00183,PLN_STARTER,2023-01-30,2024-04-23,cancelled,3,49
SUB00184,ACC00184,PLN_STARTER,2023-01-30,2023-02-14,cancelled,4,49
SUB00185,ACC00185,PLN_STARTER,2023-01-30,2023-07-15,cancelled,4,49
SUB00186,ACC00186,PLN_STARTER,2023-01-31,2023-02-20,cancelled,5,49
SUB00187,ACC00187,PLN_STARTER,2023-01-31,2023-03-15,cancelled,3,49
SUB00188,ACC00188,PLN_ENTERPRISE,2023-01-31,2024-01-09,cancelled,449,2499
SUB00189,ACC00189,PLN_SCALE,2023-01-31,2023-04-26,cancelled,105,799
SUB00190,ACC00190,PLN_STARTER,2023-01-31,2023-02-02,cancelled,5,49
SUB00191,ACC00191,PLN_STARTER,2023-01-31,2023-02-08,cancelled,3,49
SUB00192,ACC00192,PLN_SCALE,2023-02-01,2023-12-05,cancelled,91,799
SUB00193,ACC00193,PLN_STARTER,2023-02-01,2023-07-21,cancelled,4,49
SUB00194,ACC00194,PLN_SCALE,2023-02-01,2023-05-03,cancelled,114,799
SUB00195,ACC00195,PLN_STARTER,2023-02-01,2023-07-16,cancelled,5,49
SUB00196,ACC00196,PLN_SCALE,2023-02-01,2023-04-12,cancelled,96,799
SUB00197,ACC00197,PLN_GROWTH,2023-02-01,2023-10-08,cancelled,21,199
SUB00198,ACC00198,PLN_SCALE,2023-02-01,2023-11-24,cancelled,93,799
SUB00199,ACC00199,PLN_ENTERPRISE,2023-02-01,2024-04-08,cancelled,300,2499
SUB00200,ACC00200,PLN_STARTER,2023-02-01,2023-12-24,cancelled,5,49
SUB00201,ACC00201,PLN_STARTER,2023-02-01,2023-03-01,cancelled,5,49
SUB00202,ACC00202,PLN_SCALE,2023-02-01,2025-01-13,cancelled,98,799
SUB00203,ACC00203,PLN_SCALE,2023-02-01,2023-10-06,cancelled,80,799
SUB00204,ACC00204,PLN_ENTERPRISE,2023-02-02,2023-06-23,cancelled,572,2499
SUB00205,ACC00205,PLN_STARTER,2023-02-02,2023-04-16,cancelled,4,49
SUB00206,ACC00206,PLN_ENTERPRISE,2023-02-02,2023-06-22,cancelled,497,2499
SUB00207,ACC00207,PLN_STARTER,2023-02-02,2023-03-22,cancelled,4,49
SUB00208,ACC00208,PLN_SCALE,2023-02-02,2023-03-13,cancelled,111,799
SUB00209,ACC00209,PLN_STARTER,2023-02-02,2024-02-14,cancelled,3,49
SUB00210,ACC00210,PLN_STARTER,2023-02-02,2023-08-27,cancelled,5,49
SUB00211,ACC00211,PLN_STARTER,2023-02-02,2023-05-24,cancelled,5,49
SUB00212,ACC00212,PLN_STARTER,2023-02-02,2025-03-02,cancelled,5,49
SUB00213,ACC00213,PLN_STARTER,2023-02-03,2023-04-09,cancelled,5,49
SUB00214,ACC00214,PLN_STARTER,2023-02-03,2023-08-19,cancelled,3,49
SUB00215,ACC00215,PLN_SCALE,2023-02-03,2023-04-10,cancelled,73,799
SUB00216,ACC00216,PLN_GROWTH,2023-02-03,2023-04-17,cancelled,21,199
SUB00217,ACC00217,PLN_STARTER,2023-02-03,2023-03-04,cancelled,5,49
SUB00218,ACC00218,PLN_ENTERPRISE,2023-02-03,2023-06-22,cancelled,307,2499
SUB00219,ACC00219,PLN_ENTERPRISE,2023-02-03,2024-06-08,cancelled,341,2499
SUB00220,ACC00220,PLN_STARTER,2023-02-04,2023-08-13,cancelled,5,49
SUB00221,ACC00221,PLN_SCALE,2023-02-04,2024-11-04,cancelled,60,799
SUB00222,ACC00222,PLN_STARTER,2023-02-04,2023-08-16,cancelled,4,49
SUB00223,ACC00223,PLN_GROWTH,2023-02-04,2024-08-20,cancelled,17,199
SUB00224,ACC00224,PLN_STARTER,2023-02-04,2023-03-21,cancelled,4,49
SUB00225,ACC00225,PLN_STARTER,2023-02-04,2023-04-21,cancelled,4,49
SUB00226,ACC00226,PLN_GROWTH,2023-02-04,2023-03-09,cancelled,15,199
SUB00227,ACC00227,PLN_STARTER,2023-02-04,2024-08-21,cancelled,3,49
SUB00228,ACC00228,PLN_STARTER,2023-02-04,2023-11-10,cancelled,5,49
SUB00229,ACC00229,PLN_GROWTH,2023-02-04,2023-08-23,cancelled,18,199
SUB00230,ACC00230,PLN_GROWTH,2023-02-05,2023-03-09,cancelled,18,199
SUB00231,ACC00231,PLN_SCALE,2023-02-05,2023-03-20,cancelled,64,799
SUB00232,ACC00232,PLN_GROWTH,2023-02-05,2024-02-16,cancelled,16,199
SUB00233,ACC00233,PLN_STARTER,2023-02-05,2023-03-16,cancelled,5,49
SUB00234,ACC00234,PLN_STARTER,2023-02-05,2023-04-22,cancelled,3,49
SUB00235,ACC00235,PLN_STARTER,2023-02-05,2023-08-07,cancelled,5,49
SUB00236,ACC00236,PLN_GROWTH,2023-02-05,2023-09-11,cancelled,20,199
SUB00237,ACC00237,PLN_STARTER,2023-02-05,2024-02-09,cancelled,4,49
SUB00238,ACC00238,PLN_GROWTH,2023-02-06,2023-06-16,cancelled,22,199
SUB00239,ACC00239,PLN_GROWTH,2023-02-06,2023-10-01,cancelled,18,199
SUB00240,ACC00240,PLN_SCALE,2023-02-07,2024-03-06,cancelled,89,799
SUB00241,ACC00241,PLN_ENTERPRISE,2023-02-07,2024-10-12,cancelled,336,2499
SUB00242,ACC00242,PLN_STARTER,2023-02-07,2023-12-24,cancelled,5,49
SUB00243,ACC00243,PLN_STARTER,2023-02-07,2023-03-23,cancelled,5,49
SUB00244,ACC00244,PLN_SCALE,2023-02-07,2024-03-15,cancelled,61,799
SUB00245,ACC00245,PLN_STARTER,2023-02-07,2023-10-06,cancelled,4,49
SUB00246,ACC00246,PLN_ENTERPRISE,2023-02-07,2023-04-27,cancelled,380,2499
SUB00247,ACC00247,PLN_STARTER,2023-02-07,2023-11-12,cancelled,5,49
SUB00248,ACC00248,PLN_SCALE,2023-02-08,2023-09-12,cancelled,69,799
SUB00249,ACC00249,PLN_STARTER,2023-02-08,2024-09-06,cancelled,6,49
SUB00250,ACC00250,PLN_STARTER,2023-02-08,2024-08-14,cancelled,4,49
SUB00251,ACC00251,PLN_SCALE,2023-02-08,2023-12-06,cancelled,66,799
SUB00252,ACC00252,PLN_STARTER,2023-02-08,2023-03-09,cancelled,4,49
SUB00253,ACC00253,PLN_SCALE,2023-02-08,2024-01-11,cancelled,62,799
SUB00254,ACC00254,PLN_SCALE,2023-02-08,2023-07-15,cancelled,113,799
SUB00255,ACC00255,PLN_GROWTH,2023-02-08,2023-08-25,cancelled,22,199
SUB00256,ACC00256,PLN_SCALE,2023-02-09,2023-05-22,cancelled,106,799
SUB00257,ACC00257,PLN_STARTER,2023-02-09,2023-06-15,cancelled,4,49
SUB00258,ACC00258,PLN_GROWTH,2023-02-09,2024-09-08,cancelled,18,199
SUB00259,ACC00259,PLN_ENTERPRISE,2023-02-09,2023-11-14,cancelled,314,2499
SUB00260,ACC00260,PLN_GROWTH,2023-02-09,2023-08-02,cancelled,21,199
SUB00261,ACC00261,PLN_GROWTH,2023-02-10,2023-07-03,cancelled,20,199
SUB00262,ACC00262,PLN_SCALE,2023-02-10,2024-01-01,cancelled,78,799
SUB00263,ACC00263,PLN_SCALE,2023-02-10,2025-05-28,cancelled,88,799
SUB00264,ACC00264,PLN_GROWTH,2023-02-10,2024-01-23,cancelled,17,199
SUB00265,ACC00265,PLN_STARTER,2023-02-10,2025-05-13,cancelled,4,49
SUB00266,ACC00266,PLN_GROWTH,2023-02-10,2023-06-28,cancelled,23,199
SUB00267,ACC00267,PLN_GROWTH,2023-02-10,2024-02-24,cancelled,17,199
SUB00268,ACC00268,PLN_STARTER,2023-02-10,2024-12-22,cancelled,4,49
SUB00269,ACC00269,PLN_ENTERPRISE,2023-02-10,2023-05-04,cancelled,554,2499
SUB00270,ACC00270,PLN_STARTER,2023-02-10,2023-06-11,cancelled,4,49
SUB00271,ACC00271,PLN_SCALE,2023-02-10,2023-11-08,cancelled,63,799
SUB00272,ACC00272,PLN_SCALE,2023-02-10,2023-05-22,cancelled,100,799
SUB00273,ACC00273,PLN_ENTERPRISE,2023-02-11,2023-04-26,cancelled,396,2499
SUB00274,ACC00274,PLN_STARTER,2023-02-11,2023-03-01,cancelled,4,49
SUB00275,ACC00275,PLN_SCALE,2023-02-11,2023-05-17,cancelled,81,799
SUB00276,ACC00276,PLN_GROWTH,2023-02-11,2023-04-06,cancelled,16,199
SUB00277,ACC00277,PLN_SCALE,2023-02-11,2023-04-16,cancelled,102,799
SUB00278,ACC00278,PLN_STARTER,2023-02-11,2023-05-13,cancelled,5,49
SUB00279,ACC00279,PLN_ENTERPRISE,2023-02-12,2023-09-02,cancelled,524,2499
SUB00280,ACC00280,PLN_ENTERPRISE,2023-02-12,2024-08-24,cancelled,505,2499
SUB00281,ACC00281,PLN_STARTER,2023-02-12,2024-03-25,cancelled,4,49
SUB00282,ACC00282,PLN_STARTER,2023-02-12,2024-01-15,cancelled,5,49
SUB00283,ACC00283,PLN_GROWTH,2023-02-12,2023-03-08,cancelled,16,199
SUB00284,ACC00284,PLN_GROWTH,2023-02-12,2023-04-22,cancelled,16,199
SUB00285,ACC00285,PLN_STARTER,2023-02-12,2024-09-11,cancelled,5,49
SUB00286,ACC00286,PLN_GROWTH,2023-02-13,2023-05-16,cancelled,16,199
SUB00287,ACC00287,PLN_ENTERPRISE,2023-02-13,2023-03-10,cancelled,500,2499
SUB00288,ACC00288,PLN_STARTER,2023-02-13,2023-05-01,cancelled,5,49
SUB00289,ACC00289,PLN_STARTER,2023-02-13,2023-09-20,cancelled,4,49
SUB00290,ACC00290,PLN_SCALE,2023-02-13,2024-02-28,cancelled,112,799
SUB00291,ACC00291,PLN_STARTER,2023-02-13,2023-06-25,cancelled,4,49
SUB00292,ACC00292,PLN_ENTERPRISE,2023-02-13,2023-09-20,cancelled,557,2499
SUB00293,ACC00293,PLN_STARTER,2023-02-13,2024-12-26,cancelled,5,49
SUB00294,ACC00294,PLN_STARTER,2023-02-13,2024-01-01,cancelled,4,49
SUB00295,ACC00295,PLN_SCALE,2023-02-13,,active,71,799
SUB00296,ACC00296,PLN_STARTER,2023-02-14,2023-08-19,cancelled,5,49
SUB00297,ACC00297,PLN_STARTER,2023-02-14,2024-08-18,cancelled,4,49
SUB00298,ACC00298,PLN_STARTER,2023-02-15,2023-04-01,cancelled,5,49
SUB00299,ACC00299,PLN_ENTERPRISE,2023-02-15,2023-03-15,cancelled,479,2499
SUB00300,ACC00300,PLN_ENTERPRISE,2023-02-15,2024-07-03,cancelled,389,2499
SUB00301,ACC00301,PLN_GROWTH,2023-02-15,2024-07-26,cancelled,15,199
SUB00302,ACC00302,PLN_STARTER,2023-02-15,2023-10-20,cancelled,4,49
SUB00303,ACC00303,PLN_GROWTH,2023-02-15,2023-04-10,cancelled,13,199
SUB00304,ACC00304,PLN_ENTERPRISE,2023-02-15,2023-10-23,cancelled,353,2499
SUB00305,ACC00305,PLN_STARTER,2023-02-15,2023-09-27,cancelled,5,49
SUB00306,ACC00306,PLN_GROWTH,2023-02-15,2024-03-11,cancelled,18,199
SUB00307,ACC00307,PLN_ENTERPRISE,2023-02-15,2023-05-22,cancelled,546,2499
SUB00308,ACC00308,PLN_STARTER,2023-02-16,2023-08-26,cancelled,4,49
SUB00309,ACC00309,PLN_SCALE,2023-02-16,2025-09-20,cancelled,84,799
SUB00310,ACC00310,PLN_STARTER,2023-02-16,2024-02-06,cancelled,3,49
SUB00311,ACC00311,PLN_GROWTH,2023-02-16,2023-03-25,cancelled,14,199
SUB00312,ACC00312,PLN_GROWTH,2023-02-17,2023-06-04,cancelled,23,199
SUB00313,ACC00313,PLN_SCALE,2023-02-17,2024-09-12,cancelled,96,799
SUB00314,ACC00314,PLN_GROWTH,2023-02-17,2025-02-26,cancelled,20,199
SUB00315,ACC00315,PLN_STARTER,2023-02-17,2023-03-27,cancelled,5,49
SUB00316,ACC00316,PLN_STARTER,2023-02-17,2024-01-05,cancelled,5,49
SUB00317,ACC00317,PLN_SCALE,2023-02-18,2025-08-12,cancelled,71,799
SUB00318,ACC00318,PLN_STARTER,2023-02-18,2023-07-18,cancelled,5,49
SUB00319,ACC00319,PLN_STARTER,2023-02-18,2023-11-25,cancelled,5,49
SUB00320,ACC00320,PLN_SCALE,2023-02-18,2024-01-27,cancelled,112,799
SUB00321,ACC00321,PLN_SCALE,2023-02-18,2023-07-19,cancelled,113,799
SUB00322,ACC00322,PLN_SCALE,2023-02-18,2024-01-26,cancelled,91,799
SUB00323,ACC00323,PLN_GROWTH,2023-02-18,2023-04-25,cancelled,20,199
SUB00324,ACC00324,PLN_GROWTH,2023-02-18,2023-04-12,cancelled,20,199
SUB00325,ACC00325,PLN_STARTER,2023-02-18,2023-08-25,cancelled,4,49
SUB00326,ACC00326,PLN_ENTERPRISE,2023-02-19,2024-05-19,cancelled,561,2499
SUB00327,ACC00327,PLN_GROWTH,2023-02-19,2024-06-11,cancelled,19,199
SUB00328,ACC00328,PLN_SCALE,2023-02-19,2024-06-15,cancelled,88,799
SUB00329,ACC00329,PLN_SCALE,2023-02-19,2023-10-24,cancelled,101,799
SUB00330,ACC00330,PLN_STARTER,2023-02-19,2023-04-01,cancelled,5,49
SUB00331,ACC00331,PLN_STARTER,2023-02-19,2023-04-05,cancelled,3,49
SUB00332,ACC00332,PLN_ENTERPRISE,2023-02-19,2023-05-12,cancelled,554,2499
SUB00333,ACC00333,PLN_STARTER,2023-02-19,2024-02-17,cancelled,3,49
SUB00334,ACC00334,PLN_GROWTH,2023-02-19,2025-02-08,cancelled,18,199
SUB00335,ACC00335,PLN_ENTERPRISE,2023-02-19,2024-01-05,cancelled,361,2499
SUB00336,ACC00336,PLN_SCALE,2023-02-20,2025-12-23,cancelled,80,799
SUB00337,ACC00337,PLN_GROWTH,2023-02-20,2023-09-16,cancelled,18,199
SUB00338,ACC00338,PLN_STARTER,2023-02-20,2023-04-19,cancelled,4,49
SUB00339,ACC00339,PLN_SCALE,2023-02-20,2024-10-23,cancelled,93,799
SUB00340,ACC00340,PLN_SCALE,2023-02-20,2023-11-26,cancelled,70,799
SUB00341,ACC00341,PLN_SCALE,2023-02-20,2023-05-02,cancelled,77,799
SUB00342,ACC00342,PLN_SCALE,2023-02-20,2023-09-12,cancelled,113,799
SUB00343,ACC00343,PLN_ENTERPRISE,2023-02-21,2023-10-13,cancelled,333,2499
SUB00344,ACC00344,PLN_STARTER,2023-02-21,2023-07-09,cancelled,3,49
SUB00345,ACC00345,PLN_STARTER,2023-02-21,2023-08-18,cancelled,5,49
SUB00346,ACC00346,PLN_GROWTH,2023-02-21,2023-08-09,cancelled,22,199
SUB00347,ACC00347,PLN_ENTERPRISE,2023-02-21,,active,472,2499
SUB00348,ACC00348,PLN_SCALE,2023-02-21,2024-08-06,cancelled,78,799
SUB00349,ACC00349,PLN_SCALE,2023-02-21,2023-04-02,cancelled,100,799
SUB00350,ACC00350,PLN_STARTER,2023-02-22,2023-07-14,cancelled,4,49
SUB00351,ACC00351,PLN_STARTER,2023-02-22,2023-04-16,cancelled,4,49
SUB00352,ACC00352,PLN_STARTER,2023-02-22,2023-09-14,cancelled,4,49
SUB00353,ACC00353,PLN_SCALE,2023-02-22,2023-05-28,cancelled,83,799
SUB00354,ACC00354,PLN_STARTER,2023-02-22,2024-01-10,cancelled,4,49
SUB00355,ACC00355,PLN_SCALE,2023-02-22,,active,79,799
SUB00356,ACC00356,PLN_GROWTH,2023-02-23,2024-06-23,cancelled,17,199
SUB00357,ACC00357,PLN_SCALE,2023-02-23,2023-04-21,cancelled,83,799
SUB00358,ACC00358,PLN_ENTERPRISE,2023-02-23,2023-04-17,cancelled,323,2499
SUB00359,ACC00359,PLN_GROWTH,2023-02-23,2024-09-27,cancelled,18,199
SUB00360,ACC00360,PLN_STARTER,2023-02-23,2024-08-23,cancelled,4,49
SUB00361,ACC00361,PLN_SCALE,2023-02-23,,active,102,799
SUB00362,ACC00362,PLN_STARTER,2023-02-23,2024-06-01,cancelled,5,49
SUB00363,ACC00363,PLN_STARTER,2023-02-23,2024-10-14,cancelled,4,49
SUB00364,ACC00364,PLN_STARTER,2023-02-24,2025-06-15,cancelled,5,49
SUB00365,ACC00365,PLN_STARTER,2023-02-24,2023-08-12,cancelled,4,49
SUB00366,ACC00366,PLN_SCALE,2023-02-24,2023-12-18,cancelled,68,799
SUB00367,ACC00367,PLN_GROWTH,2023-02-24,2023-05-27,cancelled,15,199
SUB00368,ACC00368,PLN_GROWTH,2023-02-24,2023-03-05,cancelled,18,199
SUB00369,ACC00369,PLN_GROWTH,2023-02-25,2023-12-19,cancelled,12,199
SUB00370,ACC00370,PLN_STARTER,2023-02-25,2023-12-18,cancelled,5,49
SUB00371,ACC00371,PLN_STARTER,2023-02-25,2023-04-16,cancelled,4,49
SUB00372,ACC00372,PLN_ENTERPRISE,2023-02-25,2024-06-23,cancelled,456,2499
SUB00373,ACC00373,PLN_STARTER,2023-02-25,2024-09-01,cancelled,4,49
SUB00374,ACC00374,PLN_STARTER,2023-02-25,2023-11-14,cancelled,4,49
SUB00375,ACC00375,PLN_GROWTH,2023-02-25,2023-10-20,cancelled,18,199
SUB00376,ACC00376,PLN_SCALE,2023-02-25,2023-06-15,cancelled,83,799
SUB00377,ACC00377,PLN_SCALE,2023-02-25,2023-08-21,cancelled,114,799
SUB00378,ACC00378,PLN_SCALE,2023-02-26,2023-06-16,cancelled,73,799
SUB00379,ACC00379,PLN_STARTER,2023-02-26,2024-07-20,cancelled,3,49
SUB00380,ACC00380,PLN_STARTER,2023-02-26,2023-11-16,cancelled,4,49
SUB00381,ACC00381,PLN_STARTER,2023-02-26,2024-05-18,cancelled,4,49
SUB00382,ACC00382,PLN_STARTER,2023-02-26,2023-06-16,cancelled,4,49
SUB00383,ACC00383,PLN_GROWTH,2023-02-27,2024-12-05,cancelled,15,199
SUB00384,ACC00384,PLN_GROWTH,2023-02-27,2023-05-09,cancelled,12,199
SUB00385,ACC00385,PLN_GROWTH,2023-02-27,2023-11-24,cancelled,17,199
SUB00386,ACC00386,PLN_STARTER,2023-02-27,2023-06-13,cancelled,5,49
SUB00387,ACC00387,PLN_SCALE,2023-02-27,2023-09-01,cancelled,98,799
SUB00388,ACC00388,PLN_SCALE,2023-02-27,2023-04-12,cancelled,63,799
SUB00389,ACC00389,PLN_STARTER,2023-02-27,2023-05-20,cancelled,5,49
SUB00390,ACC00390,PLN_STARTER,2023-02-28,2024-02-08,cancelled,4,49
SUB00391,ACC00391,PLN_ENTERPRISE,2023-02-28,2023-03-05,cancelled,436,2499
SUB00392,ACC00392,PLN_STARTER,2023-02-28,2024-03-22,cancelled,5,49
SUB00393,ACC00393,PLN_STARTER,2023-02-28,2024-02-24,cancelled,4,49
SUB00394,ACC00394,PLN_STARTER,2023-02-28,2023-08-25,cancelled,5,49
SUB00395,ACC00395,PLN_STARTER,2023-02-28,,active,4,49
SUB00396,ACC00396,PLN_ENTERPRISE,2023-03-01,2023-06-19,cancelled,329,2499
SUB00397,ACC00397,PLN_STARTER,2023-03-01,2024-02-11,cancelled,3,49
SUB00398,ACC00398,PLN_GROWTH,2023-03-01,2024-11-06,cancelled,22,199
SUB00399,ACC00399,PLN_STARTER,2023-03-01,2024-05-18,cancelled,5,49
SUB00400,ACC00400,PLN_STARTER,2023-03-01,2023-12-08,cancelled,4,49
SUB00401,ACC00401,PLN_ENTERPRISE,2023-03-01,2025-05-18,cancelled,509,2499
SUB00402,ACC00402,PLN_GROWTH,2023-03-01,2023-11-13,cancelled,13,199
SUB00403,ACC00403,PLN_STARTER,2023-03-01,2023-05-04,cancelled,5,49
SUB00404,ACC00404,PLN_ENTERPRISE,2023-03-01,2023-05-25,cancelled,324,2499
SUB00405,ACC00405,PLN_SCALE,2023-03-01,2023-09-09,cancelled,68,799
SUB00406,ACC00406,PLN_STARTER,2023-03-02,2025-09-22,cancelled,3,49
SUB00407,ACC00407,PLN_STARTER,2023-03-02,2023-07-15,cancelled,6,49
SUB00408,ACC00408,PLN_ENTERPRISE,2023-03-02,2023-10-07,cancelled,450,2499
SUB00409,ACC00409,PLN_ENTERPRISE,2023-03-02,2023-08-28,cancelled,414,2499
SUB00410,ACC00410,PLN_ENTERPRISE,2023-03-02,,active,548,2499
SUB00411,ACC00411,PLN_SCALE,2023-03-02,2025-02-03,cancelled,87,799
SUB00412,ACC00412,PLN_STARTER,2023-03-02,2023-08-19,cancelled,5,49
SUB00413,ACC00413,PLN_SCALE,2023-03-02,2023-06-07,cancelled,73,799
SUB00414,ACC00414,PLN_STARTER,2023-03-02,2024-07-19,cancelled,5,49
SUB00415,ACC00415,PLN_STARTER,2023-03-03,2023-07-15,cancelled,4,49
SUB00416,ACC00416,PLN_GROWTH,2023-03-03,2025-04-14,cancelled,13,199
SUB00417,ACC00417,PLN_SCALE,2023-03-03,2023-08-06,cancelled,93,799
SUB00418,ACC00418,PLN_STARTER,2023-03-03,2023-06-01,cancelled,3,49
SUB00419,ACC00419,PLN_GROWTH,2023-03-04,2023-09-25,cancelled,14,199
SUB00420,ACC00420,PLN_STARTER,2023-03-04,2023-05-15,cancelled,4,49
SUB00421,ACC00421,PLN_GROWTH,2023-03-04,2024-03-17,cancelled,20,199
SUB00422,ACC00422,PLN_GROWTH,2023-03-04,2023-10-27,cancelled,12,199
SUB00423,ACC00423,PLN_STARTER,2023-03-04,2023-10-14,cancelled,4,49
SUB00424,ACC00424,PLN_GROWTH,2023-03-04,2024-06-02,cancelled,19,199
SUB00425,ACC00425,PLN_SCALE,2023-03-04,2023-08-18,cancelled,110,799
SUB00426,ACC00426,PLN_ENTERPRISE,2023-03-04,2023-06-27,cancelled,443,2499
SUB00427,ACC00427,PLN_SCALE,2023-03-04,2024-01-22,cancelled,107,799
SUB00428,ACC00428,PLN_SCALE,2023-03-05,2023-07-11,cancelled,78,799
SUB00429,ACC00429,PLN_GROWTH,2023-03-05,2024-01-23,cancelled,18,199
SUB00430,ACC00430,PLN_GROWTH,2023-03-05,2023-08-21,cancelled,19,199
SUB00431,ACC00431,PLN_SCALE,2023-03-05,2023-05-13,cancelled,106,799
SUB00432,ACC00432,PLN_SCALE,2023-03-06,2023-10-28,cancelled,102,799
SUB00433,ACC00433,PLN_STARTER,2023-03-06,2023-08-08,cancelled,4,49
SUB00434,ACC00434,PLN_GROWTH,2023-03-06,2024-04-15,cancelled,23,199
SUB00435,ACC00435,PLN_STARTER,2023-03-06,2024-01-26,cancelled,4,49
SUB00436,ACC00436,PLN_STARTER,2023-03-06,2023-05-22,cancelled,5,49
SUB00437,ACC00437,PLN_GROWTH,2023-03-07,2023-06-28,cancelled,14,199
SUB00438,ACC00438,PLN_STARTER,2023-03-07,2024-01-09,cancelled,5,49
SUB00439,ACC00439,PLN_STARTER,2023-03-07,2023-05-09,cancelled,4,49
SUB00440,ACC00440,PLN_SCALE,2023-03-07,2023-05-02,cancelled,70,799
SUB00441,ACC00441,PLN_STARTER,2023-03-07,2023-04-18,cancelled,5,49
SUB00442,ACC00442,PLN_SCALE,2023-03-07,,active,111,799
SUB00443,ACC00443,PLN_GROWTH,2023-03-07,2023-04-13,cancelled,17,199
SUB00444,ACC00444,PLN_SCALE,2023-03-07,2024-02-21,cancelled,110,799
SUB00445,ACC00445,PLN_SCALE,2023-03-08,,active,96,799
SUB00446,ACC00446,PLN_STARTER,2023-03-08,2023-07-13,cancelled,4,49
SUB00447,ACC00447,PLN_SCALE,2023-03-08,2023-10-26,cancelled,61,799
SUB00448,ACC00448,PLN_ENTERPRISE,2023-03-08,,active,393,2499
SUB00449,ACC00449,PLN_SCALE,2023-03-08,2023-05-01,cancelled,90,799
SUB00450,ACC00450,PLN_STARTER,2023-03-08,2023-07-13,cancelled,4,49
SUB00451,ACC00451,PLN_ENTERPRISE,2023-03-08,2023-06-18,cancelled,304,2499
SUB00452,ACC00452,PLN_GROWTH,2023-03-09,2024-12-25,cancelled,13,199
SUB00453,ACC00453,PLN_GROWTH,2023-03-09,2023-06-02,cancelled,22,199
SUB00454,ACC00454,PLN_SCALE,2023-03-09,2023-11-24,cancelled,76,799
SUB00455,ACC00455,PLN_SCALE,2023-03-09,2023-05-11,cancelled,61,799
SUB00456,ACC00456,PLN_GROWTH,2023-03-09,2023-04-01,cancelled,21,199
SUB00457,ACC00457,PLN_STARTER,2023-03-10,2024-01-16,cancelled,4,49
SUB00458,ACC00458,PLN_SCALE,2023-03-10,,active,95,799
SUB00459,ACC00459,PLN_SCALE,2023-03-10,2023-08-14,cancelled,77,799
SUB00460,ACC00460,PLN_SCALE,2023-03-10,2024-05-27,cancelled,98,799
SUB00461,ACC00461,PLN_GROWTH,2023-03-10,2024-02-01,cancelled,19,199
SUB00462,ACC00462,PLN_GROWTH,2023-03-10,2024-05-15,cancelled,21,199
SUB00463,ACC00463,PLN_SCALE,2023-03-11,2025-01-17,cancelled,69,799
SUB00464,ACC00464,PLN_SCALE,2023-03-11,,active,73,799
SUB00465,ACC00465,PLN_SCALE,2023-03-11,2024-04-10,cancelled,92,799
SUB00466,ACC00466,PLN_SCALE,2023-03-12,2024-01-03,cancelled,95,799
SUB00467,ACC00467,PLN_GROWTH,2023-03-12,2025-02-07,cancelled,18,199
SUB00468,ACC00468,PLN_STARTER,2023-03-12,2023-08-27,cancelled,4,49
SUB00469,ACC00469,PLN_STARTER,2023-03-12,2024-01-13,cancelled,6,49
SUB00470,ACC00470,PLN_STARTER,2023-03-13,2024-04-08,cancelled,4,49
SUB00471,ACC00471,PLN_GROWTH,2023-03-14,2024-09-09,cancelled,13,199
SUB00472,ACC00472,PLN_STARTER,2023-03-14,2023-05-24,cancelled,5,49
SUB00473,ACC00473,PLN_SCALE,2023-03-14,2024-09-14,cancelled,112,799
SUB00474,ACC00474,PLN_STARTER,2023-03-14,2023-11-02,cancelled,5,49
SUB00475,ACC00475,PLN_GROWTH,2023-03-15,2024-11-18,cancelled,20,199
SUB00476,ACC00476,PLN_STARTER,2023-03-15,2023-04-16,cancelled,4,49
SUB00477,ACC00477,PLN_GROWTH,2023-03-15,2023-11-22,cancelled,17,199
SUB00478,ACC00478,PLN_GROWTH,2023-03-15,2023-04-17,cancelled,15,199
SUB00479,ACC00479,PLN_SCALE,2023-03-15,2023-11-09,cancelled,99,799
SUB00480,ACC00480,PLN_GROWTH,2023-03-15,2023-04-16,cancelled,23,199
SUB00481,ACC00481,PLN_STARTER,2023-03-16,2023-08-05,cancelled,4,49
SUB00482,ACC00482,PLN_GROWTH,2023-03-16,2023-09-23,cancelled,17,199
SUB00483,ACC00483,PLN_ENTERPRISE,2023-03-16,,active,337,2499
SUB00484,ACC00484,PLN_SCALE,2023-03-16,2023-05-17,cancelled,84,799
SUB00485,ACC00485,PLN_STARTER,2023-03-16,2023-09-14,cancelled,4,49
SUB00486,ACC00486,PLN_SCALE,2023-03-16,2023-11-18,cancelled,67,799
SUB00487,ACC00487,PLN_GROWTH,2023-03-16,2023-07-06,cancelled,21,199
SUB00488,ACC00488,PLN_STARTER,2023-03-16,2023-07-16,cancelled,6,49
SUB00489,ACC00489,PLN_GROWTH,2023-03-16,2024-10-25,cancelled,21,199
SUB00490,ACC00490,PLN_SCALE,2023-03-17,2024-08-06,cancelled,83,799
SUB00491,ACC00491,PLN_ENTERPRISE,2023-03-17,2024-04-01,cancelled,545,2499
SUB00492,ACC00492,PLN_STARTER,2023-03-17,2023-10-23,cancelled,3,49
SUB00493,ACC00493,PLN_SCALE,2023-03-17,2023-07-11,cancelled,62,799
SUB00494,ACC00494,PLN_GROWTH,2023-03-17,2023-05-05,cancelled,17,199
SUB00495,ACC00495,PLN_GROWTH,2023-03-18,2023-10-23,cancelled,19,199
SUB00496,ACC00496,PLN_STARTER,2023-03-18,2024-03-24,cancelled,3,49
SUB00497,ACC00497,PLN_STARTER,2023-03-18,,active,5,49
SUB00498,ACC00498,PLN_GROWTH,2023-03-18,2023-06-02,cancelled,13,199
SUB00499,ACC00499,PLN_ENTERPRISE,2023-03-19,2023-05-27,cancelled,315,2499
SUB00500,ACC00500,PLN_GROWTH,2023-03-19,2024-01-27,cancelled,19,199
SUB00501,ACC00501,PLN_SCALE,2023-03-19,2023-05-11,cancelled,73,799
SUB00502,ACC00502,PLN_STARTER,2023-03-19,2023-06-28,cancelled,4,49
SUB00503,ACC00503,PLN_STARTER,2023-03-19,2025-08-04,cancelled,5,49
SUB00504,ACC00504,PLN_STARTER,2023-03-19,2023-07-10,cancelled,4,49
SUB00505,ACC00505,PLN_STARTER,2023-03-20,2024-07-09,cancelled,5,49
SUB00506,ACC00506,PLN_GROWTH,2023-03-20,2023-05-01,cancelled,17,199
SUB00507,ACC00507,PLN_SCALE,2023-03-20,2023-06-16,cancelled,88,799
SUB00508,ACC00508,PLN_SCALE,2023-03-20,2024-02-14,cancelled,102,799
SUB00509,ACC00509,PLN_GROWTH,2023-03-20,2023-05-05,cancelled,22,199
SUB00510,ACC00510,PLN_STARTER,2023-03-20,2024-01-02,cancelled,3,49
SUB00511,ACC00511,PLN_STARTER,2023-03-21,2024-05-24,cancelled,6,49
SUB00512,ACC00512,PLN_GROWTH,2023-03-21,2023-04-04,cancelled,21,199
SUB00513,ACC00513,PLN_ENTERPRISE,2023-03-21,2025-04-05,cancelled,339,2499
SUB00514,ACC00514,PLN_STARTER,2023-03-21,2024-02-28,cancelled,4,49
SUB00515,ACC00515,PLN_ENTERPRISE,2023-03-22,2023-06-06,cancelled,564,2499
SUB00516,ACC00516,PLN_SCALE,2023-03-22,2023-07-01,cancelled,96,799
SUB00517,ACC00517,PLN_STARTER,2023-03-22,2023-09-28,cancelled,3,49
SUB00518,ACC00518,PLN_STARTER,2023-03-22,2023-10-08,cancelled,5,49
SUB00519,ACC00519,PLN_GROWTH,2023-03-22,2023-07-27,cancelled,22,199
SUB00520,ACC00520,PLN_GROWTH,2023-03-22,2023-06-27,cancelled,12,199
SUB00521,ACC00521,PLN_ENTERPRISE,2023-03-22,2023-07-15,cancelled,553,2499
SUB00522,ACC00522,PLN_ENTERPRISE,2023-03-22,2023-10-09,cancelled,454,2499
SUB00523,ACC00523,PLN_ENTERPRISE,2023-03-22,2023-06-10,cancelled,383,2499
SUB00524,ACC00524,PLN_STARTER,2023-03-22,2023-07-05,cancelled,3,49
SUB00525,ACC00525,PLN_GROWTH,2023-03-22,2023-07-08,cancelled,21,199
SUB00526,ACC00526,PLN_STARTER,2023-03-22,2023-05-19,cancelled,4,49
SUB00527,ACC00527,PLN_STARTER,2023-03-23,2023-06-26,cancelled,3,49
SUB00528,ACC00528,PLN_GROWTH,2023-03-23,2024-03-04,cancelled,21,199
SUB00529,ACC00529,PLN_GROWTH,2023-03-23,2023-07-13,cancelled,23,199
SUB00530,ACC00530,PLN_STARTER,2023-03-23,2023-06-17,cancelled,5,49
SUB00531,ACC00531,PLN_SCALE,2023-03-24,2024-05-13,cancelled,95,799
SUB00532,ACC00532,PLN_GROWTH,2023-03-24,2023-12-22,cancelled,18,199
SUB00533,ACC00533,PLN_GROWTH,2023-03-24,2023-09-23,cancelled,14,199
SUB00534,ACC00534,PLN_STARTER,2023-03-24,2023-06-22,cancelled,3,49
SUB00535,ACC00535,PLN_SCALE,2023-03-24,2023-08-18,cancelled,92,799
SUB00536,ACC00536,PLN_STARTER,2023-03-24,2025-04-08,cancelled,4,49
SUB00537,ACC00537,PLN_STARTER,2023-03-24,,active,5,49
SUB00538,ACC00538,PLN_STARTER,2023-03-24,2024-11-02,cancelled,4,49
SUB00539,ACC00539,PLN_SCALE,2023-03-25,2023-04-06,cancelled,64,799
SUB00540,ACC00540,PLN_STARTER,2023-03-25,2024-04-19,cancelled,4,49
SUB00541,ACC00541,PLN_GROWTH,2023-03-25,2023-07-27,cancelled,13,199
SUB00542,ACC00542,PLN_ENTERPRISE,2023-03-25,2025-01-15,cancelled,349,2499
SUB00543,ACC00543,PLN_SCALE,2023-03-25,2023-04-16,cancelled,62,799
SUB00544,ACC00544,PLN_SCALE,2023-03-25,2023-07-27,cancelled,108,799
SUB00545,ACC00545,PLN_ENTERPRISE,2023-03-25,2023-12-06,cancelled,358,2499
SUB00546,ACC00546,PLN_STARTER,2023-03-25,2023-06-01,cancelled,5,49
SUB00547,ACC00547,PLN_STARTER,2023-03-26,2023-06-04,cancelled,4,49
SUB00548,ACC00548,PLN_SCALE,2023-03-26,2024-07-11,cancelled,78,799
SUB00549,ACC00549,PLN_GROWTH,2023-03-26,2024-05-07,cancelled,12,199
SUB00550,ACC00550,PLN_SCALE,2023-03-26,2023-04-03,cancelled,106,799
SUB00551,ACC00551,PLN_GROWTH,2023-03-26,2023-07-02,cancelled,23,199
SUB00552,ACC00552,PLN_SCALE,2023-03-26,2025-09-05,cancelled,73,799
SUB00553,ACC00553,PLN_GROWTH,2023-03-26,2023-09-19,cancelled,21,199
SUB00554,ACC00554,PLN_STARTER,2023-03-27,2024-05-27,cancelled,3,49
SUB00555,ACC00555,PLN_STARTER,2023-03-27,2025-08-10,cancelled,4,49
SUB00556,ACC00556,PLN_GROWTH,2023-03-27,,active,21,199
SUB00557,ACC00557,PLN_GROWTH,2023-03-27,2024-03-06,cancelled,18,199
SUB00558,ACC00558,PLN_SCALE,2023-03-28,2023-04-14,cancelled,61,799
SUB00559,ACC00559,PLN_GROWTH,2023-03-28,2024-01-03,cancelled,20,199
SUB00560,ACC00560,PLN_ENTERPRISE,2023-03-28,2024-03-01,cancelled,556,2499
SUB00561,ACC00561,PLN_SCALE,2023-03-28,2023-09-11,cancelled,109,799
SUB00562,ACC00562,PLN_GROWTH,2023-03-28,2024-05-04,cancelled,18,199
SUB00563,ACC00563,PLN_GROWTH,2023-03-28,2023-10-09,cancelled,19,199
SUB00564,ACC00564,PLN_STARTER,2023-03-28,2023-05-22,cancelled,4,49
SUB00565,ACC00565,PLN_STARTER,2023-03-28,2023-07-02,cancelled,4,49
SUB00566,ACC00566,PLN_SCALE,2023-03-29,2024-04-20,cancelled,75,799
SUB00567,ACC00567,PLN_SCALE,2023-03-29,2023-05-04,cancelled,81,799
SUB00568,ACC00568,PLN_STARTER,2023-03-29,2023-04-12,cancelled,4,49
SUB00569,ACC00569,PLN_GROWTH,2023-03-29,2024-02-21,cancelled,14,199
SUB00570,ACC00570,PLN_GROWTH,2023-03-29,2023-06-13,cancelled,15,199
SUB00571,ACC00571,PLN_STARTER,2023-03-29,2023-09-04,cancelled,4,49
SUB00572,ACC00572,PLN_STARTER,2023-03-29,2024-02-25,cancelled,6,49
SUB00573,ACC00573,PLN_GROWTH,2023-03-30,2023-10-17,cancelled,20,199
SUB00574,ACC00574,PLN_STARTER,2023-03-30,2023-05-16,cancelled,4,49
SUB00575,ACC00575,PLN_STARTER,2023-03-30,2024-01-04,cancelled,5,49
SUB00576,ACC00576,PLN_GROWTH,2023-03-30,2023-04-03,cancelled,22,199
SUB00577,ACC00577,PLN_GROWTH,2023-03-30,2023-08-17,cancelled,17,199
SUB00578,ACC00578,PLN_ENTERPRISE,2023-03-30,2025-04-27,cancelled,517,2499
SUB00579,ACC00579,PLN_SCALE,2023-03-31,2024-07-01,cancelled,66,799
SUB00580,ACC00580,PLN_STARTER,2023-03-31,2024-03-08,cancelled,4,49
SUB00581,ACC00581,PLN_SCALE,2023-03-31,2023-06-08,cancelled,110,799
SUB00582,ACC00582,PLN_STARTER,2023-03-31,2023-05-12,cancelled,5,49
SUB00583,ACC00583,PLN_STARTER,2023-03-31,2023-11-06,cancelled,4,49
SUB00584,ACC00584,PLN_ENTERPRISE,2023-03-31,2024-05-24,cancelled,458,2499
SUB00585,ACC00585,PLN_SCALE,2023-03-31,2023-07-08,cancelled,76,799
SUB00586,ACC00586,PLN_SCALE,2023-04-01,2025-03-16,cancelled,93,799
SUB00587,ACC00587,PLN_ENTERPRISE,2023-04-01,2023-07-14,cancelled,307,2499
SUB00588,ACC00588,PLN_SCALE,2023-04-01,2023-05-27,cancelled,97,799
SUB00589,ACC00589,PLN_STARTER,2023-04-01,2024-07-12,cancelled,5,49
SUB00590,ACC00590,PLN_GROWTH,2023-04-01,2024-06-23,cancelled,14,199
SUB00591,ACC00591,PLN_STARTER,2023-04-01,2023-06-26,cancelled,4,49
SUB00592,ACC00592,PLN_STARTER,2023-04-01,2023-06-16,cancelled,3,49
SUB00593,ACC00593,PLN_GROWTH,2023-04-01,2024-05-20,cancelled,20,199
SUB00594,ACC00594,PLN_GROWTH,2023-04-01,2024-08-28,cancelled,12,199
SUB00595,ACC00595,PLN_STARTER,2023-04-01,2023-05-18,cancelled,4,49
SUB00596,ACC00596,PLN_STARTER,2023-04-02,2024-03-20,cancelled,5,49
SUB00597,ACC00597,PLN_GROWTH,2023-04-02,2025-02-01,cancelled,12,199
SUB00598,ACC00598,PLN_ENTERPRISE,2023-04-02,2023-05-16,cancelled,414,2499
SUB00599,ACC00599,PLN_GROWTH,2023-04-02,2025-12-13,cancelled,21,199
SUB00600,ACC00600,PLN_GROWTH,2023-04-02,,active,18,199
SUB00601,ACC00601,PLN_SCALE,2023-04-03,2023-06-16,cancelled,79,799
SUB00602,ACC00602,PLN_GROWTH,2023-04-03,2025-12-02,cancelled,15,199
SUB00603,ACC00603,PLN_GROWTH,2023-04-03,2023-09-01,cancelled,22,199
SUB00604,ACC00604,PLN_STARTER,2023-04-03,2023-08-04,cancelled,5,49
SUB00605,ACC00605,PLN_GROWTH,2023-04-03,2023-11-23,cancelled,14,199
SUB00606,ACC00606,PLN_STARTER,2023-04-03,2024-05-18,cancelled,5,49
SUB00607,ACC00607,PLN_SCALE,2023-04-03,2024-02-21,cancelled,67,799
SUB00608,ACC00608,PLN_SCALE,2023-04-03,,active,62,799
SUB00609,ACC00609,PLN_GROWTH,2023-04-04,2024-03-28,cancelled,16,199
SUB00610,ACC00610,PLN_ENTERPRISE,2023-04-04,,active,461,2499
SUB00611,ACC00611,PLN_GROWTH,2023-04-04,2024-02-05,cancelled,20,199
SUB00612,ACC00612,PLN_GROWTH,2023-04-04,2023-08-19,cancelled,21,199
SUB00613,ACC00613,PLN_STARTER,2023-04-04,2023-08-10,cancelled,5,49
SUB00614,ACC00614,PLN_STARTER,2023-04-04,2023-07-08,cancelled,4,49
SUB00615,ACC00615,PLN_SCALE,2023-04-04,2023-07-21,cancelled,92,799
SUB00616,ACC00616,PLN_STARTER,2023-04-05,2023-08-23,cancelled,5,49
SUB00617,ACC00617,PLN_ENTERPRISE,2023-04-05,2025-11-25,cancelled,489,2499
SUB00618,ACC00618,PLN_STARTER,2023-04-05,2023-06-26,cancelled,5,49
SUB00619,ACC00619,PLN_STARTER,2023-04-05,2024-05-24,cancelled,3,49
SUB00620,ACC00620,PLN_STARTER,2023-04-06,2024-10-09,cancelled,5,49
SUB00621,ACC00621,PLN_STARTER,2023-04-06,2024-05-20,cancelled,4,49
SUB00622,ACC00622,PLN_GROWTH,2023-04-06,2024-09-19,cancelled,20,199
SUB00623,ACC00623,PLN_STARTER,2023-04-06,2023-07-12,cancelled,3,49
SUB00624,ACC00624,PLN_ENTERPRISE,2023-04-07,2023-09-26,cancelled,314,2499
SUB00625,ACC00625,PLN_GROWTH,2023-04-07,2025-08-14,cancelled,20,199
SUB00626,ACC00626,PLN_GROWTH,2023-04-07,2024-02-06,cancelled,13,199
SUB00627,ACC00627,PLN_GROWTH,2023-04-07,2023-09-12,cancelled,22,199
SUB00628,ACC00628,PLN_GROWTH,2023-04-08,2023-07-17,cancelled,17,199
SUB00629,ACC00629,PLN_GROWTH,2023-04-08,2024-01-07,cancelled,14,199
SUB00630,ACC00630,PLN_STARTER,2023-04-08,2024-03-01,cancelled,5,49
SUB00631,ACC00631,PLN_GROWTH,2023-04-08,2023-10-23,cancelled,20,199
SUB00632,ACC00632,PLN_STARTER,2023-04-08,2025-05-08,cancelled,3,49
SUB00633,ACC00633,PLN_STARTER,2023-04-08,2023-08-14,cancelled,5,49
SUB00634,ACC00634,PLN_STARTER,2023-04-09,2023-11-23,cancelled,4,49
SUB00635,ACC00635,PLN_GROWTH,2023-04-09,2024-04-23,cancelled,16,199
SUB00636,ACC00636,PLN_GROWTH,2023-04-09,2023-07-13,cancelled,14,199
SUB00637,ACC00637,PLN_STARTER,2023-04-09,2023-07-03,cancelled,3,49
SUB00638,ACC00638,PLN_STARTER,2023-04-09,2025-09-10,cancelled,4,49
SUB00639,ACC00639,PLN_GROWTH,2023-04-10,2025-10-01,cancelled,21,199
SUB00640,ACC00640,PLN_SCALE,2023-04-10,2023-09-28,cancelled,87,799
SUB00641,ACC00641,PLN_STARTER,2023-04-10,2023-06-22,cancelled,3,49
SUB00642,ACC00642,PLN_STARTER,2023-04-10,2024-02-10,cancelled,5,49
SUB00643,ACC00643,PLN_GROWTH,2023-04-11,2023-07-08,cancelled,17,199
SUB00644,ACC00644,PLN_SCALE,2023-04-11,2023-07-20,cancelled,74,799
SUB00645,ACC00645,PLN_STARTER,2023-04-12,2023-08-21,cancelled,5,49
SUB00646,ACC00646,PLN_STARTER,2023-04-12,,active,6,49
SUB00647,ACC00647,PLN_SCALE,2023-04-12,2023-07-25,cancelled,81,799
SUB00648,ACC00648,PLN_GROWTH,2023-04-12,2025-03-07,cancelled,19,199
SUB00649,ACC00649,PLN_STARTER,2023-04-12,2024-12-15,cancelled,5,49
SUB00650,ACC00650,PLN_SCALE,2023-04-12,2024-05-15,cancelled,81,799
SUB00651,ACC00651,PLN_SCALE,2023-04-12,2023-10-12,cancelled,87,799
SUB00652,ACC00652,PLN_ENTERPRISE,2023-04-12,2024-08-07,cancelled,366,2499
SUB00653,ACC00653,PLN_SCALE,2023-04-12,2023-09-05,cancelled,101,799
SUB00654,ACC00654,PLN_GROWTH,2023-04-12,2023-08-08,cancelled,19,199
SUB00655,ACC00655,PLN_SCALE,2023-04-12,2023-07-21,cancelled,75,799
SUB00656,ACC00656,PLN_GROWTH,2023-04-13,2024-07-27,cancelled,21,199
SUB00657,ACC00657,PLN_SCALE,2023-04-13,,active,110,799
SUB00658,ACC00658,PLN_STARTER,2023-04-13,2025-07-07,cancelled,6,49
SUB00659,ACC00659,PLN_GROWTH,2023-04-13,2023-10-12,cancelled,23,199
SUB00660,ACC00660,PLN_STARTER,2023-04-13,2023-06-21,cancelled,6,49
SUB00661,ACC00661,PLN_ENTERPRISE,2023-04-13,2024-11-19,cancelled,424,2499
SUB00662,ACC00662,PLN_SCALE,2023-04-13,2023-09-18,cancelled,106,799
SUB00663,ACC00663,PLN_ENTERPRISE,2023-04-13,2024-02-13,cancelled,440,2499
SUB00664,ACC00664,PLN_SCALE,2023-04-14,2024-08-04,cancelled,80,799
SUB00665,ACC00665,PLN_GROWTH,2023-04-14,2024-05-24,cancelled,14,199
SUB00666,ACC00666,PLN_STARTER,2023-04-14,2024-07-09,cancelled,6,49
SUB00667,ACC00667,PLN_STARTER,2023-04-14,,active,4,49
SUB00668,ACC00668,PLN_GROWTH,2023-04-14,2024-10-20,cancelled,16,199
SUB00669,ACC00669,PLN_GROWTH,2023-04-14,2024-09-25,cancelled,22,199
SUB00670,ACC00670,PLN_STARTER,2023-04-14,2024-07-15,cancelled,3,49
SUB00671,ACC00671,PLN_STARTER,2023-04-15,2024-05-14,cancelled,6,49
SUB00672,ACC00672,PLN_GROWTH,2023-04-15,2023-06-10,cancelled,22,199
SUB00673,ACC00673,PLN_ENTERPRISE,2023-04-15,2023-08-12,cancelled,554,2499
SUB00674,ACC00674,PLN_SCALE,2023-04-15,2023-06-24,cancelled,97,799
SUB00675,ACC00675,PLN_GROWTH,2023-04-15,2023-09-07,cancelled,15,199
SUB00676,ACC00676,PLN_STARTER,2023-04-16,2024-04-19,cancelled,5,49
SUB00677,ACC00677,PLN_GROWTH,2023-04-16,2024-01-01,cancelled,17,199
SUB00678,ACC00678,PLN_STARTER,2023-04-16,2023-11-19,cancelled,3,49
SUB00679,ACC00679,PLN_STARTER,2023-04-16,2025-01-17,cancelled,4,49
SUB00680,ACC00680,PLN_GROWTH,2023-04-16,2023-12-18,cancelled,16,199
SUB00681,ACC00681,PLN_ENTERPRISE,2023-04-16,,active,463,2499
SUB00682,ACC00682,PLN_GROWTH,2023-04-17,2023-05-23,cancelled,18,199
SUB00683,ACC00683,PLN_STARTER,2023-04-17,2023-09-01,cancelled,6,49
SUB00684,ACC00684,PLN_STARTER,2023-04-17,2023-10-18,cancelled,4,49
SUB00685,ACC00685,PLN_STARTER,2023-04-18,2023-08-27,cancelled,5,49
SUB00686,ACC00686,PLN_GROWTH,2023-04-18,2024-03-28,cancelled,15,199
SUB00687,ACC00687,PLN_GROWTH,2023-04-18,2023-06-03,cancelled,12,199
SUB00688,ACC00688,PLN_GROWTH,2023-04-18,2025-02-17,cancelled,18,199
SUB00689,ACC00689,PLN_STARTER,2023-04-19,2024-05-20,cancelled,6,49
SUB00690,ACC00690,PLN_STARTER,2023-04-19,2023-12-13,cancelled,5,49
SUB00691,ACC00691,PLN_ENTERPRISE,2023-04-19,2023-07-02,cancelled,301,2499
SUB00692,ACC00692,PLN_SCALE,2023-04-19,2023-08-18,cancelled,97,799
SUB00693,ACC00693,PLN_STARTER,2023-04-19,2023-07-26,cancelled,5,49
SUB00694,ACC00694,PLN_SCALE,2023-04-19,2023-05-27,cancelled,72,799
SUB00695,ACC00695,PLN_GROWTH,2023-04-20,,active,17,199
SUB00696,ACC00696,PLN_GROWTH,2023-04-20,2024-09-04,cancelled,21,199
SUB00697,ACC00697,PLN_STARTER,2023-04-20,2023-09-11,cancelled,5,49
SUB00698,ACC00698,PLN_ENTERPRISE,2023-04-20,2024-12-09,cancelled,476,2499
SUB00699,ACC00699,PLN_SCALE,2023-04-20,2023-07-20,cancelled,81,799
SUB00700,ACC00700,PLN_SCALE,2023-04-21,2024-06-28,cancelled,74,799
SUB00701,ACC00701,PLN_SCALE,2023-04-21,2023-08-22,cancelled,77,799
SUB00702,ACC00702,PLN_SCALE,2023-04-21,2023-08-14,cancelled,79,799
SUB00703,ACC00703,PLN_GROWTH,2023-04-22,2023-12-06,cancelled,21,199
SUB00704,ACC00704,PLN_SCALE,2023-04-22,2024-05-11,cancelled,96,799
SUB00705,ACC00705,PLN_STARTER,2023-04-22,2024-01-14,cancelled,5,49
SUB00706,ACC00706,PLN_SCALE,2023-04-22,2023-10-08,cancelled,94,799
SUB00707,ACC00707,PLN_SCALE,2023-04-22,2023-12-27,cancelled,108,799
SUB00708,ACC00708,PLN_STARTER,2023-04-22,2023-05-17,cancelled,4,49
SUB00709,ACC00709,PLN_ENTERPRISE,2023-04-22,2023-08-24,cancelled,346,2499
SUB00710,ACC00710,PLN_GROWTH,2023-04-22,2023-05-16,cancelled,20,199
SUB00711,ACC00711,PLN_GROWTH,2023-04-22,2023-10-09,cancelled,15,199
SUB00712,ACC00712,PLN_STARTER,2023-04-22,2023-06-09,cancelled,4,49
SUB00713,ACC00713,PLN_STARTER,2023-04-23,2023-07-15,cancelled,6,49
SUB00714,ACC00714,PLN_GROWTH,2023-04-23,2023-07-12,cancelled,14,199
SUB00715,ACC00715,PLN_STARTER,2023-04-24,2023-05-01,cancelled,4,49
SUB00716,ACC00716,PLN_SCALE,2023-04-24,,active,88,799
SUB00717,ACC00717,PLN_GROWTH,2023-04-24,2024-05-12,cancelled,14,199
SUB00718,ACC00718,PLN_GROWTH,2023-04-24,2024-10-10,cancelled,18,199
SUB00719,ACC00719,PLN_GROWTH,2023-04-24,2023-05-16,cancelled,19,199
SUB00720,ACC00720,PLN_SCALE,2023-04-25,2023-06-27,cancelled,93,799
SUB00721,ACC00721,PLN_GROWTH,2023-04-25,2023-07-08,cancelled,13,199
SUB00722,ACC00722,PLN_GROWTH,2023-04-25,2023-08-21,cancelled,16,199
SUB00723,ACC00723,PLN_SCALE,2023-04-25,2025-10-22,cancelled,68,799
SUB00724,ACC00724,PLN_ENTERPRISE,2023-04-25,2023-05-06,cancelled,572,2499
SUB00725,ACC00725,PLN_STARTER,2023-04-25,2024-04-01,cancelled,4,49
SUB00726,ACC00726,PLN_GROWTH,2023-04-26,2023-08-06,cancelled,18,199
SUB00727,ACC00727,PLN_GROWTH,2023-04-26,2023-05-11,cancelled,14,199
SUB00728,ACC00728,PLN_STARTER,2023-04-27,2023-07-25,cancelled,4,49
SUB00729,ACC00729,PLN_ENTERPRISE,2023-04-27,2023-12-06,cancelled,541,2499
SUB00730,ACC00730,PLN_GROWTH,2023-04-27,2023-05-15,cancelled,14,199
SUB00731,ACC00731,PLN_ENTERPRISE,2023-04-27,2025-10-12,cancelled,310,2499
SUB00732,ACC00732,PLN_STARTER,2023-04-28,2023-09-02,cancelled,3,49
SUB00733,ACC00733,PLN_GROWTH,2023-04-28,2024-05-17,cancelled,14,199
SUB00734,ACC00734,PLN_ENTERPRISE,2023-04-28,2025-10-13,cancelled,417,2499
SUB00735,ACC00735,PLN_STARTER,2023-04-28,2023-06-01,cancelled,4,49
SUB00736,ACC00736,PLN_STARTER,2023-04-28,2023-11-10,cancelled,5,49
SUB00737,ACC00737,PLN_STARTER,2023-04-28,2023-09-08,cancelled,3,49
SUB00738,ACC00738,PLN_STARTER,2023-04-28,2024-10-25,cancelled,5,49
SUB00739,ACC00739,PLN_SCALE,2023-04-28,2025-02-22,cancelled,114,799
SUB00740,ACC00740,PLN_STARTER,2023-04-28,2025-08-09,cancelled,4,49
SUB00741,ACC00741,PLN_ENTERPRISE,2023-04-28,2024-03-13,cancelled,532,2499
SUB00742,ACC00742,PLN_GROWTH,2023-04-29,2024-11-04,cancelled,19,199
SUB00743,ACC00743,PLN_STARTER,2023-04-29,2024-03-26,cancelled,6,49
SUB00744,ACC00744,PLN_STARTER,2023-04-29,2023-05-27,cancelled,5,49
SUB00745,ACC00745,PLN_GROWTH,2023-04-29,2023-07-24,cancelled,18,199
SUB00746,ACC00746,PLN_SCALE,2023-04-29,2024-04-01,cancelled,90,799
SUB00747,ACC00747,PLN_GROWTH,2023-04-29,2023-08-10,cancelled,13,199
SUB00748,ACC00748,PLN_STARTER,2023-04-30,2023-10-24,cancelled,4,49
SUB00749,ACC00749,PLN_GROWTH,2023-04-30,2024-10-02,cancelled,22,199
SUB00750,ACC00750,PLN_ENTERPRISE,2023-04-30,2024-01-04,cancelled,555,2499
SUB00751,ACC00751,PLN_SCALE,2023-04-30,2023-11-25,cancelled,94,799
SUB00752,ACC00752,PLN_GROWTH,2023-04-30,2023-08-20,cancelled,15,199
SUB00753,ACC00753,PLN_GROWTH,2023-04-30,2023-10-18,cancelled,16,199
SUB00754,ACC00754,PLN_STARTER,2023-04-30,2024-06-20,cancelled,6,49
SUB00755,ACC00755,PLN_STARTER,2023-04-30,2024-06-12,cancelled,4,49
SUB00756,ACC00756,PLN_GROWTH,2023-04-30,2025-05-07,cancelled,18,199
SUB00757,ACC00757,PLN_GROWTH,2023-04-30,2023-11-08,cancelled,20,199
SUB00758,ACC00758,PLN_ENTERPRISE,2023-05-01,2024-07-11,cancelled,536,2499
SUB00759,ACC00759,PLN_STARTER,2023-05-01,,active,6,49
SUB00760,ACC00760,PLN_GROWTH,2023-05-01,2023-09-06,cancelled,21,199
SUB00761,ACC00761,PLN_GROWTH,2023-05-01,2025-10-04,cancelled,18,199
SUB00762,ACC00762,PLN_STARTER,2023-05-01,2023-08-27,cancelled,4,49
SUB00763,ACC00763,PLN_STARTER,2023-05-02,2023-10-04,cancelled,4,49
SUB00764,ACC00764,PLN_GROWTH,2023-05-02,2023-08-19,cancelled,23,199
SUB00765,ACC00765,PLN_GROWTH,2023-05-02,2023-06-02,cancelled,14,199
SUB00766,ACC00766,PLN_SCALE,2023-05-02,2023-08-25,cancelled,84,799
SUB00767,ACC00767,PLN_GROWTH,2023-05-02,2025-08-18,cancelled,15,199
SUB00768,ACC00768,PLN_SCALE,2023-05-02,,active,74,799
SUB00769,ACC00769,PLN_STARTER,2023-05-02,2024-10-14,cancelled,3,49
SUB00770,ACC00770,PLN_ENTERPRISE,2023-05-03,,active,316,2499
SUB00771,ACC00771,PLN_ENTERPRISE,2023-05-03,2023-10-26,cancelled,406,2499
SUB00772,ACC00772,PLN_STARTER,2023-05-03,2023-11-16,cancelled,5,49
SUB00773,ACC00773,PLN_STARTER,2023-05-03,2023-06-21,cancelled,4,49
SUB00774,ACC00774,PLN_STARTER,2023-05-03,2023-12-15,cancelled,5,49
SUB00775,ACC00775,PLN_GROWTH,2023-05-03,2024-10-10,cancelled,16,199
SUB00776,ACC00776,PLN_GROWTH,2023-05-04,2025-02-09,cancelled,22,199
SUB00777,ACC00777,PLN_STARTER,2023-05-04,2024-01-20,cancelled,5,49
SUB00778,ACC00778,PLN_GROWTH,2023-05-04,2024-01-01,cancelled,23,199
SUB00779,ACC00779,PLN_STARTER,2023-05-04,2024-03-21,cancelled,5,49
SUB00780,ACC00780,PLN_STARTER,2023-05-04,2024-11-06,cancelled,4,49
SUB00781,ACC00781,PLN_GROWTH,2023-05-04,2024-05-17,cancelled,14,199
SUB00782,ACC00782,PLN_STARTER,2023-05-05,2023-09-06,cancelled,5,49
SUB00783,ACC00783,PLN_GROWTH,2023-05-05,2024-02-28,cancelled,15,199
SUB00784,ACC00784,PLN_SCALE,2023-05-05,2023-08-14,cancelled,91,799
SUB00785,ACC00785,PLN_GROWTH,2023-05-05,2023-09-26,cancelled,19,199
SUB00786,ACC00786,PLN_SCALE,2023-05-05,2024-12-23,cancelled,105,799
SUB00787,ACC00787,PLN_STARTER,2023-05-05,2025-10-22,cancelled,3,49
SUB00788,ACC00788,PLN_STARTER,2023-05-06,2025-01-25,cancelled,5,49
SUB00789,ACC00789,PLN_ENTERPRISE,2023-05-06,2023-07-10,cancelled,410,2499
SUB00790,ACC00790,PLN_GROWTH,2023-05-06,2023-08-05,cancelled,18,199
SUB00791,ACC00791,PLN_STARTER,2023-05-06,2023-10-27,cancelled,5,49
SUB00792,ACC00792,PLN_SCALE,2023-05-06,2023-12-26,cancelled,61,799
SUB00793,ACC00793,PLN_STARTER,2023-05-06,2023-08-07,cancelled,3,49
SUB00794,ACC00794,PLN_STARTER,2023-05-06,2024-03-01,cancelled,4,49
SUB00795,ACC00795,PLN_STARTER,2023-05-06,2023-06-27,cancelled,5,49
SUB00796,ACC00796,PLN_SCALE,2023-05-07,2025-09-04,cancelled,90,799
SUB00797,ACC00797,PLN_SCALE,2023-05-07,2024-04-01,cancelled,100,799
SUB00798,ACC00798,PLN_ENTERPRISE,2023-05-07,2025-12-19,cancelled,415,2499
SUB00799,ACC00799,PLN_STARTER,2023-05-07,2024-08-21,cancelled,5,49
SUB00800,ACC00800,PLN_SCALE,2023-05-07,2023-10-10,cancelled,98,799
SUB00801,ACC00801,PLN_SCALE,2023-05-07,2023-09-03,cancelled,103,799
SUB00802,ACC00802,PLN_SCALE,2023-05-07,2024-04-11,cancelled,100,799
SUB00803,ACC00803,PLN_SCALE,2023-05-08,2024-01-14,cancelled,96,799
SUB00804,ACC00804,PLN_SCALE,2023-05-08,2024-05-15,cancelled,84,799
SUB00805,ACC00805,PLN_STARTER,2023-05-08,2023-11-20,cancelled,5,49
SUB00806,ACC00806,PLN_SCALE,2023-05-09,2025-04-15,cancelled,110,799
SUB00807,ACC00807,PLN_SCALE,2023-05-09,2024-01-12,cancelled,61,799
SUB00808,ACC00808,PLN_GROWTH,2023-05-10,2024-01-14,cancelled,18,199
SUB00809,ACC00809,PLN_STARTER,2023-05-10,2023-10-01,cancelled,5,49
SUB00810,ACC00810,PLN_GROWTH,2023-05-10,2023-06-06,cancelled,18,199
SUB00811,ACC00811,PLN_STARTER,2023-05-10,2023-08-11,cancelled,6,49
SUB00812,ACC00812,PLN_STARTER,2023-05-10,2024-04-27,cancelled,4,49
SUB00813,ACC00813,PLN_GROWTH,2023-05-10,2023-06-25,cancelled,17,199
SUB00814,ACC00814,PLN_SCALE,2023-05-10,2023-08-12,cancelled,98,799
SUB00815,ACC00815,PLN_SCALE,2023-05-10,2024-06-11,cancelled,84,799
SUB00816,ACC00816,PLN_GROWTH,2023-05-10,2023-10-14,cancelled,19,199
SUB00817,ACC00817,PLN_STARTER,2023-05-11,2023-12-04,cancelled,3,49
SUB00818,ACC00818,PLN_STARTER,2023-05-11,2024-06-09,cancelled,4,49
SUB00819,ACC00819,PLN_GROWTH,2023-05-11,2024-01-28,cancelled,20,199
SUB00820,ACC00820,PLN_GROWTH,2023-05-12,,active,22,199
SUB00821,ACC00821,PLN_GROWTH,2023-05-12,2024-01-18,cancelled,14,199
SUB00822,ACC00822,PLN_SCALE,2023-05-12,2024-02-22,cancelled,111,799
SUB00823,ACC00823,PLN_ENTERPRISE,2023-05-12,2023-10-01,cancelled,553,2499
SUB00824,ACC00824,PLN_GROWTH,2023-05-12,2023-06-27,cancelled,16,199
SUB00825,ACC00825,PLN_STARTER,2023-05-12,,active,4,49
SUB00826,ACC00826,PLN_STARTER,2023-05-12,2023-08-01,cancelled,4,49
SUB00827,ACC00827,PLN_STARTER,2023-05-13,2024-05-20,cancelled,4,49
SUB00828,ACC00828,PLN_STARTER,2023-05-13,2024-05-06,cancelled,6,49
SUB00829,ACC00829,PLN_SCALE,2023-05-13,2024-12-10,cancelled,109,799
SUB00830,ACC00830,PLN_GROWTH,2023-05-13,2023-06-09,cancelled,22,199
SUB00831,ACC00831,PLN_GROWTH,2023-05-13,2023-07-14,cancelled,17,199
SUB00832,ACC00832,PLN_ENTERPRISE,2023-05-13,2023-10-21,cancelled,376,2499
SUB00833,ACC00833,PLN_GROWTH,2023-05-14,2023-09-23,cancelled,19,199
SUB00834,ACC00834,PLN_GROWTH,2023-05-14,2024-08-21,cancelled,18,199
SUB00835,ACC00835,PLN_GROWTH,2023-05-15,2023-07-24,cancelled,16,199
SUB00836,ACC00836,PLN_GROWTH,2023-05-15,2023-09-22,cancelled,13,199
SUB00837,ACC00837,PLN_GROWTH,2023-05-15,2023-10-26,cancelled,17,199
SUB00838,ACC00838,PLN_GROWTH,2023-05-15,2023-12-16,cancelled,20,199
SUB00839,ACC00839,PLN_SCALE,2023-05-15,2024-03-25,cancelled,63,799
SUB00840,ACC00840,PLN_GROWTH,2023-05-15,2025-03-17,cancelled,21,199
SUB00841,ACC00841,PLN_STARTER,2023-05-15,2024-05-19,cancelled,6,49
SUB00842,ACC00842,PLN_STARTER,2023-05-15,2023-08-22,cancelled,4,49
SUB00843,ACC00843,PLN_ENTERPRISE,2023-05-15,2023-09-13,cancelled,356,2499
SUB00844,ACC00844,PLN_STARTER,2023-05-15,2023-07-05,cancelled,4,49
SUB00845,ACC00845,PLN_STARTER,2023-05-15,2023-12-27,cancelled,3,49
SUB00846,ACC00846,PLN_GROWTH,2023-05-16,2023-08-23,cancelled,20,199
SUB00847,ACC00847,PLN_GROWTH,2023-05-16,2023-06-16,cancelled,15,199
SUB00848,ACC00848,PLN_STARTER,2023-05-16,2024-10-12,cancelled,4,49
SUB00849,ACC00849,PLN_STARTER,2023-05-16,2023-07-25,cancelled,4,49
SUB00850,ACC00850,PLN_GROWTH,2023-05-16,2023-07-08,cancelled,18,199
SUB00851,ACC00851,PLN_ENTERPRISE,2023-05-16,2024-01-08,cancelled,403,2499
SUB00852,ACC00852,PLN_ENTERPRISE,2023-05-16,,active,566,2499
SUB00853,ACC00853,PLN_SCALE,2023-05-16,2023-12-09,cancelled,62,799
SUB00854,ACC00854,PLN_SCALE,2023-05-16,2023-11-22,cancelled,91,799
SUB00855,ACC00855,PLN_ENTERPRISE,2023-05-17,,active,526,2499
SUB00856,ACC00856,PLN_STARTER,2023-05-17,2023-08-10,cancelled,3,49
SUB00857,ACC00857,PLN_SCALE,2023-05-17,2023-07-27,cancelled,74,799
SUB00858,ACC00858,PLN_SCALE,2023-05-17,2025-07-27,cancelled,86,799
SUB00859,ACC00859,PLN_GROWTH,2023-05-17,2024-09-01,cancelled,20,199
SUB00860,ACC00860,PLN_STARTER,2023-05-17,2024-06-08,cancelled,5,49
SUB00861,ACC00861,PLN_GROWTH,2023-05-17,2023-06-18,cancelled,16,199
SUB00862,ACC00862,PLN_SCALE,2023-05-17,,active,94,799
SUB00863,ACC00863,PLN_STARTER,2023-05-18,2023-09-05,cancelled,5,49
SUB00864,ACC00864,PLN_GROWTH,2023-05-18,2023-07-12,cancelled,15,199
SUB00865,ACC00865,PLN_STARTER,2023-05-18,2024-07-08,cancelled,3,49
SUB00866,ACC00866,PLN_STARTER,2023-05-19,2024-02-17,cancelled,5,49
SUB00867,ACC00867,PLN_SCALE,2023-05-19,2024-10-10,cancelled,113,799
SUB00868,ACC00868,PLN_STARTER,2023-05-19,2025-07-08,cancelled,4,49
SUB00869,ACC00869,PLN_ENTERPRISE,2023-05-19,2023-08-15,cancelled,497,2499
SUB00870,ACC00870,PLN_SCALE,2023-05-20,2024-04-27,cancelled,87,799
SUB00871,ACC00871,PLN_STARTER,2023-05-20,2024-03-16,cancelled,4,49
SUB00872,ACC00872,PLN_STARTER,2023-05-21,2023-06-04,cancelled,4,49
SUB00873,ACC00873,PLN_GROWTH,2023-05-21,2023-11-01,cancelled,17,199
SUB00874,ACC00874,PLN_SCALE,2023-05-21,2024-03-19,cancelled,87,799
SUB00875,ACC00875,PLN_GROWTH,2023-05-21,2024-01-10,cancelled,17,199
SUB00876,ACC00876,PLN_GROWTH,2023-05-21,2024-02-09,cancelled,14,199
SUB00877,ACC00877,PLN_STARTER,2023-05-22,2024-12-22,cancelled,5,49
SUB00878,ACC00878,PLN_GROWTH,2023-05-22,2024-10-17,cancelled,20,199
SUB00879,ACC00879,PLN_STARTER,2023-05-23,2024-02-20,cancelled,4,49
SUB00880,ACC00880,PLN_STARTER,2023-05-23,2023-12-28,cancelled,3,49
SUB00881,ACC00881,PLN_GROWTH,2023-05-23,2024-08-16,cancelled,14,199
SUB00882,ACC00882,PLN_GROWTH,2023-05-23,2024-05-05,cancelled,16,199
SUB00883,ACC00883,PLN_STARTER,2023-05-23,2023-08-21,cancelled,6,49
SUB00884,ACC00884,PLN_STARTER,2023-05-23,2023-12-02,cancelled,4,49
SUB00885,ACC00885,PLN_GROWTH,2023-05-23,2023-10-20,cancelled,13,199
SUB00886,ACC00886,PLN_GROWTH,2023-05-23,2024-01-08,cancelled,20,199
SUB00887,ACC00887,PLN_STARTER,2023-05-24,2023-08-03,cancelled,4,49
SUB00888,ACC00888,PLN_STARTER,2023-05-24,2024-02-11,cancelled,5,49
SUB00889,ACC00889,PLN_STARTER,2023-05-25,2023-08-03,cancelled,5,49
SUB00890,ACC00890,PLN_ENTERPRISE,2023-05-25,2024-06-04,cancelled,371,2499
SUB00891,ACC00891,PLN_STARTER,2023-05-25,2023-08-17,cancelled,6,49
SUB00892,ACC00892,PLN_SCALE,2023-05-25,2024-03-08,cancelled,69,799
SUB00893,ACC00893,PLN_SCALE,2023-05-25,2023-06-14,cancelled,108,799
SUB00894,ACC00894,PLN_GROWTH,2023-05-25,2023-09-05,cancelled,15,199
SUB00895,ACC00895,PLN_ENTERPRISE,2023-05-25,2025-09-14,cancelled,456,2499
SUB00896,ACC00896,PLN_STARTER,2023-05-26,2025-08-12,cancelled,5,49
SUB00897,ACC00897,PLN_STARTER,2023-05-26,2023-11-11,cancelled,4,49
SUB00898,ACC00898,PLN_STARTER,2023-05-26,2023-09-26,cancelled,5,49
SUB00899,ACC00899,PLN_GROWTH,2023-05-26,2024-04-14,cancelled,21,199
SUB00900,ACC00900,PLN_SCALE,2023-05-26,2023-06-09,cancelled,105,799
SUB00901,ACC00901,PLN_GROWTH,2023-05-26,2024-10-22,cancelled,17,199
SUB00902,ACC00902,PLN_SCALE,2023-05-26,2024-08-27,cancelled,89,799
SUB00903,ACC00903,PLN_SCALE,2023-05-27,2024-09-13,cancelled,67,799
SUB00904,ACC00904,PLN_SCALE,2023-05-27,2023-12-18,cancelled,100,799
SUB00905,ACC00905,PLN_ENTERPRISE,2023-05-27,,active,463,2499
SUB00906,ACC00906,PLN_ENTERPRISE,2023-05-27,2023-08-21,cancelled,477,2499
SUB00907,ACC00907,PLN_SCALE,2023-05-27,2024-04-02,cancelled,61,799
SUB00908,ACC00908,PLN_SCALE,2023-05-27,2025-07-19,cancelled,77,799
SUB00909,ACC00909,PLN_GROWTH,2023-05-27,2024-02-09,cancelled,21,199
SUB00910,ACC00910,PLN_ENTERPRISE,2023-05-27,2024-04-20,cancelled,334,2499
SUB00911,ACC00911,PLN_SCALE,2023-05-28,2023-12-21,cancelled,64,799
SUB00912,ACC00912,PLN_ENTERPRISE,2023-05-28,2023-10-28,cancelled,450,2499
SUB00913,ACC00913,PLN_GROWTH,2023-05-28,2023-12-16,cancelled,22,199
SUB00914,ACC00914,PLN_SCALE,2023-05-28,2023-10-04,cancelled,98,799
SUB00915,ACC00915,PLN_STARTER,2023-05-29,2024-04-12,cancelled,3,49
SUB00916,ACC00916,PLN_STARTER,2023-05-29,2024-03-20,cancelled,5,49
SUB00917,ACC00917,PLN_SCALE,2023-05-29,2023-10-26,cancelled,100,799
SUB00918,ACC00918,PLN_STARTER,2023-05-29,,active,5,49
SUB00919,ACC00919,PLN_SCALE,2023-05-29,2023-08-01,cancelled,72,799
SUB00920,ACC00920,PLN_GROWTH,2023-05-30,2025-02-02,cancelled,21,199
SUB00921,ACC00921,PLN_GROWTH,2023-05-30,2024-08-16,cancelled,21,199
SUB00922,ACC00922,PLN_STARTER,2023-05-30,2023-07-04,cancelled,6,49
SUB00923,ACC00923,PLN_STARTER,2023-05-30,2023-06-24,cancelled,4,49
SUB00924,ACC00924,PLN_ENTERPRISE,2023-05-30,2023-11-12,cancelled,304,2499
SUB00925,ACC00925,PLN_STARTER,2023-05-30,2023-06-10,cancelled,4,49
SUB00926,ACC00926,PLN_STARTER,2023-05-31,2025-04-01,cancelled,4,49
SUB00927,ACC00927,PLN_SCALE,2023-05-31,2025-04-22,cancelled,60,799
SUB00928,ACC00928,PLN_ENTERPRISE,2023-05-31,2024-07-05,cancelled,339,2499
SUB00929,ACC00929,PLN_STARTER,2023-05-31,2023-09-15,cancelled,4,49
SUB00930,ACC00930,PLN_STARTER,2023-05-31,2023-09-13,cancelled,6,49
SUB00931,ACC00931,PLN_STARTER,2023-05-31,2025-10-10,cancelled,5,49
SUB00932,ACC00932,PLN_GROWTH,2023-05-31,2023-12-22,cancelled,14,199
SUB00933,ACC00933,PLN_ENTERPRISE,2023-05-31,2023-11-10,cancelled,482,2499
SUB00934,ACC00934,PLN_SCALE,2023-06-01,2024-08-22,cancelled,97,799
SUB00935,ACC00935,PLN_GROWTH,2023-06-01,2023-11-05,cancelled,12,199
SUB00936,ACC00936,PLN_STARTER,2023-06-01,2023-10-10,cancelled,4,49
SUB00937,ACC00937,PLN_STARTER,2023-06-01,2023-12-22,cancelled,3,49
SUB00938,ACC00938,PLN_STARTER,2023-06-01,2024-03-06,cancelled,4,49
SUB00939,ACC00939,PLN_STARTER,2023-06-01,2023-08-22,cancelled,5,49
SUB00940,ACC00940,PLN_STARTER,2023-06-01,2024-01-20,cancelled,4,49
SUB00941,ACC00941,PLN_GROWTH,2023-06-01,2023-07-15,cancelled,19,199
SUB00942,ACC00942,PLN_STARTER,2023-06-01,2023-09-25,cancelled,3,49
SUB00943,ACC00943,PLN_STARTER,2023-06-01,2024-04-17,cancelled,3,49
SUB00944,ACC00944,PLN_STARTER,2023-06-02,2023-11-02,cancelled,4,49
SUB00945,ACC00945,PLN_STARTER,2023-06-02,2023-11-02,cancelled,4,49
SUB00946,ACC00946,PLN_GROWTH,2023-06-02,,active,15,199
SUB00947,ACC00947,PLN_GROWTH,2023-06-02,2024-03-20,cancelled,22,199
SUB00948,ACC00948,PLN_GROWTH,2023-06-02,2023-08-19,cancelled,20,199
SUB00949,ACC00949,PLN_ENTERPRISE,2023-06-03,2024-08-09,cancelled,499,2499
SUB00950,ACC00950,PLN_STARTER,2023-06-03,2023-11-22,cancelled,3,49
SUB00951,ACC00951,PLN_STARTER,2023-06-03,2024-09-10,cancelled,5,49
SUB00952,ACC00952,PLN_STARTER,2023-06-03,2023-10-03,cancelled,5,49
SUB00953,ACC00953,PLN_GROWTH,2023-06-03,2024-04-24,cancelled,21,199
SUB00954,ACC00954,PLN_STARTER,2023-06-03,2023-08-04,cancelled,4,49
SUB00955,ACC00955,PLN_STARTER,2023-06-03,2023-09-13,cancelled,3,49
SUB00956,ACC00956,PLN_ENTERPRISE,2023-06-03,2025-01-01,cancelled,499,2499
SUB00957,ACC00957,PLN_GROWTH,2023-06-04,2023-08-19,cancelled,20,199
SUB00958,ACC00958,PLN_STARTER,2023-06-04,2023-08-05,cancelled,4,49
SUB00959,ACC00959,PLN_STARTER,2023-06-04,2024-04-05,cancelled,5,49
SUB00960,ACC00960,PLN_GROWTH,2023-06-05,2024-02-02,cancelled,18,199
SUB00961,ACC00961,PLN_STARTER,2023-06-05,2024-06-17,cancelled,5,49
SUB00962,ACC00962,PLN_GROWTH,2023-06-05,2023-11-12,cancelled,16,199
SUB00963,ACC00963,PLN_GROWTH,2023-06-05,2023-12-21,cancelled,16,199
SUB00964,ACC00964,PLN_GROWTH,2023-06-05,2023-09-22,cancelled,21,199
SUB00965,ACC00965,PLN_SCALE,2023-06-06,2023-09-08,cancelled,87,799
SUB00966,ACC00966,PLN_STARTER,2023-06-06,2024-01-17,cancelled,3,49
SUB00967,ACC00967,PLN_SCALE,2023-06-06,2023-09-20,cancelled,107,799
SUB00968,ACC00968,PLN_SCALE,2023-06-06,2024-05-02,cancelled,81,799
SUB00969,ACC00969,PLN_ENTERPRISE,2023-06-06,2024-02-24,cancelled,493,2499
SUB00970,ACC00970,PLN_ENTERPRISE,2023-06-07,2023-07-09,cancelled,451,2499
SUB00971,ACC00971,PLN_STARTER,2023-06-07,2023-08-18,cancelled,5,49
SUB00972,ACC00972,PLN_GROWTH,2023-06-07,2023-08-26,cancelled,18,199
SUB00973,ACC00973,PLN_ENTERPRISE,2023-06-07,2023-08-15,cancelled,507,2499
SUB00974,ACC00974,PLN_SCALE,2023-06-07,2023-08-28,cancelled,81,799
SUB00975,ACC00975,PLN_GROWTH,2023-06-07,2023-10-15,cancelled,22,199
SUB00976,ACC00976,PLN_SCALE,2023-06-08,2025-11-17,cancelled,80,799
SUB00977,ACC00977,PLN_STARTER,2023-06-08,2023-10-24,cancelled,3,49
SUB00978,ACC00978,PLN_SCALE,2023-06-08,2025-05-09,cancelled,103,799
SUB00979,ACC00979,PLN_SCALE,2023-06-08,2023-08-20,cancelled,84,799
SUB00980,ACC00980,PLN_STARTER,2023-06-08,2025-03-12,cancelled,5,49
SUB00981,ACC00981,PLN_GROWTH,2023-06-08,2024-10-16,cancelled,21,199
SUB00982,ACC00982,PLN_STARTER,2023-06-09,,active,3,49
SUB00983,ACC00983,PLN_GROWTH,2023-06-09,2024-03-02,cancelled,20,199
SUB00984,ACC00984,PLN_STARTER,2023-06-09,2023-08-03,cancelled,4,49
SUB00985,ACC00985,PLN_GROWTH,2023-06-09,2024-05-02,cancelled,19,199
SUB00986,ACC00986,PLN_SCALE,2023-06-09,,active,94,799
SUB00987,ACC00987,PLN_STARTER,2023-06-09,,active,5,49
SUB00988,ACC00988,PLN_STARTER,2023-06-09,2024-04-19,cancelled,5,49
SUB00989,ACC00989,PLN_GROWTH,2023-06-10,2023-09-20,cancelled,15,199
SUB00990,ACC00990,PLN_ENTERPRISE,2023-06-10,2023-12-22,cancelled,558,2499
SUB00991,ACC00991,PLN_STARTER,2023-06-10,2024-03-19,cancelled,5,49
SUB00992,ACC00992,PLN_GROWTH,2023-06-10,2023-12-18,cancelled,15,199
SUB00993,ACC00993,PLN_SCALE,2023-06-10,2024-04-08,cancelled,76,799
SUB00994,ACC00994,PLN_GROWTH,2023-06-10,2024-03-08,cancelled,20,199
SUB00995,ACC00995,PLN_STARTER,2023-06-10,2024-01-17,cancelled,3,49
SUB00996,ACC00996,PLN_STARTER,2023-06-10,,active,4,49
SUB00997,ACC00997,PLN_STARTER,2023-06-10,2024-09-09,cancelled,5,49
SUB00998,ACC00998,PLN_GROWTH,2023-06-10,2024-03-08,cancelled,14,199
SUB00999,ACC00999,PLN_STARTER,2023-06-11,2023-08-19,cancelled,5,49
SUB01000,ACC01000,PLN_STARTER,2023-06-11,2024-04-25,cancelled,3,49
SUB01001,ACC01001,PLN_STARTER,2023-06-11,2023-09-20,cancelled,5,49
SUB01002,ACC01002,PLN_GROWTH,2023-06-11,2023-11-05,cancelled,20,199
SUB01003,ACC01003,PLN_STARTER,2023-06-11,2023-08-26,cancelled,4,49
SUB01004,ACC01004,PLN_GROWTH,2023-06-11,2024-09-14,cancelled,16,199
SUB01005,ACC01005,PLN_SCALE,2023-06-11,2023-10-04,cancelled,106,799
SUB01006,ACC01006,PLN_SCALE,2023-06-11,,active,105,799
SUB01007,ACC01007,PLN_SCALE,2023-06-12,2024-01-22,cancelled,100,799
SUB01008,ACC01008,PLN_GROWTH,2023-06-12,2023-12-02,cancelled,13,199
SUB01009,ACC01009,PLN_STARTER,2023-06-12,2024-01-16,cancelled,4,49
SUB01010,ACC01010,PLN_SCALE,2023-06-12,2024-04-01,cancelled,85,799
SUB01011,ACC01011,PLN_ENTERPRISE,2023-06-12,2023-08-09,cancelled,388,2499
SUB01012,ACC01012,PLN_ENTERPRISE,2023-06-12,2023-07-06,cancelled,306,2499
SUB01013,ACC01013,PLN_SCALE,2023-06-12,2024-05-03,cancelled,77,799
SUB01014,ACC01014,PLN_SCALE,2023-06-13,2023-11-14,cancelled,67,799
SUB01015,ACC01015,PLN_GROWTH,2023-06-13,2023-08-13,cancelled,14,199
SUB01016,ACC01016,PLN_GROWTH,2023-06-13,2023-09-06,cancelled,20,199
SUB01017,ACC01017,PLN_GROWTH,2023-06-13,2025-09-22,cancelled,23,199
SUB01018,ACC01018,PLN_STARTER,2023-06-13,2024-08-18,cancelled,6,49
SUB01019,ACC01019,PLN_STARTER,2023-06-13,2024-07-25,cancelled,4,49
SUB01020,ACC01020,PLN_STARTER,2023-06-14,2024-01-07,cancelled,5,49
SUB01021,ACC01021,PLN_STARTER,2023-06-14,2025-02-03,cancelled,3,49
SUB01022,ACC01022,PLN_GROWTH,2023-06-14,2024-03-19,cancelled,23,199
SUB01023,ACC01023,PLN_STARTER,2023-06-14,2024-08-27,cancelled,4,49
SUB01024,ACC01024,PLN_STARTER,2023-06-14,2023-07-18,cancelled,5,49
SUB01025,ACC01025,PLN_GROWTH,2023-06-14,2023-09-15,cancelled,13,199
SUB01026,ACC01026,PLN_STARTER,2023-06-15,2023-11-01,cancelled,5,49
SUB01027,ACC01027,PLN_GROWTH,2023-06-15,2023-11-18,cancelled,12,199
SUB01028,ACC01028,PLN_GROWTH,2023-06-15,2025-01-18,cancelled,13,199
SUB01029,ACC01029,PLN_ENTERPRISE,2023-06-15,2025-09-13,cancelled,390,2499
SUB01030,ACC01030,PLN_SCALE,2023-06-15,2024-04-15,cancelled,107,799
SUB01031,ACC01031,PLN_ENTERPRISE,2023-06-15,2024-03-10,cancelled,541,2499
SUB01032,ACC01032,PLN_STARTER,2023-06-15,2024-03-27,cancelled,4,49
SUB01033,ACC01033,PLN_STARTER,2023-06-15,2024-09-22,cancelled,4,49
SUB01034,ACC01034,PLN_STARTER,2023-06-16,2025-02-17,cancelled,3,49
SUB01035,ACC01035,PLN_STARTER,2023-06-16,2023-09-24,cancelled,5,49
SUB01036,ACC01036,PLN_SCALE,2023-06-16,2024-01-22,cancelled,70,799
SUB01037,ACC01037,PLN_STARTER,2023-06-16,2023-09-04,cancelled,5,49
SUB01038,ACC01038,PLN_GROWTH,2023-06-17,2023-08-25,cancelled,16,199
SUB01039,ACC01039,PLN_STARTER,2023-06-17,2024-01-12,cancelled,5,49
SUB01040,ACC01040,PLN_SCALE,2023-06-17,2024-02-23,cancelled,105,799
SUB01041,ACC01041,PLN_SCALE,2023-06-17,2023-09-21,cancelled,88,799
SUB01042,ACC01042,PLN_STARTER,2023-06-17,2023-12-09,cancelled,4,49
SUB01043,ACC01043,PLN_GROWTH,2023-06-17,2024-04-06,cancelled,18,199
SUB01044,ACC01044,PLN_STARTER,2023-06-18,2023-07-09,cancelled,4,49
SUB01045,ACC01045,PLN_STARTER,2023-06-18,2024-03-01,cancelled,4,49
SUB01046,ACC01046,PLN_ENTERPRISE,2023-06-18,2025-08-14,cancelled,350,2499
SUB01047,ACC01047,PLN_STARTER,2023-06-18,2023-10-17,cancelled,5,49
SUB01048,ACC01048,PLN_SCALE,2023-06-19,,active,94,799
SUB01049,ACC01049,PLN_STARTER,2023-06-19,2023-07-22,cancelled,3,49
SUB01050,ACC01050,PLN_SCALE,2023-06-19,2024-07-13,cancelled,94,799
SUB01051,ACC01051,PLN_SCALE,2023-06-19,2024-05-14,cancelled,107,799
SUB01052,ACC01052,PLN_STARTER,2023-06-19,2024-10-18,cancelled,5,49
SUB01053,ACC01053,PLN_STARTER,2023-06-19,2023-08-12,cancelled,5,49
SUB01054,ACC01054,PLN_ENTERPRISE,2023-06-19,2023-11-21,cancelled,355,2499
SUB01055,ACC01055,PLN_ENTERPRISE,2023-06-19,2024-11-24,cancelled,342,2499
SUB01056,ACC01056,PLN_STARTER,2023-06-20,2024-09-18,cancelled,5,49
SUB01057,ACC01057,PLN_STARTER,2023-06-20,2024-10-02,cancelled,6,49
SUB01058,ACC01058,PLN_STARTER,2023-06-20,,active,4,49
SUB01059,ACC01059,PLN_SCALE,2023-06-20,2025-07-17,cancelled,74,799
SUB01060,ACC01060,PLN_STARTER,2023-06-20,2023-11-16,cancelled,4,49
SUB01061,ACC01061,PLN_SCALE,2023-06-20,2023-08-18,cancelled,79,799
SUB01062,ACC01062,PLN_ENTERPRISE,2023-06-20,2023-08-03,cancelled,570,2499
SUB01063,ACC01063,PLN_SCALE,2023-06-20,,active,111,799
SUB01064,ACC01064,PLN_STARTER,2023-06-21,2023-08-07,cancelled,5,49
SUB01065,ACC01065,PLN_GROWTH,2023-06-21,2024-10-13,cancelled,17,199
SUB01066,ACC01066,PLN_STARTER,2023-06-21,2024-01-17,cancelled,5,49
SUB01067,ACC01067,PLN_GROWTH,2023-06-21,2023-11-04,cancelled,19,199
SUB01068,ACC01068,PLN_GROWTH,2023-06-21,2023-08-04,cancelled,18,199
SUB01069,ACC01069,PLN_SCALE,2023-06-21,,active,61,799
SUB01070,ACC01070,PLN_STARTER,2023-06-21,2024-03-19,cancelled,4,49
SUB01071,ACC01071,PLN_SCALE,2023-06-21,2024-08-17,cancelled,101,799
SUB01072,ACC01072,PLN_GROWTH,2023-06-21,2024-06-22,cancelled,23,199
SUB01073,ACC01073,PLN_GROWTH,2023-06-21,2023-08-21,cancelled,13,199
SUB01074,ACC01074,PLN_STARTER,2023-06-22,2024-01-17,cancelled,3,49
SUB01075,ACC01075,PLN_STARTER,2023-06-22,2024-05-01,cancelled,4,49
SUB01076,ACC01076,PLN_SCALE,2023-06-22,2024-09-24,cancelled,78,799
SUB01077,ACC01077,PLN_STARTER,2023-06-22,2024-03-05,cancelled,4,49
SUB01078,ACC01078,PLN_SCALE,2023-06-22,2024-11-22,cancelled,109,799
SUB01079,ACC01079,PLN_STARTER,2023-06-23,2023-10-15,cancelled,3,49
SUB01080,ACC01080,PLN_STARTER,2023-06-23,2023-12-21,cancelled,3,49
SUB01081,ACC01081,PLN_SCALE,2023-06-23,2023-12-12,cancelled,65,799
SUB01082,ACC01082,PLN_GROWTH,2023-06-23,,active,20,199
SUB01083,ACC01083,PLN_GROWTH,2023-06-24,2023-12-09,cancelled,19,199
SUB01084,ACC01084,PLN_STARTER,2023-06-24,2025-04-16,cancelled,4,49
SUB01085,ACC01085,PLN_ENTERPRISE,2023-06-24,2023-12-07,cancelled,423,2499
SUB01086,ACC01086,PLN_SCALE,2023-06-24,2023-12-17,cancelled,108,799
SUB01087,ACC01087,PLN_GROWTH,2023-06-24,2023-11-21,cancelled,15,199
SUB01088,ACC01088,PLN_SCALE,2023-06-24,2023-07-03,cancelled,83,799
SUB01089,ACC01089,PLN_SCALE,2023-06-24,2024-08-01,cancelled,69,799
SUB01090,ACC01090,PLN_STARTER,2023-06-24,2025-09-10,cancelled,3,49
SUB01091,ACC01091,PLN_STARTER,2023-06-25,2023-08-22,cancelled,6,49
SUB01092,ACC01092,PLN_STARTER,2023-06-25,2023-12-14,cancelled,6,49
SUB01093,ACC01093,PLN_SCALE,2023-06-25,2024-05-10,cancelled,78,799
SUB01094,ACC01094,PLN_SCALE,2023-06-26,2024-10-04,cancelled,64,799
SUB01095,ACC01095,PLN_STARTER,2023-06-26,2023-09-18,cancelled,4,49
SUB01096,ACC01096,PLN_STARTER,2023-06-26,2024-12-15,cancelled,5,49
SUB01097,ACC01097,PLN_GROWTH,2023-06-26,2024-04-01,cancelled,13,199
SUB01098,ACC01098,PLN_STARTER,2023-06-26,2024-05-26,cancelled,5,49
SUB01099,ACC01099,PLN_GROWTH,2023-06-26,2023-10-01,cancelled,17,199
SUB01100,ACC01100,PLN_STARTER,2023-06-27,2024-05-21,cancelled,4,49
SUB01101,ACC01101,PLN_STARTER,2023-06-27,2023-09-19,cancelled,3,49
SUB01102,ACC01102,PLN_STARTER,2023-06-28,2023-09-02,cancelled,5,49
SUB01103,ACC01103,PLN_STARTER,2023-06-28,2023-09-09,cancelled,5,49
SUB01104,ACC01104,PLN_GROWTH,2023-06-28,2024-12-05,cancelled,19,199
SUB01105,ACC01105,PLN_GROWTH,2023-06-28,,active,19,199
SUB01106,ACC01106,PLN_GROWTH,2023-06-28,2023-11-15,cancelled,20,199
SUB01107,ACC01107,PLN_STARTER,2023-06-28,2023-10-12,cancelled,4,49
SUB01108,ACC01108,PLN_SCALE,2023-06-28,2025-03-27,cancelled,68,799
SUB01109,ACC01109,PLN_ENTERPRISE,2023-06-28,2024-03-20,cancelled,407,2499
SUB01110,ACC01110,PLN_GROWTH,2023-06-28,2024-08-17,cancelled,19,199
SUB01111,ACC01111,PLN_GROWTH,2023-06-29,2024-07-21,cancelled,15,199
SUB01112,ACC01112,PLN_ENTERPRISE,2023-06-29,2023-07-17,cancelled,302,2499
SUB01113,ACC01113,PLN_SCALE,2023-06-30,2024-03-23,cancelled,112,799
SUB01114,ACC01114,PLN_SCALE,2023-06-30,2025-10-21,cancelled,96,799
SUB01115,ACC01115,PLN_STARTER,2023-06-30,2024-06-25,cancelled,5,49
SUB01116,ACC01116,PLN_STARTER,2023-06-30,2024-08-06,cancelled,5,49
SUB01117,ACC01117,PLN_ENTERPRISE,2023-06-30,2024-02-01,cancelled,380,2499
SUB01118,ACC01118,PLN_GROWTH,2023-06-30,2024-06-01,cancelled,19,199
SUB01119,ACC01119,PLN_GROWTH,2023-06-30,2024-05-08,cancelled,16,199
SUB01120,ACC01120,PLN_STARTER,2023-07-01,2023-09-12,cancelled,4,49
SUB01121,ACC01121,PLN_SCALE,2023-07-01,2023-10-04,cancelled,82,799
SUB01122,ACC01122,PLN_SCALE,2023-07-01,2024-01-23,cancelled,95,799
SUB01123,ACC01123,PLN_SCALE,2023-07-01,2025-03-02,cancelled,103,799
SUB01124,ACC01124,PLN_SCALE,2023-07-01,2024-05-14,cancelled,72,799
SUB01125,ACC01125,PLN_GROWTH,2023-07-01,2023-08-27,cancelled,13,199
SUB01126,ACC01126,PLN_SCALE,2023-07-02,2023-09-07,cancelled,77,799
SUB01127,ACC01127,PLN_STARTER,2023-07-02,2024-01-13,cancelled,3,49
SUB01128,ACC01128,PLN_GROWTH,2023-07-02,2023-09-19,cancelled,22,199
SUB01129,ACC01129,PLN_SCALE,2023-07-02,2024-02-10,cancelled,108,799
SUB01130,ACC01130,PLN_STARTER,2023-07-02,2024-07-02,cancelled,4,49
SUB01131,ACC01131,PLN_SCALE,2023-07-02,2024-05-11,cancelled,84,799
SUB01132,ACC01132,PLN_STARTER,2023-07-02,2023-10-21,cancelled,5,49
SUB01133,ACC01133,PLN_STARTER,2023-07-02,2024-02-07,cancelled,4,49
SUB01134,ACC01134,PLN_GROWTH,2023-07-02,2024-08-15,cancelled,22,199
SUB01135,ACC01135,PLN_STARTER,2023-07-02,2024-08-25,cancelled,4,49
SUB01136,ACC01136,PLN_SCALE,2023-07-03,2024-12-04,cancelled,94,799
SUB01137,ACC01137,PLN_STARTER,2023-07-03,2024-01-07,cancelled,4,49
SUB01138,ACC01138,PLN_GROWTH,2023-07-03,2024-05-19,cancelled,16,199
SUB01139,ACC01139,PLN_GROWTH,2023-07-03,2025-04-16,cancelled,18,199
SUB01140,ACC01140,PLN_STARTER,2023-07-03,2024-06-18,cancelled,4,49
SUB01141,ACC01141,PLN_SCALE,2023-07-03,2023-11-12,cancelled,99,799
SUB01142,ACC01142,PLN_GROWTH,2023-07-03,2024-03-02,cancelled,13,199
SUB01143,ACC01143,PLN_SCALE,2023-07-03,2023-09-14,cancelled,63,799
SUB01144,ACC01144,PLN_STARTER,2023-07-04,2025-07-22,cancelled,3,49
SUB01145,ACC01145,PLN_SCALE,2023-07-04,2023-09-22,cancelled,84,799
SUB01146,ACC01146,PLN_SCALE,2023-07-04,,active,114,799
SUB01147,ACC01147,PLN_SCALE,2023-07-04,2024-01-03,cancelled,77,799
SUB01148,ACC01148,PLN_SCALE,2023-07-04,2024-08-20,cancelled,101,799
SUB01149,ACC01149,PLN_GROWTH,2023-07-05,,active,18,199
SUB01150,ACC01150,PLN_GROWTH,2023-07-05,2023-10-18,cancelled,15,199
SUB01151,ACC01151,PLN_GROWTH,2023-07-05,2024-12-16,cancelled,18,199
SUB01152,ACC01152,PLN_GROWTH,2023-07-05,2024-01-04,cancelled,19,199
SUB01153,ACC01153,PLN_GROWTH,2023-07-05,2024-09-21,cancelled,18,199
SUB01154,ACC01154,PLN_SCALE,2023-07-06,2024-01-24,cancelled,61,799
SUB01155,ACC01155,PLN_STARTER,2023-07-06,2024-07-28,cancelled,5,49
SUB01156,ACC01156,PLN_STARTER,2023-07-06,2023-10-04,cancelled,3,49
SUB01157,ACC01157,PLN_SCALE,2023-07-06,2023-12-27,cancelled,115,799
SUB01158,ACC01158,PLN_GROWTH,2023-07-06,2024-07-08,cancelled,21,199
SUB01159,ACC01159,PLN_STARTER,2023-07-06,2025-11-14,cancelled,4,49
SUB01160,ACC01160,PLN_STARTER,2023-07-07,2023-08-20,cancelled,4,49
SUB01161,ACC01161,PLN_GROWTH,2023-07-07,2023-09-08,cancelled,12,199
SUB01162,ACC01162,PLN_GROWTH,2023-07-07,2023-09-15,cancelled,18,199
SUB01163,ACC01163,PLN_STARTER,2023-07-07,2023-11-18,cancelled,4,49
SUB01164,ACC01164,PLN_GROWTH,2023-07-07,2023-10-15,cancelled,18,199
SUB01165,ACC01165,PLN_SCALE,2023-07-08,2023-11-16,cancelled,84,799
SUB01166,ACC01166,PLN_ENTERPRISE,2023-07-08,2023-10-04,cancelled,431,2499
SUB01167,ACC01167,PLN_GROWTH,2023-07-08,2024-04-21,cancelled,18,199
SUB01168,ACC01168,PLN_SCALE,2023-07-08,2024-06-26,cancelled,84,799
SUB01169,ACC01169,PLN_SCALE,2023-07-08,2024-04-10,cancelled,61,799
SUB01170,ACC01170,PLN_SCALE,2023-07-08,2025-07-21,cancelled,95,799
SUB01171,ACC01171,PLN_GROWTH,2023-07-08,2023-09-02,cancelled,18,199
SUB01172,ACC01172,PLN_STARTER,2023-07-08,2024-10-10,cancelled,4,49
SUB01173,ACC01173,PLN_GROWTH,2023-07-08,2024-03-24,cancelled,17,199
SUB01174,ACC01174,PLN_STARTER,2023-07-09,2024-02-16,cancelled,5,49
SUB01175,ACC01175,PLN_ENTERPRISE,2023-07-09,2023-12-07,cancelled,477,2499
SUB01176,ACC01176,PLN_STARTER,2023-07-09,2023-11-01,cancelled,3,49
SUB01177,ACC01177,PLN_SCALE,2023-07-09,2025-03-27,cancelled,60,799
SUB01178,ACC01178,PLN_STARTER,2023-07-09,2023-10-09,cancelled,5,49
SUB01179,ACC01179,PLN_STARTER,2023-07-09,2023-11-26,cancelled,4,49
SUB01180,ACC01180,PLN_STARTER,2023-07-09,2023-08-25,cancelled,6,49
SUB01181,ACC01181,PLN_ENTERPRISE,2023-07-09,2024-04-11,cancelled,497,2499
SUB01182,ACC01182,PLN_STARTER,2023-07-09,2024-04-04,cancelled,5,49
SUB01183,ACC01183,PLN_SCALE,2023-07-09,2025-01-21,cancelled,110,799
SUB01184,ACC01184,PLN_STARTER,2023-07-09,2024-04-26,cancelled,5,49
SUB01185,ACC01185,PLN_GROWTH,2023-07-10,2024-07-23,cancelled,19,199
SUB01186,ACC01186,PLN_STARTER,2023-07-10,2023-10-09,cancelled,5,49
SUB01187,ACC01187,PLN_STARTER,2023-07-10,2024-04-15,cancelled,4,49
SUB01188,ACC01188,PLN_SCALE,2023-07-10,2024-02-06,cancelled,106,799
SUB01189,ACC01189,PLN_STARTER,2023-07-10,2023-08-13,cancelled,4,49
SUB01190,ACC01190,PLN_GROWTH,2023-07-10,2024-04-24,cancelled,14,199
SUB01191,ACC01191,PLN_ENTERPRISE,2023-07-10,2023-08-19,cancelled,552,2499
SUB01192,ACC01192,PLN_STARTER,2023-07-11,2023-12-26,cancelled,4,49
SUB01193,ACC01193,PLN_ENTERPRISE,2023-07-11,2025-05-22,cancelled,490,2499
SUB01194,ACC01194,PLN_STARTER,2023-07-11,2024-07-19,cancelled,6,49
SUB01195,ACC01195,PLN_SCALE,2023-07-11,2024-08-10,cancelled,65,799
SUB01196,ACC01196,PLN_STARTER,2023-07-11,2023-10-01,cancelled,4,49
SUB01197,ACC01197,PLN_SCALE,2023-07-11,2024-05-01,cancelled,65,799
SUB01198,ACC01198,PLN_STARTER,2023-07-11,2023-08-11,cancelled,3,49
SUB01199,ACC01199,PLN_STARTER,2023-07-11,2024-11-24,cancelled,4,49
SUB01200,ACC01200,PLN_STARTER,2023-07-11,2024-02-20,cancelled,3,49
SUB01201,ACC01201,PLN_STARTER,2023-07-11,2023-10-14,cancelled,4,49
SUB01202,ACC01202,PLN_STARTER,2023-07-12,2024-06-24,cancelled,3,49
SUB01203,ACC01203,PLN_STARTER,2023-07-12,2024-02-23,cancelled,5,49
SUB01204,ACC01204,PLN_STARTER,2023-07-12,2024-01-23,cancelled,5,49
SUB01205,ACC01205,PLN_STARTER,2023-07-12,2023-08-01,cancelled,4,49
SUB01206,ACC01206,PLN_SCALE,2023-07-13,2023-09-10,cancelled,66,799
SUB01207,ACC01207,PLN_SCALE,2023-07-13,2025-02-13,cancelled,91,799
SUB01208,ACC01208,PLN_STARTER,2023-07-13,2024-03-18,cancelled,5,49
SUB01209,ACC01209,PLN_SCALE,2023-07-13,2023-12-08,cancelled,108,799
SUB01210,ACC01210,PLN_GROWTH,2023-07-13,2024-07-14,cancelled,20,199
SUB01211,ACC01211,PLN_SCALE,2023-07-13,2023-11-20,cancelled,105,799
SUB01212,ACC01212,PLN_SCALE,2023-07-13,2023-10-20,cancelled,97,799
SUB01213,ACC01213,PLN_STARTER,2023-07-13,2024-05-28,cancelled,4,49
SUB01214,ACC01214,PLN_STARTER,2023-07-13,2024-04-11,cancelled,6,49
SUB01215,ACC01215,PLN_STARTER,2023-07-14,2024-02-24,cancelled,4,49
SUB01216,ACC01216,PLN_ENTERPRISE,2023-07-14,2023-12-26,cancelled,402,2499
SUB01217,ACC01217,PLN_SCALE,2023-07-14,2023-09-25,cancelled,79,799
SUB01218,ACC01218,PLN_STARTER,2023-07-14,2023-10-28,cancelled,3,49
SUB01219,ACC01219,PLN_GROWTH,2023-07-14,2025-10-08,cancelled,18,199
SUB01220,ACC01220,PLN_GROWTH,2023-07-14,2024-03-12,cancelled,13,199
SUB01221,ACC01221,PLN_STARTER,2023-07-14,2024-03-27,cancelled,5,49
SUB01222,ACC01222,PLN_ENTERPRISE,2023-07-14,2024-07-28,cancelled,365,2499
SUB01223,ACC01223,PLN_SCALE,2023-07-14,2024-02-15,cancelled,77,799
SUB01224,ACC01224,PLN_SCALE,2023-07-14,2023-10-26,cancelled,78,799
SUB01225,ACC01225,PLN_STARTER,2023-07-15,2023-08-08,cancelled,4,49
SUB01226,ACC01226,PLN_SCALE,2023-07-15,2024-06-10,cancelled,107,799
SUB01227,ACC01227,PLN_SCALE,2023-07-15,2024-04-25,cancelled,87,799
SUB01228,ACC01228,PLN_STARTER,2023-07-15,2024-01-24,cancelled,4,49
SUB01229,ACC01229,PLN_GROWTH,2023-07-15,2024-04-26,cancelled,22,199
SUB01230,ACC01230,PLN_ENTERPRISE,2023-07-15,2024-12-02,cancelled,358,2499
SUB01231,ACC01231,PLN_GROWTH,2023-07-15,2024-11-04,cancelled,16,199
SUB01232,ACC01232,PLN_STARTER,2023-07-16,2024-08-06,cancelled,5,49
SUB01233,ACC01233,PLN_SCALE,2023-07-16,2025-09-20,cancelled,72,799
SUB01234,ACC01234,PLN_SCALE,2023-07-16,2023-09-04,cancelled,61,799
SUB01235,ACC01235,PLN_GROWTH,2023-07-16,2023-10-18,cancelled,22,199
SUB01236,ACC01236,PLN_STARTER,2023-07-16,2024-02-01,cancelled,3,49
SUB01237,ACC01237,PLN_GROWTH,2023-07-16,2024-05-01,cancelled,20,199
SUB01238,ACC01238,PLN_ENTERPRISE,2023-07-16,2025-04-03,cancelled,386,2499
SUB01239,ACC01239,PLN_GROWTH,2023-07-17,2025-08-22,cancelled,22,199
SUB01240,ACC01240,PLN_STARTER,2023-07-17,2024-04-13,cancelled,5,49
SUB01241,ACC01241,PLN_SCALE,2023-07-17,2023-11-24,cancelled,101,799
SUB01242,ACC01242,PLN_SCALE,2023-07-17,2023-12-27,cancelled,69,799
SUB01243,ACC01243,PLN_ENTERPRISE,2023-07-17,2023-10-24,cancelled,520,2499
SUB01244,ACC01244,PLN_GROWTH,2023-07-17,2024-11-20,cancelled,18,199
SUB01245,ACC01245,PLN_GROWTH,2023-07-18,2024-11-23,cancelled,16,199
SUB01246,ACC01246,PLN_SCALE,2023-07-18,2024-02-27,cancelled,62,799
SUB01247,ACC01247,PLN_GROWTH,2023-07-18,2024-07-05,cancelled,19,199
SUB01248,ACC01248,PLN_SCALE,2023-07-18,2023-08-20,cancelled,78,799
SUB01249,ACC01249,PLN_SCALE,2023-07-18,2024-02-28,cancelled,76,799
SUB01250,ACC01250,PLN_STARTER,2023-07-18,2024-10-15,cancelled,5,49
SUB01251,ACC01251,PLN_GROWTH,2023-07-19,2023-08-19,cancelled,13,199
SUB01252,ACC01252,PLN_ENTERPRISE,2023-07-19,2025-08-23,cancelled,542,2499
SUB01253,ACC01253,PLN_STARTER,2023-07-19,2023-09-05,cancelled,4,49
SUB01254,ACC01254,PLN_GROWTH,2023-07-20,2023-09-17,cancelled,17,199
SUB01255,ACC01255,PLN_STARTER,2023-07-20,2023-10-02,cancelled,4,49
SUB01256,ACC01256,PLN_GROWTH,2023-07-20,2023-12-23,cancelled,19,199
SUB01257,ACC01257,PLN_STARTER,2023-07-20,2024-01-02,cancelled,3,49
SUB01258,ACC01258,PLN_STARTER,2023-07-20,2023-10-24,cancelled,3,49
SUB01259,ACC01259,PLN_GROWTH,2023-07-20,2024-01-06,cancelled,23,199
SUB01260,ACC01260,PLN_SCALE,2023-07-20,2025-05-14,cancelled,90,799
SUB01261,ACC01261,PLN_ENTERPRISE,2023-07-20,2025-05-21,cancelled,363,2499
SUB01262,ACC01262,PLN_GROWTH,2023-07-20,2024-09-14,cancelled,15,199
SUB01263,ACC01263,PLN_ENTERPRISE,2023-07-20,2023-08-27,cancelled,438,2499
SUB01264,ACC01264,PLN_STARTER,2023-07-20,2025-04-03,cancelled,4,49
SUB01265,ACC01265,PLN_GROWTH,2023-07-20,2024-11-11,cancelled,17,199
SUB01266,ACC01266,PLN_ENTERPRISE,2023-07-20,2024-06-04,cancelled,538,2499
SUB01267,ACC01267,PLN_STARTER,2023-07-20,2024-11-17,cancelled,5,49
SUB01268,ACC01268,PLN_GROWTH,2023-07-21,2023-10-15,cancelled,19,199
SUB01269,ACC01269,PLN_ENTERPRISE,2023-07-21,2024-03-21,cancelled,412,2499
SUB01270,ACC01270,PLN_STARTER,2023-07-21,2023-10-08,cancelled,5,49
SUB01271,ACC01271,PLN_STARTER,2023-07-21,2024-03-02,cancelled,4,49
SUB01272,ACC01272,PLN_SCALE,2023-07-21,2025-01-22,cancelled,70,799
SUB01273,ACC01273,PLN_GROWTH,2023-07-22,2023-08-27,cancelled,14,199
SUB01274,ACC01274,PLN_STARTER,2023-07-22,2023-11-23,cancelled,5,49
SUB01275,ACC01275,PLN_SCALE,2023-07-22,2024-10-10,cancelled,104,799
SUB01276,ACC01276,PLN_SCALE,2023-07-22,2024-09-07,cancelled,87,799
SUB01277,ACC01277,PLN_ENTERPRISE,2023-07-22,2024-05-01,cancelled,480,2499
SUB01278,ACC01278,PLN_STARTER,2023-07-22,2024-10-21,cancelled,3,49
SUB01279,ACC01279,PLN_ENTERPRISE,2023-07-22,2023-09-12,cancelled,493,2499
SUB01280,ACC01280,PLN_GROWTH,2023-07-22,2023-12-02,cancelled,23,199
SUB01281,ACC01281,PLN_SCALE,2023-07-22,2024-04-18,cancelled,67,799
SUB01282,ACC01282,PLN_STARTER,2023-07-22,2023-09-20,cancelled,4,49
SUB01283,ACC01283,PLN_STARTER,2023-07-22,2023-09-14,cancelled,3,49
SUB01284,ACC01284,PLN_STARTER,2023-07-23,2024-01-21,cancelled,3,49
SUB01285,ACC01285,PLN_SCALE,2023-07-23,2023-12-04,cancelled,103,799
SUB01286,ACC01286,PLN_GROWTH,2023-07-23,2023-09-26,cancelled,17,199
SUB01287,ACC01287,PLN_GROWTH,2023-07-23,2025-12-15,cancelled,17,199
SUB01288,ACC01288,PLN_GROWTH,2023-07-23,2025-02-11,cancelled,17,199
SUB01289,ACC01289,PLN_SCALE,2023-07-23,2024-04-18,cancelled,64,799
SUB01290,ACC01290,PLN_SCALE,2023-07-23,,active,114,799
SUB01291,ACC01291,PLN_STARTER,2023-07-23,2025-12-27,cancelled,5,49
SUB01292,ACC01292,PLN_SCALE,2023-07-23,2025-09-26,cancelled,104,799
SUB01293,ACC01293,PLN_STARTER,2023-07-24,2025-02-10,cancelled,5,49
SUB01294,ACC01294,PLN_GROWTH,2023-07-24,2025-07-20,cancelled,22,199
SUB01295,ACC01295,PLN_STARTER,2023-07-24,2024-01-18,cancelled,4,49
SUB01296,ACC01296,PLN_STARTER,2023-07-24,,active,5,49
SUB01297,ACC01297,PLN_STARTER,2023-07-24,2024-02-16,cancelled,6,49
SUB01298,ACC01298,PLN_SCALE,2023-07-24,2023-09-06,cancelled,75,799
SUB01299,ACC01299,PLN_GROWTH,2023-07-24,2024-01-25,cancelled,16,199
SUB01300,ACC01300,PLN_GROWTH,2023-07-25,2024-03-20,cancelled,15,199
SUB01301,ACC01301,PLN_GROWTH,2023-07-25,2023-10-16,cancelled,19,199
SUB01302,ACC01302,PLN_GROWTH,2023-07-25,2023-10-21,cancelled,14,199
SUB01303,ACC01303,PLN_GROWTH,2023-07-25,2023-11-27,cancelled,18,199
SUB01304,ACC01304,PLN_STARTER,2023-07-25,2023-08-28,cancelled,5,49
SUB01305,ACC01305,PLN_SCALE,2023-07-25,2023-11-15,cancelled,82,799
SUB01306,ACC01306,PLN_GROWTH,2023-07-26,2024-03-17,cancelled,13,199
SUB01307,ACC01307,PLN_STARTER,2023-07-26,2023-09-05,cancelled,4,49
SUB01308,ACC01308,PLN_STARTER,2023-07-27,2023-12-15,cancelled,3,49
SUB01309,ACC01309,PLN_GROWTH,2023-07-27,2025-05-18,cancelled,14,199
SUB01310,ACC01310,PLN_SCALE,2023-07-27,2023-09-20,cancelled,90,799
SUB01311,ACC01311,PLN_STARTER,2023-07-27,2023-11-16,cancelled,5,49
SUB01312,ACC01312,PLN_STARTER,2023-07-27,2023-11-09,cancelled,4,49
SUB01313,ACC01313,PLN_SCALE,2023-07-27,2023-10-08,cancelled,85,799
SUB01314,ACC01314,PLN_ENTERPRISE,2023-07-27,2024-03-02,cancelled,493,2499
SUB01315,ACC01315,PLN_GROWTH,2023-07-27,2023-11-21,cancelled,15,199
SUB01316,ACC01316,PLN_GROWTH,2023-07-27,2024-08-17,cancelled,13,199
SUB01317,ACC01317,PLN_SCALE,2023-07-27,2024-02-08,cancelled,69,799
SUB01318,ACC01318,PLN_STARTER,2023-07-28,2024-08-16,cancelled,3,49
SUB01319,ACC01319,PLN_STARTER,2023-07-28,2024-06-13,cancelled,6,49
SUB01320,ACC01320,PLN_STARTER,2023-07-28,2023-10-03,cancelled,3,49
SUB01321,ACC01321,PLN_GROWTH,2023-07-28,2023-11-12,cancelled,20,199
SUB01322,ACC01322,PLN_GROWTH,2023-07-28,2023-10-14,cancelled,13,199
SUB01323,ACC01323,PLN_STARTER,2023-07-28,2023-10-27,cancelled,4,49
SUB01324,ACC01324,PLN_STARTER,2023-07-28,2024-12-04,cancelled,4,49
SUB01325,ACC01325,PLN_ENTERPRISE,2023-07-28,2025-07-08,cancelled,364,2499
SUB01326,ACC01326,PLN_STARTER,2023-07-28,2024-07-21,cancelled,4,49
SUB01327,ACC01327,PLN_SCALE,2023-07-28,2024-11-22,cancelled,88,799
SUB01328,ACC01328,PLN_SCALE,2023-07-29,2023-11-16,cancelled,75,799
SUB01329,ACC01329,PLN_SCALE,2023-07-29,2024-10-09,cancelled,79,799
SUB01330,ACC01330,PLN_SCALE,2023-07-29,2023-08-14,cancelled,95,799
SUB01331,ACC01331,PLN_STARTER,2023-07-29,2023-09-02,cancelled,5,49
SUB01332,ACC01332,PLN_STARTER,2023-07-29,2024-10-23,cancelled,4,49
SUB01333,ACC01333,PLN_STARTER,2023-07-29,2024-03-24,cancelled,6,49
SUB01334,ACC01334,PLN_SCALE,2023-07-29,2025-05-27,cancelled,72,799
SUB01335,ACC01335,PLN_GROWTH,2023-07-29,2023-09-19,cancelled,22,199
SUB01336,ACC01336,PLN_SCALE,2023-07-29,2024-04-07,cancelled,79,799
SUB01337,ACC01337,PLN_STARTER,2023-07-30,2023-09-19,cancelled,5,49
SUB01338,ACC01338,PLN_SCALE,2023-07-30,2024-02-21,cancelled,77,799
SUB01339,ACC01339,PLN_SCALE,2023-07-30,2023-10-17,cancelled,75,799
SUB01340,ACC01340,PLN_GROWTH,2023-07-30,,active,17,199
SUB01341,ACC01341,PLN_STARTER,2023-07-30,2024-12-24,cancelled,5,49
SUB01342,ACC01342,PLN_STARTER,2023-07-30,2024-06-09,cancelled,4,49
SUB01343,ACC01343,PLN_STARTER,2023-07-30,2024-03-27,cancelled,5,49
SUB01344,ACC01344,PLN_STARTER,2023-07-30,2023-10-12,cancelled,4,49
SUB01345,ACC01345,PLN_SCALE,2023-07-30,2023-11-07,cancelled,78,799
SUB01346,ACC01346,PLN_GROWTH,2023-07-30,2023-12-26,cancelled,17,199
SUB01347,ACC01347,PLN_STARTER,2023-07-30,2024-04-14,cancelled,3,49
SUB01348,ACC01348,PLN_GROWTH,2023-07-31,2025-02-07,cancelled,15,199
SUB01349,ACC01349,PLN_STARTER,2023-07-31,2023-08-26,cancelled,5,49
SUB01350,ACC01350,PLN_STARTER,2023-07-31,2023-08-11,cancelled,4,49
SUB01351,ACC01351,PLN_SCALE,2023-07-31,2024-12-08,cancelled,85,799
SUB01352,ACC01352,PLN_SCALE,2023-07-31,2024-02-08,cancelled,81,799
SUB01353,ACC01353,PLN_STARTER,2023-07-31,2024-03-23,cancelled,5,49
SUB01354,ACC01354,PLN_GROWTH,2023-07-31,2025-03-12,cancelled,22,199
SUB01355,ACC01355,PLN_STARTER,2023-07-31,2023-10-14,cancelled,5,49
SUB01356,ACC01356,PLN_STARTER,2023-07-31,2023-10-21,cancelled,3,49
SUB01357,ACC01357,PLN_STARTER,2023-07-31,2023-09-24,cancelled,5,49
SUB01358,ACC01358,PLN_STARTER,2023-08-01,2023-11-19,cancelled,5,49
SUB01359,ACC01359,PLN_GROWTH,2023-08-01,2023-09-14,cancelled,23,199
SUB01360,ACC01360,PLN_SCALE,2023-08-01,2024-01-23,cancelled,94,799
SUB01361,ACC01361,PLN_SCALE,2023-08-01,2024-02-09,cancelled,73,799
SUB01362,ACC01362,PLN_STARTER,2023-08-01,2024-05-06,cancelled,4,49
SUB01363,ACC01363,PLN_STARTER,2023-08-01,2023-10-19,cancelled,5,49
SUB01364,ACC01364,PLN_STARTER,2023-08-01,2023-09-03,cancelled,3,49
SUB01365,ACC01365,PLN_STARTER,2023-08-02,2025-09-28,cancelled,5,49
SUB01366,ACC01366,PLN_ENTERPRISE,2023-08-02,2024-07-25,cancelled,436,2499
SUB01367,ACC01367,PLN_SCALE,2023-08-02,2025-05-25,cancelled,78,799
SUB01368,ACC01368,PLN_STARTER,2023-08-02,2025-03-03,cancelled,4,49
SUB01369,ACC01369,PLN_SCALE,2023-08-02,2024-10-18,cancelled,70,799
SUB01370,ACC01370,PLN_GROWTH,2023-08-03,2023-09-06,cancelled,22,199
SUB01371,ACC01371,PLN_GROWTH,2023-08-03,2024-06-11,cancelled,13,199
SUB01372,ACC01372,PLN_SCALE,2023-08-03,2023-11-28,cancelled,86,799
SUB01373,ACC01373,PLN_SCALE,2023-08-03,2024-08-17,cancelled,71,799
SUB01374,ACC01374,PLN_GROWTH,2023-08-03,2024-11-17,cancelled,18,199
SUB01375,ACC01375,PLN_SCALE,2023-08-03,,active,93,799
SUB01376,ACC01376,PLN_GROWTH,2023-08-04,2025-08-21,cancelled,15,199
SUB01377,ACC01377,PLN_GROWTH,2023-08-04,2024-02-28,cancelled,21,199
SUB01378,ACC01378,PLN_SCALE,2023-08-04,2025-08-14,cancelled,77,799
SUB01379,ACC01379,PLN_GROWTH,2023-08-04,2023-10-11,cancelled,20,199
SUB01380,ACC01380,PLN_STARTER,2023-08-04,2024-03-12,cancelled,5,49
SUB01381,ACC01381,PLN_GROWTH,2023-08-05,2024-09-23,cancelled,13,199
SUB01382,ACC01382,PLN_GROWTH,2023-08-05,2024-01-23,cancelled,14,199
SUB01383,ACC01383,PLN_SCALE,2023-08-05,2024-06-19,cancelled,69,799
SUB01384,ACC01384,PLN_SCALE,2023-08-05,2023-12-02,cancelled,95,799
SUB01385,ACC01385,PLN_STARTER,2023-08-05,2024-11-09,cancelled,3,49
SUB01386,ACC01386,PLN_ENTERPRISE,2023-08-05,2024-08-04,cancelled,332,2499
SUB01387,ACC01387,PLN_STARTER,2023-08-05,2023-10-25,cancelled,4,49
SUB01388,ACC01388,PLN_STARTER,2023-08-05,2023-10-28,cancelled,6,49
SUB01389,ACC01389,PLN_GROWTH,2023-08-06,2023-11-04,cancelled,13,199
SUB01390,ACC01390,PLN_STARTER,2023-08-06,2023-11-28,cancelled,4,49
SUB01391,ACC01391,PLN_SCALE,2023-08-06,2025-12-17,cancelled,98,799
SUB01392,ACC01392,PLN_STARTER,2023-08-06,2025-11-23,cancelled,4,49
SUB01393,ACC01393,PLN_GROWTH,2023-08-06,2024-02-04,cancelled,14,199
SUB01394,ACC01394,PLN_ENTERPRISE,2023-08-06,2024-07-15,cancelled,406,2499
SUB01395,ACC01395,PLN_SCALE,2023-08-06,2023-10-07,cancelled,69,799
SUB01396,ACC01396,PLN_GROWTH,2023-08-06,2025-02-27,cancelled,19,199
SUB01397,ACC01397,PLN_STARTER,2023-08-06,2023-12-22,cancelled,5,49
SUB01398,ACC01398,PLN_ENTERPRISE,2023-08-06,2024-03-10,cancelled,380,2499
SUB01399,ACC01399,PLN_ENTERPRISE,2023-08-06,2024-01-22,cancelled,431,2499
SUB01400,ACC01400,PLN_GROWTH,2023-08-07,,active,22,199
SUB01401,ACC01401,PLN_SCALE,2023-08-07,2024-03-20,cancelled,112,799
SUB01402,ACC01402,PLN_SCALE,2023-08-07,2024-06-13,cancelled,83,799
SUB01403,ACC01403,PLN_STARTER,2023-08-07,2024-08-01,cancelled,5,49
SUB01404,ACC01404,PLN_STARTER,2023-08-07,2024-05-06,cancelled,4,49
SUB01405,ACC01405,PLN_GROWTH,2023-08-07,2024-05-28,cancelled,19,199
SUB01406,ACC01406,PLN_STARTER,2023-08-07,2024-07-10,cancelled,5,49
SUB01407,ACC01407,PLN_STARTER,2023-08-07,2024-03-03,cancelled,4,49
SUB01408,ACC01408,PLN_ENTERPRISE,2023-08-07,2025-10-06,cancelled,520,2499
SUB01409,ACC01409,PLN_GROWTH,2023-08-08,2023-10-02,cancelled,21,199
SUB01410,ACC01410,PLN_STARTER,2023-08-08,2025-01-20,cancelled,4,49
SUB01411,ACC01411,PLN_STARTER,2023-08-08,2024-12-07,cancelled,5,49
SUB01412,ACC01412,PLN_GROWTH,2023-08-08,2023-09-12,cancelled,14,199
SUB01413,ACC01413,PLN_ENTERPRISE,2023-08-08,,active,488,2499
SUB01414,ACC01414,PLN_STARTER,2023-08-08,2023-12-26,cancelled,3,49
SUB01415,ACC01415,PLN_STARTER,2023-08-08,2023-09-09,cancelled,5,49
SUB01416,ACC01416,PLN_GROWTH,2023-08-09,2023-10-12,cancelled,18,199
SUB01417,ACC01417,PLN_STARTER,2023-08-09,2023-11-18,cancelled,4,49
SUB01418,ACC01418,PLN_STARTER,2023-08-09,2023-09-22,cancelled,6,49
SUB01419,ACC01419,PLN_GROWTH,2023-08-09,2024-02-04,cancelled,20,199
SUB01420,ACC01420,PLN_STARTER,2023-08-09,2023-10-13,cancelled,4,49
SUB01421,ACC01421,PLN_GROWTH,2023-08-10,2023-12-05,cancelled,14,199
SUB01422,ACC01422,PLN_ENTERPRISE,2023-08-10,2024-10-25,cancelled,375,2499
SUB01423,ACC01423,PLN_STARTER,2023-08-10,2023-10-09,cancelled,4,49
SUB01424,ACC01424,PLN_GROWTH,2023-08-10,2024-06-08,cancelled,14,199
SUB01425,ACC01425,PLN_ENTERPRISE,2023-08-10,2023-12-21,cancelled,338,2499
SUB01426,ACC01426,PLN_GROWTH,2023-08-11,2024-07-07,cancelled,16,199
SUB01427,ACC01427,PLN_STARTER,2023-08-11,2023-12-05,cancelled,3,49
SUB01428,ACC01428,PLN_GROWTH,2023-08-11,,active,14,199
SUB01429,ACC01429,PLN_SCALE,2023-08-11,2025-03-19,cancelled,61,799
SUB01430,ACC01430,PLN_STARTER,2023-08-11,2024-02-13,cancelled,3,49
SUB01431,ACC01431,PLN_GROWTH,2023-08-11,2025-04-01,cancelled,17,199
SUB01432,ACC01432,PLN_ENTERPRISE,2023-08-11,2024-08-12,cancelled,510,2499
SUB01433,ACC01433,PLN_GROWTH,2023-08-11,2024-03-23,cancelled,22,199
SUB01434,ACC01434,PLN_STARTER,2023-08-11,2025-01-28,cancelled,4,49
SUB01435,ACC01435,PLN_SCALE,2023-08-11,2023-12-24,cancelled,90,799
SUB01436,ACC01436,PLN_STARTER,2023-08-12,2024-01-02,cancelled,3,49
SUB01437,ACC01437,PLN_STARTER,2023-08-12,2023-09-24,cancelled,5,49
SUB01438,ACC01438,PLN_SCALE,2023-08-12,2024-02-05,cancelled,101,799
SUB01439,ACC01439,PLN_SCALE,2023-08-12,2024-05-27,cancelled,83,799
SUB01440,ACC01440,PLN_STARTER,2023-08-12,2023-12-22,cancelled,6,49
SUB01441,ACC01441,PLN_SCALE,2023-08-13,2024-05-10,cancelled,66,799
SUB01442,ACC01442,PLN_STARTER,2023-08-13,2023-10-16,cancelled,4,49
SUB01443,ACC01443,PLN_SCALE,2023-08-13,2024-01-27,cancelled,61,799
SUB01444,ACC01444,PLN_SCALE,2023-08-13,2024-02-12,cancelled,70,799
SUB01445,ACC01445,PLN_STARTER,2023-08-13,2023-10-23,cancelled,5,49
SUB01446,ACC01446,PLN_ENTERPRISE,2023-08-13,2024-09-24,cancelled,408,2499
SUB01447,ACC01447,PLN_STARTER,2023-08-13,2023-12-19,cancelled,4,49
SUB01448,ACC01448,PLN_GROWTH,2023-08-14,2024-07-12,cancelled,22,199
SUB01449,ACC01449,PLN_GROWTH,2023-08-14,2024-07-28,cancelled,17,199
SUB01450,ACC01450,PLN_ENTERPRISE,2023-08-14,2024-12-17,cancelled,414,2499
SUB01451,ACC01451,PLN_STARTER,2023-08-14,2023-09-20,cancelled,4,49
SUB01452,ACC01452,PLN_GROWTH,2023-08-14,2023-09-21,cancelled,13,199
SUB01453,ACC01453,PLN_STARTER,2023-08-14,2023-11-03,cancelled,5,49
SUB01454,ACC01454,PLN_SCALE,2023-08-14,,active,66,799
SUB01455,ACC01455,PLN_SCALE,2023-08-14,2024-02-02,cancelled,114,799
SUB01456,ACC01456,PLN_GROWTH,2023-08-14,2023-09-16,cancelled,16,199
SUB01457,ACC01457,PLN_ENTERPRISE,2023-08-14,2024-01-06,cancelled,334,2499
SUB01458,ACC01458,PLN_GROWTH,2023-08-14,2024-07-15,cancelled,23,199
SUB01459,ACC01459,PLN_GROWTH,2023-08-14,2024-06-02,cancelled,17,199
SUB01460,ACC01460,PLN_STARTER,2023-08-15,2023-09-17,cancelled,4,49
SUB01461,ACC01461,PLN_SCALE,2023-08-15,2023-10-01,cancelled,97,799
SUB01462,ACC01462,PLN_STARTER,2023-08-15,2025-03-03,cancelled,4,49
SUB01463,ACC01463,PLN_SCALE,2023-08-15,2024-02-25,cancelled,68,799
SUB01464,ACC01464,PLN_SCALE,2023-08-15,2024-08-28,cancelled,103,799
SUB01465,ACC01465,PLN_STARTER,2023-08-15,2023-10-06,cancelled,6,49
SUB01466,ACC01466,PLN_STARTER,2023-08-15,2024-05-20,cancelled,5,49
SUB01467,ACC01467,PLN_SCALE,2023-08-15,2023-11-21,cancelled,66,799
SUB01468,ACC01468,PLN_STARTER,2023-08-15,2024-01-05,cancelled,4,49
SUB01469,ACC01469,PLN_STARTER,2023-08-16,2023-11-20,cancelled,5,49
SUB01470,ACC01470,PLN_GROWTH,2023-08-16,2023-11-19,cancelled,13,199
SUB01471,ACC01471,PLN_STARTER,2023-08-16,2024-05-15,cancelled,5,49
SUB01472,ACC01472,PLN_STARTER,2023-08-17,2023-09-19,cancelled,6,49
SUB01473,ACC01473,PLN_STARTER,2023-08-17,2025-04-17,cancelled,4,49
SUB01474,ACC01474,PLN_SCALE,2023-08-17,2024-11-22,cancelled,64,799
SUB01475,ACC01475,PLN_SCALE,2023-08-17,2024-01-03,cancelled,61,799
SUB01476,ACC01476,PLN_SCALE,2023-08-17,2023-10-01,cancelled,92,799
SUB01477,ACC01477,PLN_GROWTH,2023-08-17,2024-08-19,cancelled,16,199
SUB01478,ACC01478,PLN_GROWTH,2023-08-17,2024-02-20,cancelled,13,199
SUB01479,ACC01479,PLN_STARTER,2023-08-18,2024-06-02,cancelled,5,49
SUB01480,ACC01480,PLN_STARTER,2023-08-18,2024-03-04,cancelled,3,49
SUB01481,ACC01481,PLN_ENTERPRISE,2023-08-18,2024-12-28,cancelled,545,2499
SUB01482,ACC01482,PLN_ENTERPRISE,2023-08-18,,active,372,2499
SUB01483,ACC01483,PLN_ENTERPRISE,2023-08-18,2025-03-03,cancelled,322,2499
SUB01484,ACC01484,PLN_GROWTH,2023-08-18,2024-06-27,cancelled,17,199
SUB01485,ACC01485,PLN_STARTER,2023-08-18,2023-09-23,cancelled,5,49
SUB01486,ACC01486,PLN_GROWTH,2023-08-19,,active,19,199
SUB01487,ACC01487,PLN_SCALE,2023-08-19,2023-09-16,cancelled,84,799
SUB01488,ACC01488,PLN_ENTERPRISE,2023-08-19,2025-08-14,cancelled,427,2499
SUB01489,ACC01489,PLN_SCALE,2023-08-19,2024-07-18,cancelled,108,799
SUB01490,ACC01490,PLN_GROWTH,2023-08-19,2025-08-27,cancelled,15,199
SUB01491,ACC01491,PLN_STARTER,2023-08-19,2024-01-09,cancelled,4,49
SUB01492,ACC01492,PLN_STARTER,2023-08-19,2023-11-11,cancelled,5,49
SUB01493,ACC01493,PLN_STARTER,2023-08-20,2025-08-08,cancelled,5,49
SUB01494,ACC01494,PLN_STARTER,2023-08-20,2023-11-14,cancelled,3,49
SUB01495,ACC01495,PLN_GROWTH,2023-08-20,2025-04-03,cancelled,21,199
SUB01496,ACC01496,PLN_GROWTH,2023-08-20,2024-01-01,cancelled,14,199
SUB01497,ACC01497,PLN_STARTER,2023-08-20,2025-03-09,cancelled,5,49
SUB01498,ACC01498,PLN_STARTER,2023-08-20,2024-08-16,cancelled,4,49
SUB01499,ACC01499,PLN_SCALE,2023-08-20,2023-09-20,cancelled,71,799
SUB01500,ACC01500,PLN_GROWTH,2023-08-20,2023-12-12,cancelled,22,199
SUB01501,ACC01501,PLN_GROWTH,2023-08-21,2024-08-10,cancelled,16,199
SUB01502,ACC01502,PLN_SCALE,2023-08-21,2025-04-09,cancelled,60,799
SUB01503,ACC01503,PLN_STARTER,2023-08-21,2023-11-23,cancelled,3,49
SUB01504,ACC01504,PLN_STARTER,2023-08-21,2024-04-15,cancelled,4,49
SUB01505,ACC01505,PLN_STARTER,2023-08-21,2025-11-04,cancelled,4,49
SUB01506,ACC01506,PLN_SCALE,2023-08-21,2024-03-03,cancelled,64,799
SUB01507,ACC01507,PLN_GROWTH,2023-08-22,2025-03-21,cancelled,14,199
SUB01508,ACC01508,PLN_STARTER,2023-08-22,2024-02-23,cancelled,5,49
SUB01509,ACC01509,PLN_SCALE,2023-08-22,2023-12-28,cancelled,93,799
SUB01510,ACC01510,PLN_STARTER,2023-08-22,2024-04-05,cancelled,4,49
SUB01511,ACC01511,PLN_SCALE,2023-08-22,2024-03-04,cancelled,90,799
SUB01512,ACC01512,PLN_STARTER,2023-08-22,2024-05-10,cancelled,5,49
SUB01513,ACC01513,PLN_STARTER,2023-08-22,2023-10-12,cancelled,5,49
SUB01514,ACC01514,PLN_GROWTH,2023-08-22,2025-08-03,cancelled,13,199
SUB01515,ACC01515,PLN_ENTERPRISE,2023-08-22,2024-06-01,cancelled,352,2499
SUB01516,ACC01516,PLN_ENTERPRISE,2023-08-23,2024-03-18,cancelled,544,2499
SUB01517,ACC01517,PLN_GROWTH,2023-08-23,2024-01-03,cancelled,21,199
SUB01518,ACC01518,PLN_GROWTH,2023-08-23,2023-10-23,cancelled,18,199
SUB01519,ACC01519,PLN_SCALE,2023-08-23,2024-05-25,cancelled,86,799
SUB01520,ACC01520,PLN_SCALE,2023-08-23,2023-09-23,cancelled,101,799
SUB01521,ACC01521,PLN_STARTER,2023-08-23,2024-04-24,cancelled,4,49
SUB01522,ACC01522,PLN_GROWTH,2023-08-23,2023-12-04,cancelled,20,199
SUB01523,ACC01523,PLN_STARTER,2023-08-23,2024-05-25,cancelled,5,49
SUB01524,ACC01524,PLN_GROWTH,2023-08-23,2024-01-24,cancelled,18,199
SUB01525,ACC01525,PLN_STARTER,2023-08-24,2024-07-18,cancelled,3,49
SUB01526,ACC01526,PLN_SCALE,2023-08-24,2024-04-03,cancelled,69,799
SUB01527,ACC01527,PLN_SCALE,2023-08-24,2023-11-17,cancelled,103,799
SUB01528,ACC01528,PLN_GROWTH,2023-08-24,2024-06-15,cancelled,16,199
SUB01529,ACC01529,PLN_ENTERPRISE,2023-08-24,2023-10-27,cancelled,454,2499
SUB01530,ACC01530,PLN_SCALE,2023-08-24,2023-11-18,cancelled,85,799
SUB01531,ACC01531,PLN_SCALE,2023-08-24,2023-10-08,cancelled,61,799
SUB01532,ACC01532,PLN_GROWTH,2023-08-24,2023-09-24,cancelled,19,199
SUB01533,ACC01533,PLN_STARTER,2023-08-25,2023-10-15,cancelled,5,49
SUB01534,ACC01534,PLN_GROWTH,2023-08-25,2023-10-22,cancelled,14,199
SUB01535,ACC01535,PLN_SCALE,2023-08-25,2024-03-12,cancelled,67,799
SUB01536,ACC01536,PLN_STARTER,2023-08-26,2024-12-14,cancelled,4,49
SUB01537,ACC01537,PLN_ENTERPRISE,2023-08-26,2024-10-19,cancelled,495,2499
SUB01538,ACC01538,PLN_STARTER,2023-08-26,2023-09-04,cancelled,5,49
SUB01539,ACC01539,PLN_STARTER,2023-08-26,2023-10-21,cancelled,3,49
SUB01540,ACC01540,PLN_SCALE,2023-08-26,,active,92,799
SUB01541,ACC01541,PLN_SCALE,2023-08-27,2024-04-24,cancelled,101,799
SUB01542,ACC01542,PLN_SCALE,2023-08-27,2024-04-06,cancelled,80,799
SUB01543,ACC01543,PLN_STARTER,2023-08-27,2024-08-16,cancelled,4,49
SUB01544,ACC01544,PLN_GROWTH,2023-08-28,,active,22,199
SUB01545,ACC01545,PLN_GROWTH,2023-08-28,,active,18,199
SUB01546,ACC01546,PLN_STARTER,2023-08-28,2023-10-15,cancelled,4,49
SUB01547,ACC01547,PLN_SCALE,2023-08-28,2024-06-01,cancelled,94,799
SUB01548,ACC01548,PLN_GROWTH,2023-08-28,2023-11-08,cancelled,18,199
SUB01549,ACC01549,PLN_STARTER,2023-08-28,2023-11-11,cancelled,6,49
SUB01550,ACC01550,PLN_STARTER,2023-08-28,2023-11-12,cancelled,4,49
SUB01551,ACC01551,PLN_ENTERPRISE,2023-08-28,2024-06-04,cancelled,389,2499
SUB01552,ACC01552,PLN_STARTER,2023-08-28,2024-01-24,cancelled,4,49
SUB01553,ACC01553,PLN_GROWTH,2023-08-28,2024-03-21,cancelled,21,199
SUB01554,ACC01554,PLN_SCALE,2023-08-28,2025-01-17,cancelled,90,799
SUB01555,ACC01555,PLN_STARTER,2023-08-29,2024-05-25,cancelled,3,49
SUB01556,ACC01556,PLN_STARTER,2023-08-29,2024-01-02,cancelled,6,49
SUB01557,ACC01557,PLN_STARTER,2023-08-29,2024-04-12,cancelled,3,49
SUB01558,ACC01558,PLN_STARTER,2023-08-29,2024-07-19,cancelled,5,49
SUB01559,ACC01559,PLN_STARTER,2023-08-29,2024-01-21,cancelled,4,49
SUB01560,ACC01560,PLN_STARTER,2023-08-29,2023-10-02,cancelled,5,49
SUB01561,ACC01561,PLN_ENTERPRISE,2023-08-29,2025-03-22,cancelled,305,2499
SUB01562,ACC01562,PLN_STARTER,2023-08-29,2024-01-23,cancelled,5,49
SUB01563,ACC01563,PLN_SCALE,2023-08-30,2025-02-11,cancelled,74,799
SUB01564,ACC01564,PLN_SCALE,2023-08-30,,active,74,799
SUB01565,ACC01565,PLN_SCALE,2023-08-30,,active,68,799
SUB01566,ACC01566,PLN_ENTERPRISE,2023-08-31,2024-09-05,cancelled,500,2499
SUB01567,ACC01567,PLN_STARTER,2023-08-31,2024-01-09,cancelled,4,49
SUB01568,ACC01568,PLN_GROWTH,2023-08-31,2024-03-04,cancelled,12,199
SUB01569,ACC01569,PLN_GROWTH,2023-08-31,2024-03-06,cancelled,21,199
SUB01570,ACC01570,PLN_STARTER,2023-08-31,2024-09-02,cancelled,3,49
SUB01571,ACC01571,PLN_SCALE,2023-09-01,2025-01-27,cancelled,109,799
SUB01572,ACC01572,PLN_STARTER,2023-09-01,2025-02-26,cancelled,4,49
SUB01573,ACC01573,PLN_STARTER,2023-09-01,2023-10-17,cancelled,5,49
SUB01574,ACC01574,PLN_STARTER,2023-09-01,2025-10-21,cancelled,6,49
SUB01575,ACC01575,PLN_STARTER,2023-09-01,2024-08-13,cancelled,4,49
SUB01576,ACC01576,PLN_STARTER,2023-09-02,2024-01-22,cancelled,3,49
SUB01577,ACC01577,PLN_STARTER,2023-09-02,2024-01-24,cancelled,4,49
SUB01578,ACC01578,PLN_SCALE,2023-09-02,2024-06-27,cancelled,74,799
SUB01579,ACC01579,PLN_STARTER,2023-09-02,2023-10-28,cancelled,3,49
SUB01580,ACC01580,PLN_SCALE,2023-09-02,2024-12-13,cancelled,103,799
SUB01581,ACC01581,PLN_SCALE,2023-09-02,2024-10-01,cancelled,75,799
SUB01582,ACC01582,PLN_ENTERPRISE,2023-09-02,,active,482,2499
SUB01583,ACC01583,PLN_STARTER,2023-09-02,2024-04-12,cancelled,6,49
SUB01584,ACC01584,PLN_STARTER,2023-09-03,2024-02-14,cancelled,3,49
SUB01585,ACC01585,PLN_GROWTH,2023-09-03,2023-10-27,cancelled,19,199
SUB01586,ACC01586,PLN_GROWTH,2023-09-03,2024-06-10,cancelled,19,199
SUB01587,ACC01587,PLN_STARTER,2023-09-03,2024-09-10,cancelled,6,49
SUB01588,ACC01588,PLN_STARTER,2023-09-03,2025-09-20,cancelled,6,49
SUB01589,ACC01589,PLN_ENTERPRISE,2023-09-03,2024-02-13,cancelled,541,2499
SUB01590,ACC01590,PLN_STARTER,2023-09-04,2024-10-10,cancelled,4,49
SUB01591,ACC01591,PLN_SCALE,2023-09-04,2025-11-10,cancelled,108,799
SUB01592,ACC01592,PLN_GROWTH,2023-09-04,2024-01-23,cancelled,21,199
SUB01593,ACC01593,PLN_STARTER,2023-09-04,2024-04-22,cancelled,4,49
SUB01594,ACC01594,PLN_STARTER,2023-09-04,,active,5,49
SUB01595,ACC01595,PLN_SCALE,2023-09-04,2023-10-26,cancelled,87,799
SUB01596,ACC01596,PLN_STARTER,2023-09-04,2024-02-08,cancelled,5,49
SUB01597,ACC01597,PLN_GROWTH,2023-09-04,2024-10-28,cancelled,16,199
SUB01598,ACC01598,PLN_STARTER,2023-09-04,2024-09-21,cancelled,4,49
SUB01599,ACC01599,PLN_STARTER,2023-09-05,2023-11-22,cancelled,4,49
SUB01600,ACC01600,PLN_GROWTH,2023-09-05,2024-02-25,cancelled,16,199
SUB01601,ACC01601,PLN_GROWTH,2023-09-05,2024-08-08,cancelled,23,199
SUB01602,ACC01602,PLN_GROWTH,2023-09-05,2024-06-24,cancelled,16,199
SUB01603,ACC01603,PLN_SCALE,2023-09-05,2023-12-16,cancelled,85,799
SUB01604,ACC01604,PLN_STARTER,2023-09-05,2024-05-20,cancelled,6,49
SUB01605,ACC01605,PLN_SCALE,2023-09-05,2023-11-14,cancelled,103,799
SUB01606,ACC01606,PLN_GROWTH,2023-09-05,2024-09-18,cancelled,18,199
SUB01607,ACC01607,PLN_STARTER,2023-09-05,2024-10-04,cancelled,5,49
SUB01608,ACC01608,PLN_STARTER,2023-09-05,2023-12-07,cancelled,4,49
SUB01609,ACC01609,PLN_GROWTH,2023-09-05,2024-04-25,cancelled,21,199
SUB01610,ACC01610,PLN_STARTER,2023-09-06,2023-12-27,cancelled,3,49
SUB01611,ACC01611,PLN_GROWTH,2023-09-06,2025-09-04,cancelled,19,199
SUB01612,ACC01612,PLN_STARTER,2023-09-06,2024-05-06,cancelled,4,49
SUB01613,ACC01613,PLN_ENTERPRISE,2023-09-06,2023-12-05,cancelled,518,2499
SUB01614,ACC01614,PLN_GROWTH,2023-09-06,2024-06-12,cancelled,16,199
SUB01615,ACC01615,PLN_GROWTH,2023-09-06,2023-10-17,cancelled,13,199
SUB01616,ACC01616,PLN_ENTERPRISE,2023-09-06,2025-08-04,cancelled,341,2499
SUB01617,ACC01617,PLN_STARTER,2023-09-07,2025-07-28,cancelled,5,49
SUB01618,ACC01618,PLN_GROWTH,2023-09-07,2025-08-20,cancelled,18,199
SUB01619,ACC01619,PLN_SCALE,2023-09-07,2024-06-15,cancelled,68,799
SUB01620,ACC01620,PLN_ENTERPRISE,2023-09-08,2024-07-05,cancelled,517,2499
SUB01621,ACC01621,PLN_STARTER,2023-09-08,2024-11-03,cancelled,5,49
SUB01622,ACC01622,PLN_ENTERPRISE,2023-09-08,2024-08-20,cancelled,314,2499
SUB01623,ACC01623,PLN_STARTER,2023-09-08,2023-10-17,cancelled,3,49
SUB01624,ACC01624,PLN_SCALE,2023-09-08,2024-04-13,cancelled,69,799
SUB01625,ACC01625,PLN_SCALE,2023-09-08,2024-01-27,cancelled,84,799
SUB01626,ACC01626,PLN_STARTER,2023-09-08,2024-07-06,cancelled,5,49
SUB01627,ACC01627,PLN_STARTER,2023-09-08,2023-12-03,cancelled,4,49
SUB01628,ACC01628,PLN_STARTER,2023-09-08,,active,4,49
SUB01629,ACC01629,PLN_SCALE,2023-09-08,2024-05-19,cancelled,87,799
SUB01630,ACC01630,PLN_STARTER,2023-09-09,2024-07-04,cancelled,6,49
SUB01631,ACC01631,PLN_SCALE,2023-09-09,2025-10-10,cancelled,71,799
SUB01632,ACC01632,PLN_GROWTH,2023-09-09,2023-10-21,cancelled,15,199
SUB01633,ACC01633,PLN_ENTERPRISE,2023-09-10,2024-01-24,cancelled,434,2499
SUB01634,ACC01634,PLN_STARTER,2023-09-10,2024-12-09,cancelled,6,49
SUB01635,ACC01635,PLN_STARTER,2023-09-10,2023-11-15,cancelled,3,49
SUB01636,ACC01636,PLN_SCALE,2023-09-10,2024-06-28,cancelled,102,799
SUB01637,ACC01637,PLN_GROWTH,2023-09-10,2024-05-10,cancelled,15,199
SUB01638,ACC01638,PLN_GROWTH,2023-09-10,2023-11-26,cancelled,20,199
SUB01639,ACC01639,PLN_STARTER,2023-09-10,2024-02-16,cancelled,3,49
SUB01640,ACC01640,PLN_GROWTH,2023-09-10,2023-11-02,cancelled,19,199
SUB01641,ACC01641,PLN_STARTER,2023-09-10,2024-08-26,cancelled,4,49
SUB01642,ACC01642,PLN_SCALE,2023-09-11,2025-10-15,cancelled,99,799
SUB01643,ACC01643,PLN_GROWTH,2023-09-11,2023-12-13,cancelled,16,199
SUB01644,ACC01644,PLN_STARTER,2023-09-11,2024-04-17,cancelled,5,49
SUB01645,ACC01645,PLN_GROWTH,2023-09-11,2025-02-13,cancelled,22,199
SUB01646,ACC01646,PLN_STARTER,2023-09-11,2024-09-06,cancelled,5,49
SUB01647,ACC01647,PLN_SCALE,2023-09-11,,active,68,799
SUB01648,ACC01648,PLN_SCALE,2023-09-11,2025-09-11,cancelled,66,799
SUB01649,ACC01649,PLN_STARTER,2023-09-11,2023-11-22,cancelled,5,49
SUB01650,ACC01650,PLN_SCALE,2023-09-11,2023-12-12,cancelled,103,799
SUB01651,ACC01651,PLN_STARTER,2023-09-11,2024-01-20,cancelled,5,49
SUB01652,ACC01652,PLN_STARTER,2023-09-12,2024-02-11,cancelled,4,49
SUB01653,ACC01653,PLN_GROWTH,2023-09-12,2024-02-12,cancelled,20,199
SUB01654,ACC01654,PLN_STARTER,2023-09-12,2023-10-18,cancelled,4,49
SUB01655,ACC01655,PLN_GROWTH,2023-09-12,2025-09-09,cancelled,23,199
SUB01656,ACC01656,PLN_STARTER,2023-09-12,2023-10-26,cancelled,5,49
SUB01657,ACC01657,PLN_STARTER,2023-09-12,2024-06-28,cancelled,5,49
SUB01658,ACC01658,PLN_SCALE,2023-09-12,2024-04-15,cancelled,68,799
SUB01659,ACC01659,PLN_GROWTH,2023-09-12,2023-11-18,cancelled,22,199
SUB01660,ACC01660,PLN_STARTER,2023-09-12,2024-01-12,cancelled,4,49
SUB01661,ACC01661,PLN_GROWTH,2023-09-13,2024-04-23,cancelled,14,199
SUB01662,ACC01662,PLN_STARTER,2023-09-13,2024-05-18,cancelled,6,49
SUB01663,ACC01663,PLN_SCALE,2023-09-13,2025-05-14,cancelled,76,799
SUB01664,ACC01664,PLN_GROWTH,2023-09-13,2025-03-15,cancelled,18,199
SUB01665,ACC01665,PLN_STARTER,2023-09-13,2023-10-22,cancelled,5,49
SUB01666,ACC01666,PLN_SCALE,2023-09-13,2024-05-08,cancelled,64,799
SUB01667,ACC01667,PLN_STARTER,2023-09-13,2024-02-06,cancelled,4,49
SUB01668,ACC01668,PLN_STARTER,2023-09-13,2023-10-19,cancelled,4,49
SUB01669,ACC01669,PLN_GROWTH,2023-09-13,2023-11-21,cancelled,13,199
SUB01670,ACC01670,PLN_STARTER,2023-09-14,2024-04-21,cancelled,5,49
SUB01671,ACC01671,PLN_STARTER,2023-09-14,2023-12-10,cancelled,5,49
SUB01672,ACC01672,PLN_ENTERPRISE,2023-09-14,2025-01-02,cancelled,402,2499
SUB01673,ACC01673,PLN_STARTER,2023-09-14,2024-10-17,cancelled,4,49
SUB01674,ACC01674,PLN_ENTERPRISE,2023-09-14,2024-10-16,cancelled,574,2499
SUB01675,ACC01675,PLN_SCALE,2023-09-14,2024-07-18,cancelled,73,799
SUB01676,ACC01676,PLN_SCALE,2023-09-15,2025-01-08,cancelled,70,799
SUB01677,ACC01677,PLN_ENTERPRISE,2023-09-15,2025-02-22,cancelled,459,2499
SUB01678,ACC01678,PLN_SCALE,2023-09-15,2024-05-22,cancelled,112,799
SUB01679,ACC01679,PLN_ENTERPRISE,2023-09-15,2024-06-25,cancelled,319,2499
SUB01680,ACC01680,PLN_GROWTH,2023-09-15,2024-12-09,cancelled,16,199
SUB01681,ACC01681,PLN_GROWTH,2023-09-15,2024-11-28,cancelled,17,199
SUB01682,ACC01682,PLN_SCALE,2023-09-15,2023-12-03,cancelled,99,799
SUB01683,ACC01683,PLN_ENTERPRISE,2023-09-15,2024-05-21,cancelled,340,2499
SUB01684,ACC01684,PLN_STARTER,2023-09-16,2024-12-03,cancelled,5,49
SUB01685,ACC01685,PLN_GROWTH,2023-09-16,2024-08-15,cancelled,23,199
SUB01686,ACC01686,PLN_GROWTH,2023-09-16,2023-11-17,cancelled,20,199
SUB01687,ACC01687,PLN_ENTERPRISE,2023-09-16,2024-03-09,cancelled,304,2499
SUB01688,ACC01688,PLN_GROWTH,2023-09-16,,active,20,199
SUB01689,ACC01689,PLN_GROWTH,2023-09-17,2024-02-12,cancelled,22,199
SUB01690,ACC01690,PLN_ENTERPRISE,2023-09-17,2023-10-28,cancelled,495,2499
SUB01691,ACC01691,PLN_STARTER,2023-09-17,2024-03-19,cancelled,5,49
SUB01692,ACC01692,PLN_GROWTH,2023-09-17,2025-03-23,cancelled,21,199
SUB01693,ACC01693,PLN_SCALE,2023-09-17,,active,112,799
SUB01694,ACC01694,PLN_STARTER,2023-09-17,2024-12-15,cancelled,4,49
SUB01695,ACC01695,PLN_STARTER,2023-09-17,2025-01-04,cancelled,3,49
SUB01696,ACC01696,PLN_GROWTH,2023-09-17,2024-01-04,cancelled,14,199
SUB01697,ACC01697,PLN_ENTERPRISE,2023-09-18,2023-11-11,cancelled,528,2499
SUB01698,ACC01698,PLN_ENTERPRISE,2023-09-18,,active,373,2499
SUB01699,ACC01699,PLN_GROWTH,2023-09-18,,active,14,199
SUB01700,ACC01700,PLN_GROWTH,2023-09-18,2024-02-24,cancelled,18,199
SUB01701,ACC01701,PLN_GROWTH,2023-09-19,2023-12-11,cancelled,17,199
SUB01702,ACC01702,PLN_GROWTH,2023-09-19,2024-11-11,cancelled,18,199
SUB01703,ACC01703,PLN_STARTER,2023-09-19,2024-01-13,cancelled,5,49
SUB01704,ACC01704,PLN_SCALE,2023-09-20,2025-06-23,cancelled,112,799
SUB01705,ACC01705,PLN_STARTER,2023-09-20,2024-04-24,cancelled,5,49
SUB01706,ACC01706,PLN_STARTER,2023-09-20,2024-08-26,cancelled,5,49
SUB01707,ACC01707,PLN_STARTER,2023-09-20,2025-02-17,cancelled,6,49
SUB01708,ACC01708,PLN_STARTER,2023-09-20,2024-02-02,cancelled,4,49
SUB01709,ACC01709,PLN_GROWTH,2023-09-20,2025-09-26,cancelled,18,199
SUB01710,ACC01710,PLN_SCALE,2023-09-21,2024-08-19,cancelled,81,799
SUB01711,ACC01711,PLN_SCALE,2023-09-21,2023-12-08,cancelled,61,799
SUB01712,ACC01712,PLN_GROWTH,2023-09-21,2024-11-07,cancelled,13,199
SUB01713,ACC01713,PLN_STARTER,2023-09-21,2024-01-24,cancelled,5,49
SUB01714,ACC01714,PLN_STARTER,2023-09-21,2025-09-27,cancelled,6,49
SUB01715,ACC01715,PLN_ENTERPRISE,2023-09-21,2025-01-20,cancelled,567,2499
SUB01716,ACC01716,PLN_SCALE,2023-09-21,2024-06-16,cancelled,63,799
SUB01717,ACC01717,PLN_SCALE,2023-09-21,2023-12-28,cancelled,96,799
SUB01718,ACC01718,PLN_SCALE,2023-09-21,2024-10-11,cancelled,91,799
SUB01719,ACC01719,PLN_GROWTH,2023-09-22,,active,15,199
SUB01720,ACC01720,PLN_STARTER,2023-09-22,2025-12-20,cancelled,4,49
SUB01721,ACC01721,PLN_GROWTH,2023-09-22,,active,14,199
SUB01722,ACC01722,PLN_SCALE,2023-09-22,2025-04-20,cancelled,99,799
SUB01723,ACC01723,PLN_GROWTH,2023-09-22,2025-03-19,cancelled,16,199
SUB01724,ACC01724,PLN_STARTER,2023-09-23,2024-06-28,cancelled,3,49
SUB01725,ACC01725,PLN_STARTER,2023-09-23,2023-12-28,cancelled,3,49
SUB01726,ACC01726,PLN_SCALE,2023-09-23,2024-02-14,cancelled,63,799
SUB01727,ACC01727,PLN_STARTER,2023-09-23,2023-10-21,cancelled,4,49
SUB01728,ACC01728,PLN_STARTER,2023-09-23,2023-11-25,cancelled,5,49
SUB01729,ACC01729,PLN_ENTERPRISE,2023-09-24,,active,448,2499
SUB01730,ACC01730,PLN_STARTER,2023-09-24,2025-11-14,cancelled,4,49
SUB01731,ACC01731,PLN_STARTER,2023-09-24,2024-08-01,cancelled,4,49
SUB01732,ACC01732,PLN_STARTER,2023-09-25,2024-01-27,cancelled,5,49
SUB01733,ACC01733,PLN_STARTER,2023-09-25,2024-07-19,cancelled,4,49
SUB01734,ACC01734,PLN_GROWTH,2023-09-25,2024-02-08,cancelled,18,199
SUB01735,ACC01735,PLN_GROWTH,2023-09-25,2024-01-23,cancelled,21,199
SUB01736,ACC01736,PLN_STARTER,2023-09-25,2024-04-08,cancelled,4,49
SUB01737,ACC01737,PLN_STARTER,2023-09-25,2023-12-27,cancelled,5,49
SUB01738,ACC01738,PLN_STARTER,2023-09-26,2025-03-28,cancelled,4,49
SUB01739,ACC01739,PLN_STARTER,2023-09-26,2023-10-15,cancelled,5,49
SUB01740,ACC01740,PLN_STARTER,2023-09-26,2024-11-17,cancelled,6,49
SUB01741,ACC01741,PLN_STARTER,2023-09-26,2024-02-18,cancelled,4,49
SUB01742,ACC01742,PLN_GROWTH,2023-09-26,2024-08-09,cancelled,21,199
SUB01743,ACC01743,PLN_GROWTH,2023-09-26,2023-12-01,cancelled,22,199
SUB01744,ACC01744,PLN_SCALE,2023-09-26,2025-09-21,cancelled,106,799
SUB01745,ACC01745,PLN_GROWTH,2023-09-27,,active,20,199
SUB01746,ACC01746,PLN_GROWTH,2023-09-27,2025-09-20,cancelled,15,199
SUB01747,ACC01747,PLN_SCALE,2023-09-28,2023-12-22,cancelled,83,799
SUB01748,ACC01748,PLN_ENTERPRISE,2023-09-28,2024-02-03,cancelled,415,2499
SUB01749,ACC01749,PLN_GROWTH,2023-09-28,2025-02-04,cancelled,20,199
SUB01750,ACC01750,PLN_SCALE,2023-09-29,2023-12-05,cancelled,97,799
SUB01751,ACC01751,PLN_SCALE,2023-09-29,2024-05-25,cancelled,108,799
SUB01752,ACC01752,PLN_GROWTH,2023-09-29,2025-03-27,cancelled,14,199
SUB01753,ACC01753,PLN_ENTERPRISE,2023-09-29,2023-11-12,cancelled,449,2499
SUB01754,ACC01754,PLN_ENTERPRISE,2023-09-29,2024-02-28,cancelled,378,2499
SUB01755,ACC01755,PLN_STARTER,2023-09-29,2025-11-10,cancelled,3,49
SUB01756,ACC01756,PLN_STARTER,2023-09-30,2023-11-20,cancelled,5,49
SUB01757,ACC01757,PLN_STARTER,2023-09-30,2023-11-25,cancelled,5,49
SUB01758,ACC01758,PLN_STARTER,2023-09-30,2023-11-07,cancelled,6,49
SUB01759,ACC01759,PLN_STARTER,2023-09-30,2024-05-19,cancelled,6,49
SUB01760,ACC01760,PLN_GROWTH,2023-10-01,2024-11-22,cancelled,21,199
SUB01761,ACC01761,PLN_STARTER,2023-10-01,2023-11-11,cancelled,4,49
SUB01762,ACC01762,PLN_STARTER,2023-10-01,2025-02-07,cancelled,5,49
SUB01763,ACC01763,PLN_SCALE,2023-10-01,2024-03-09,cancelled,96,799
SUB01764,ACC01764,PLN_SCALE,2023-10-01,2025-01-21,cancelled,70,799
SUB01765,ACC01765,PLN_STARTER,2023-10-02,2025-05-10,cancelled,5,49
SUB01766,ACC01766,PLN_STARTER,2023-10-02,,active,3,49
SUB01767,ACC01767,PLN_GROWTH,2023-10-02,2025-07-07,cancelled,18,199
SUB01768,ACC01768,PLN_SCALE,2023-10-03,2024-05-14,cancelled,77,799
SUB01769,ACC01769,PLN_STARTER,2023-10-03,2024-05-10,cancelled,4,49
SUB01770,ACC01770,PLN_STARTER,2023-10-03,2023-11-01,cancelled,4,49
SUB01771,ACC01771,PLN_GROWTH,2023-10-03,2024-07-28,cancelled,15,199
SUB01772,ACC01772,PLN_STARTER,2023-10-03,2024-04-13,cancelled,5,49
SUB01773,ACC01773,PLN_STARTER,2023-10-03,2023-12-25,cancelled,3,49
SUB01774,ACC01774,PLN_ENTERPRISE,2023-10-03,2025-04-25,cancelled,313,2499
SUB01775,ACC01775,PLN_STARTER,2023-10-04,2025-03-07,cancelled,4,49
SUB01776,ACC01776,PLN_STARTER,2023-10-04,2025-03-20,cancelled,4,49
SUB01777,ACC01777,PLN_GROWTH,2023-10-04,2024-07-08,cancelled,18,199
SUB01778,ACC01778,PLN_SCALE,2023-10-04,2024-02-18,cancelled,70,799
SUB01779,ACC01779,PLN_STARTER,2023-10-04,2024-07-04,cancelled,5,49
SUB01780,ACC01780,PLN_GROWTH,2023-10-04,2023-11-05,cancelled,23,199
SUB01781,ACC01781,PLN_STARTER,2023-10-04,2024-03-21,cancelled,4,49
SUB01782,ACC01782,PLN_SCALE,2023-10-04,2024-12-03,cancelled,81,799
SUB01783,ACC01783,PLN_STARTER,2023-10-05,2025-05-08,cancelled,5,49
SUB01784,ACC01784,PLN_SCALE,2023-10-05,2024-12-04,cancelled,63,799
SUB01785,ACC01785,PLN_STARTER,2023-10-05,2024-09-13,cancelled,4,49
SUB01786,ACC01786,PLN_SCALE,2023-10-05,,active,97,799
SUB01787,ACC01787,PLN_STARTER,2023-10-05,2024-05-13,cancelled,5,49
SUB01788,ACC01788,PLN_SCALE,2023-10-05,2025-07-13,cancelled,106,799
SUB01789,ACC01789,PLN_ENTERPRISE,2023-10-05,2023-11-02,cancelled,484,2499
SUB01790,ACC01790,PLN_STARTER,2023-10-05,2023-11-16,cancelled,4,49
SUB01791,ACC01791,PLN_SCALE,2023-10-05,2023-12-16,cancelled,77,799
SUB01792,ACC01792,PLN_GROWTH,2023-10-05,2024-03-25,cancelled,14,199
SUB01793,ACC01793,PLN_STARTER,2023-10-05,2024-09-08,cancelled,5,49
SUB01794,ACC01794,PLN_SCALE,2023-10-05,2024-01-17,cancelled,63,799
SUB01795,ACC01795,PLN_STARTER,2023-10-05,2024-11-15,cancelled,4,49
SUB01796,ACC01796,PLN_GROWTH,2023-10-05,2024-07-20,cancelled,14,199
SUB01797,ACC01797,PLN_STARTER,2023-10-06,2024-02-24,cancelled,4,49
SUB01798,ACC01798,PLN_GROWTH,2023-10-07,2024-08-04,cancelled,12,199
SUB01799,ACC01799,PLN_STARTER,2023-10-07,2025-04-06,cancelled,5,49
SUB01800,ACC01800,PLN_GROWTH,2023-10-07,2024-07-21,cancelled,13,199
SUB01801,ACC01801,PLN_SCALE,2023-10-07,2024-04-14,cancelled,68,799
SUB01802,ACC01802,PLN_STARTER,2023-10-07,,active,4,49
SUB01803,ACC01803,PLN_SCALE,2023-10-08,2025-01-16,cancelled,98,799
SUB01804,ACC01804,PLN_GROWTH,2023-10-08,2023-12-15,cancelled,15,199
SUB01805,ACC01805,PLN_STARTER,2023-10-08,2024-06-13,cancelled,4,49
SUB01806,ACC01806,PLN_STARTER,2023-10-08,,active,6,49
SUB01807,ACC01807,PLN_GROWTH,2023-10-08,2024-04-12,cancelled,18,199
SUB01808,ACC01808,PLN_GROWTH,2023-10-08,2025-03-26,cancelled,18,199
SUB01809,ACC01809,PLN_STARTER,2023-10-08,2024-10-18,cancelled,6,49
SUB01810,ACC01810,PLN_STARTER,2023-10-08,2024-01-16,cancelled,5,49
SUB01811,ACC01811,PLN_STARTER,2023-10-09,2024-05-08,cancelled,4,49
SUB01812,ACC01812,PLN_SCALE,2023-10-09,2024-04-14,cancelled,99,799
SUB01813,ACC01813,PLN_GROWTH,2023-10-09,2024-11-22,cancelled,22,199
SUB01814,ACC01814,PLN_STARTER,2023-10-09,2024-03-05,cancelled,4,49
SUB01815,ACC01815,PLN_STARTER,2023-10-09,2024-04-02,cancelled,6,49
SUB01816,ACC01816,PLN_STARTER,2023-10-10,2024-02-28,cancelled,5,49
SUB01817,ACC01817,PLN_GROWTH,2023-10-10,2024-01-02,cancelled,22,199
SUB01818,ACC01818,PLN_SCALE,2023-10-10,2024-04-11,cancelled,99,799
SUB01819,ACC01819,PLN_STARTER,2023-10-10,2024-09-21,cancelled,4,49
SUB01820,ACC01820,PLN_SCALE,2023-10-10,2023-11-02,cancelled,68,799
SUB01821,ACC01821,PLN_STARTER,2023-10-10,2024-11-02,cancelled,5,49
SUB01822,ACC01822,PLN_SCALE,2023-10-10,,active,69,799
SUB01823,ACC01823,PLN_SCALE,2023-10-10,2024-04-22,cancelled,97,799
SUB01824,ACC01824,PLN_GROWTH,2023-10-10,,active,14,199
SUB01825,ACC01825,PLN_SCALE,2023-10-11,2024-01-04,cancelled,61,799
SUB01826,ACC01826,PLN_STARTER,2023-10-11,2024-04-14,cancelled,4,49
SUB01827,ACC01827,PLN_STARTER,2023-10-11,2023-12-02,cancelled,4,49
SUB01828,ACC01828,PLN_SCALE,2023-10-11,2025-03-21,cancelled,81,799
SUB01829,ACC01829,PLN_ENTERPRISE,2023-10-11,2024-10-12,cancelled,373,2499
SUB01830,ACC01830,PLN_SCALE,2023-10-11,2024-01-08,cancelled,92,799
SUB01831,ACC01831,PLN_STARTER,2023-10-11,2024-10-23,cancelled,4,49
SUB01832,ACC01832,PLN_STARTER,2023-10-12,2024-08-21,cancelled,4,49
SUB01833,ACC01833,PLN_SCALE,2023-10-12,2024-04-03,cancelled,85,799
SUB01834,ACC01834,PLN_STARTER,2023-10-12,2024-08-26,cancelled,3,49
SUB01835,ACC01835,PLN_SCALE,2023-10-12,2024-05-01,cancelled,88,799
SUB01836,ACC01836,PLN_ENTERPRISE,2023-10-12,2025-07-09,cancelled,433,2499
SUB01837,ACC01837,PLN_ENTERPRISE,2023-10-13,,active,442,2499
SUB01838,ACC01838,PLN_SCALE,2023-10-13,2024-02-08,cancelled,93,799
SUB01839,ACC01839,PLN_STARTER,2023-10-13,2024-02-18,cancelled,6,49
SUB01840,ACC01840,PLN_STARTER,2023-10-13,2023-12-25,cancelled,3,49
SUB01841,ACC01841,PLN_STARTER,2023-10-13,2023-11-04,cancelled,4,49
SUB01842,ACC01842,PLN_STARTER,2023-10-13,2024-03-25,cancelled,3,49
SUB01843,ACC01843,PLN_STARTER,2023-10-13,2023-12-19,cancelled,3,49
SUB01844,ACC01844,PLN_STARTER,2023-10-14,2023-11-07,cancelled,5,49
SUB01845,ACC01845,PLN_SCALE,2023-10-14,2025-08-08,cancelled,110,799
SUB01846,ACC01846,PLN_STARTER,2023-10-14,2024-03-08,cancelled,3,49
SUB01847,ACC01847,PLN_STARTER,2023-10-14,2023-12-06,cancelled,4,49
SUB01848,ACC01848,PLN_STARTER,2023-10-14,2023-12-24,cancelled,5,49
SUB01849,ACC01849,PLN_GROWTH,2023-10-14,2023-11-16,cancelled,15,199
SUB01850,ACC01850,PLN_STARTER,2023-10-14,2024-01-27,cancelled,5,49
SUB01851,ACC01851,PLN_SCALE,2023-10-15,2024-01-16,cancelled,65,799
SUB01852,ACC01852,PLN_SCALE,2023-10-15,2024-02-17,cancelled,67,799
SUB01853,ACC01853,PLN_ENTERPRISE,2023-10-15,2024-04-27,cancelled,307,2499
SUB01854,ACC01854,PLN_STARTER,2023-10-15,2024-04-15,cancelled,5,49
SUB01855,ACC01855,PLN_STARTER,2023-10-15,2024-05-12,cancelled,3,49
SUB01856,ACC01856,PLN_SCALE,2023-10-15,2023-12-02,cancelled,80,799
SUB01857,ACC01857,PLN_STARTER,2023-10-16,2024-07-05,cancelled,5,49
SUB01858,ACC01858,PLN_STARTER,2023-10-16,2024-10-02,cancelled,4,49
SUB01859,ACC01859,PLN_STARTER,2023-10-16,2024-08-10,cancelled,5,49
SUB01860,ACC01860,PLN_STARTER,2023-10-16,2024-02-15,cancelled,5,49
SUB01861,ACC01861,PLN_STARTER,2023-10-16,2024-02-11,cancelled,4,49
SUB01862,ACC01862,PLN_SCALE,2023-10-17,2024-10-16,cancelled,101,799
SUB01863,ACC01863,PLN_ENTERPRISE,2023-10-17,2025-06-15,cancelled,438,2499
SUB01864,ACC01864,PLN_SCALE,2023-10-17,,active,95,799
SUB01865,ACC01865,PLN_SCALE,2023-10-17,2023-11-18,cancelled,85,799
SUB01866,ACC01866,PLN_SCALE,2023-10-17,,active,95,799
SUB01867,ACC01867,PLN_ENTERPRISE,2023-10-17,2024-06-06,cancelled,420,2499
SUB01868,ACC01868,PLN_GROWTH,2023-10-18,2025-04-01,cancelled,20,199
SUB01869,ACC01869,PLN_STARTER,2023-10-18,2025-07-12,cancelled,4,49
SUB01870,ACC01870,PLN_GROWTH,2023-10-18,2023-12-20,cancelled,14,199
SUB01871,ACC01871,PLN_SCALE,2023-10-18,2023-12-09,cancelled,83,799
SUB01872,ACC01872,PLN_GROWTH,2023-10-18,2024-04-23,cancelled,19,199
SUB01873,ACC01873,PLN_SCALE,2023-10-18,2024-01-20,cancelled,65,799
SUB01874,ACC01874,PLN_STARTER,2023-10-18,2025-09-10,cancelled,3,49
SUB01875,ACC01875,PLN_GROWTH,2023-10-18,2025-02-04,cancelled,21,199
SUB01876,ACC01876,PLN_STARTER,2023-10-18,2024-07-22,cancelled,5,49
SUB01877,ACC01877,PLN_ENTERPRISE,2023-10-19,2023-11-28,cancelled,448,2499
SUB01878,ACC01878,PLN_STARTER,2023-10-19,2024-09-19,cancelled,6,49
SUB01879,ACC01879,PLN_GROWTH,2023-10-19,2024-05-13,cancelled,19,199
SUB01880,ACC01880,PLN_STARTER,2023-10-20,2024-02-27,cancelled,6,49
SUB01881,ACC01881,PLN_GROWTH,2023-10-20,2023-11-13,cancelled,15,199
SUB01882,ACC01882,PLN_GROWTH,2023-10-20,2025-04-16,cancelled,18,199
SUB01883,ACC01883,PLN_GROWTH,2023-10-20,2024-03-07,cancelled,19,199
SUB01884,ACC01884,PLN_GROWTH,2023-10-20,2023-12-05,cancelled,21,199
SUB01885,ACC01885,PLN_GROWTH,2023-10-20,2024-02-06,cancelled,19,199
SUB01886,ACC01886,PLN_ENTERPRISE,2023-10-20,2023-11-19,cancelled,485,2499
SUB01887,ACC01887,PLN_SCALE,2023-10-20,2025-05-19,cancelled,72,799
SUB01888,ACC01888,PLN_ENTERPRISE,2023-10-20,2024-04-07,cancelled,458,2499
SUB01889,ACC01889,PLN_SCALE,2023-10-20,2024-02-22,cancelled,61,799
SUB01890,ACC01890,PLN_SCALE,2023-10-21,2023-12-21,cancelled,68,799
SUB01891,ACC01891,PLN_GROWTH,2023-10-21,2024-05-11,cancelled,19,199
SUB01892,ACC01892,PLN_GROWTH,2023-10-21,,active,19,199
SUB01893,ACC01893,PLN_STARTER,2023-10-21,2024-08-10,cancelled,5,49
SUB01894,ACC01894,PLN_STARTER,2023-10-21,2024-09-12,cancelled,5,49
SUB01895,ACC01895,PLN_GROWTH,2023-10-21,2024-04-20,cancelled,15,199
SUB01896,ACC01896,PLN_STARTER,2023-10-22,2024-02-25,cancelled,6,49
SUB01897,ACC01897,PLN_SCALE,2023-10-22,2025-05-17,cancelled,114,799
SUB01898,ACC01898,PLN_SCALE,2023-10-22,2024-11-03,cancelled,65,799
SUB01899,ACC01899,PLN_GROWTH,2023-10-22,2024-11-26,cancelled,23,199
SUB01900,ACC01900,PLN_GROWTH,2023-10-22,,active,16,199
SUB01901,ACC01901,PLN_STARTER,2023-10-23,2024-07-03,cancelled,4,49
SUB01902,ACC01902,PLN_STARTER,2023-10-23,2023-11-24,cancelled,5,49
SUB01903,ACC01903,PLN_SCALE,2023-10-23,,active,107,799
SUB01904,ACC01904,PLN_STARTER,2023-10-23,2024-05-01,cancelled,5,49
SUB01905,ACC01905,PLN_ENTERPRISE,2023-10-23,2024-06-25,cancelled,326,2499
SUB01906,ACC01906,PLN_GROWTH,2023-10-23,2023-11-09,cancelled,13,199
SUB01907,ACC01907,PLN_GROWTH,2023-10-23,2024-10-18,cancelled,12,199
SUB01908,ACC01908,PLN_ENTERPRISE,2023-10-23,2024-02-21,cancelled,355,2499
SUB01909,ACC01909,PLN_STARTER,2023-10-24,2025-03-26,cancelled,4,49
SUB01910,ACC01910,PLN_STARTER,2023-10-24,2024-02-17,cancelled,5,49
SUB01911,ACC01911,PLN_STARTER,2023-10-24,2023-11-03,cancelled,4,49
SUB01912,ACC01912,PLN_STARTER,2023-10-24,2024-10-02,cancelled,3,49
SUB01913,ACC01913,PLN_STARTER,2023-10-24,2024-10-19,cancelled,6,49
SUB01914,ACC01914,PLN_SCALE,2023-10-25,2023-11-01,cancelled,102,799
SUB01915,ACC01915,PLN_STARTER,2023-10-25,2024-04-23,cancelled,3,49
SUB01916,ACC01916,PLN_STARTER,2023-10-25,2024-02-13,cancelled,5,49
SUB01917,ACC01917,PLN_ENTERPRISE,2023-10-26,2024-01-25,cancelled,421,2499
SUB01918,ACC01918,PLN_GROWTH,2023-10-26,2024-01-13,cancelled,19,199
SUB01919,ACC01919,PLN_STARTER,2023-10-26,2024-02-03,cancelled,4,49
SUB01920,ACC01920,PLN_ENTERPRISE,2023-10-26,2024-10-08,cancelled,368,2499
SUB01921,ACC01921,PLN_ENTERPRISE,2023-10-26,2023-11-23,cancelled,380,2499
SUB01922,ACC01922,PLN_STARTER,2023-10-26,2023-12-13,cancelled,4,49
SUB01923,ACC01923,PLN_SCALE,2023-10-26,2024-02-09,cancelled,76,799
SUB01924,ACC01924,PLN_STARTER,2023-10-27,2024-11-19,cancelled,5,49
SUB01925,ACC01925,PLN_STARTER,2023-10-27,2024-03-22,cancelled,3,49
SUB01926,ACC01926,PLN_STARTER,2023-10-27,2023-12-22,cancelled,4,49
SUB01927,ACC01927,PLN_ENTERPRISE,2023-10-27,2023-12-08,cancelled,308,2499
SUB01928,ACC01928,PLN_GROWTH,2023-10-27,2024-04-09,cancelled,14,199
SUB01929,ACC01929,PLN_STARTER,2023-10-27,2024-01-06,cancelled,5,49
SUB01930,ACC01930,PLN_ENTERPRISE,2023-10-27,2024-05-26,cancelled,312,2499
SUB01931,ACC01931,PLN_STARTER,2023-10-27,2025-01-26,cancelled,6,49
SUB01932,ACC01932,PLN_STARTER,2023-10-27,2023-11-03,cancelled,6,49
SUB01933,ACC01933,PLN_ENTERPRISE,2023-10-27,2024-06-01,cancelled,571,2499
SUB01934,ACC01934,PLN_SCALE,2023-10-27,2024-01-06,cancelled,88,799
SUB01935,ACC01935,PLN_GROWTH,2023-10-27,,active,12,199
SUB01936,ACC01936,PLN_STARTER,2023-10-27,2024-09-07,cancelled,4,49
SUB01937,ACC01937,PLN_STARTER,2023-10-27,2023-12-12,cancelled,3,49
SUB01938,ACC01938,PLN_ENTERPRISE,2023-10-27,2025-06-08,cancelled,545,2499
SUB01939,ACC01939,PLN_STARTER,2023-10-27,2024-03-09,cancelled,6,49
SUB01940,ACC01940,PLN_STARTER,2023-10-28,2023-12-10,cancelled,5,49
SUB01941,ACC01941,PLN_GROWTH,2023-10-28,2023-12-28,cancelled,19,199
SUB01942,ACC01942,PLN_STARTER,2023-10-28,2024-03-07,cancelled,5,49
SUB01943,ACC01943,PLN_GROWTH,2023-10-28,2025-06-09,cancelled,13,199
SUB01944,ACC01944,PLN_STARTER,2023-10-28,2023-11-28,cancelled,4,49
SUB01945,ACC01945,PLN_GROWTH,2023-10-28,2024-01-13,cancelled,14,199
SUB01946,ACC01946,PLN_STARTER,2023-10-29,2023-12-09,cancelled,3,49
SUB01947,ACC01947,PLN_GROWTH,2023-10-29,2024-02-07,cancelled,20,199
SUB01948,ACC01948,PLN_STARTER,2023-10-29,2024-03-25,cancelled,6,49
SUB01949,ACC01949,PLN_ENTERPRISE,2023-10-29,2025-01-22,cancelled,550,2499
SUB01950,ACC01950,PLN_STARTER,2023-10-29,2025-07-12,cancelled,4,49
SUB01951,ACC01951,PLN_GROWTH,2023-10-30,2024-10-28,cancelled,19,199
SUB01952,ACC01952,PLN_SCALE,2023-10-30,2023-11-11,cancelled,62,799
SUB01953,ACC01953,PLN_STARTER,2023-10-30,2024-03-05,cancelled,4,49
SUB01954,ACC01954,PLN_SCALE,2023-10-30,2025-05-03,cancelled,101,799
SUB01955,ACC01955,PLN_GROWTH,2023-10-30,2024-01-04,cancelled,17,199
SUB01956,ACC01956,PLN_SCALE,2023-10-31,2024-05-25,cancelled,107,799
SUB01957,ACC01957,PLN_STARTER,2023-10-31,2024-08-26,cancelled,5,49
SUB01958,ACC01958,PLN_STARTER,2023-10-31,2024-02-22,cancelled,5,49
SUB01959,ACC01959,PLN_SCALE,2023-10-31,2024-01-08,cancelled,71,799
SUB01960,ACC01960,PLN_STARTER,2023-10-31,2024-08-09,cancelled,4,49
SUB01961,ACC01961,PLN_SCALE,2023-10-31,2024-01-15,cancelled,106,799
SUB01962,ACC01962,PLN_SCALE,2023-11-01,2025-05-27,cancelled,63,799
SUB01963,ACC01963,PLN_GROWTH,2023-11-01,2025-04-20,cancelled,20,199
SUB01964,ACC01964,PLN_STARTER,2023-11-01,2025-01-21,cancelled,3,49
SUB01965,ACC01965,PLN_GROWTH,2023-11-01,2024-02-25,cancelled,18,199
SUB01966,ACC01966,PLN_STARTER,2023-11-01,2024-12-19,cancelled,5,49
SUB01967,ACC01967,PLN_ENTERPRISE,2023-11-01,2025-09-03,cancelled,556,2499
SUB01968,ACC01968,PLN_ENTERPRISE,2023-11-02,2024-05-21,cancelled,531,2499
SUB01969,ACC01969,PLN_STARTER,2023-11-02,2024-08-11,cancelled,4,49
SUB01970,ACC01970,PLN_GROWTH,2023-11-02,2024-11-28,cancelled,16,199
SUB01971,ACC01971,PLN_STARTER,2023-11-02,2024-09-24,cancelled,3,49
SUB01972,ACC01972,PLN_SCALE,2023-11-03,2024-12-28,cancelled,111,799
SUB01973,ACC01973,PLN_STARTER,2023-11-03,2025-05-01,cancelled,4,49
SUB01974,ACC01974,PLN_STARTER,2023-11-03,2024-01-20,cancelled,5,49
SUB01975,ACC01975,PLN_STARTER,2023-11-03,2024-01-18,cancelled,4,49
SUB01976,ACC01976,PLN_STARTER,2023-11-03,2024-04-07,cancelled,4,49
SUB01977,ACC01977,PLN_STARTER,2023-11-03,2024-09-27,cancelled,4,49
SUB01978,ACC01978,PLN_SCALE,2023-11-03,2025-12-17,cancelled,76,799
SUB01979,ACC01979,PLN_SCALE,2023-11-03,2024-05-03,cancelled,74,799
SUB01980,ACC01980,PLN_STARTER,2023-11-03,2025-08-15,cancelled,3,49
SUB01981,ACC01981,PLN_STARTER,2023-11-03,2025-12-07,cancelled,6,49
SUB01982,ACC01982,PLN_GROWTH,2023-11-04,2024-04-25,cancelled,18,199
SUB01983,ACC01983,PLN_SCALE,2023-11-04,2024-04-24,cancelled,84,799
SUB01984,ACC01984,PLN_SCALE,2023-11-04,2024-03-06,cancelled,64,799
SUB01985,ACC01985,PLN_SCALE,2023-11-04,2024-01-06,cancelled,98,799
SUB01986,ACC01986,PLN_STARTER,2023-11-04,2024-10-13,cancelled,3,49
SUB01987,ACC01987,PLN_STARTER,2023-11-04,2024-12-20,cancelled,4,49
SUB01988,ACC01988,PLN_STARTER,2023-11-05,2024-01-27,cancelled,3,49
SUB01989,ACC01989,PLN_SCALE,2023-11-05,2024-12-14,cancelled,92,799
SUB01990,ACC01990,PLN_SCALE,2023-11-05,2024-04-10,cancelled,70,799
SUB01991,ACC01991,PLN_STARTER,2023-11-05,2025-01-07,cancelled,6,49
SUB01992,ACC01992,PLN_SCALE,2023-11-05,2024-12-19,cancelled,105,799
SUB01993,ACC01993,PLN_GROWTH,2023-11-05,2024-05-19,cancelled,22,199
SUB01994,ACC01994,PLN_SCALE,2023-11-06,2025-05-18,cancelled,93,799
SUB01995,ACC01995,PLN_GROWTH,2023-11-07,2024-12-10,cancelled,18,199
SUB01996,ACC01996,PLN_SCALE,2023-11-07,2025-02-28,cancelled,75,799
SUB01997,ACC01997,PLN_ENTERPRISE,2023-11-07,2025-09-19,cancelled,391,2499
SUB01998,ACC01998,PLN_GROWTH,2023-11-07,2024-03-02,cancelled,16,199
SUB01999,ACC01999,PLN_SCALE,2023-11-07,2024-05-21,cancelled,84,799
SUB02000,ACC02000,PLN_STARTER,2023-11-07,2024-11-17,cancelled,4,49
SUB02001,ACC02001,PLN_STARTER,2023-11-07,2023-12-26,cancelled,5,49
SUB02002,ACC02002,PLN_STARTER,2023-11-07,2024-02-16,cancelled,3,49
SUB02003,ACC02003,PLN_STARTER,2023-11-07,2024-02-26,cancelled,6,49
SUB02004,ACC02004,PLN_GROWTH,2023-11-07,2024-10-09,cancelled,22,199
SUB02005,ACC02005,PLN_STARTER,2023-11-07,2024-11-14,cancelled,3,49
SUB02006,ACC02006,PLN_GROWTH,2023-11-08,2024-06-13,cancelled,14,199
SUB02007,ACC02007,PLN_ENTERPRISE,2023-11-08,2025-02-19,cancelled,487,2499
SUB02008,ACC02008,PLN_ENTERPRISE,2023-11-08,2025-11-27,cancelled,547,2499
SUB02009,ACC02009,PLN_STARTER,2023-11-08,,active,4,49
SUB02010,ACC02010,PLN_STARTER,2023-11-08,2024-02-18,cancelled,5,49
SUB02011,ACC02011,PLN_GROWTH,2023-11-08,2025-01-01,cancelled,22,199
SUB02012,ACC02012,PLN_GROWTH,2023-11-08,2024-08-05,cancelled,13,199
SUB02013,ACC02013,PLN_STARTER,2023-11-09,2024-04-11,cancelled,5,49
SUB02014,ACC02014,PLN_GROWTH,2023-11-09,2024-02-13,cancelled,14,199
SUB02015,ACC02015,PLN_SCALE,2023-11-09,2024-03-19,cancelled,99,799
SUB02016,ACC02016,PLN_STARTER,2023-11-09,2024-08-28,cancelled,6,49
SUB02017,ACC02017,PLN_GROWTH,2023-11-09,2024-08-06,cancelled,14,199
SUB02018,ACC02018,PLN_GROWTH,2023-11-09,,active,13,199
SUB02019,ACC02019,PLN_STARTER,2023-11-09,2025-06-19,cancelled,4,49
SUB02020,ACC02020,PLN_STARTER,2023-11-10,2024-01-03,cancelled,4,49
SUB02021,ACC02021,PLN_ENTERPRISE,2023-11-10,2025-02-19,cancelled,493,2499
SUB02022,ACC02022,PLN_GROWTH,2023-11-10,2024-02-10,cancelled,17,199
SUB02023,ACC02023,PLN_STARTER,2023-11-10,,active,4,49
SUB02024,ACC02024,PLN_SCALE,2023-11-10,2024-03-09,cancelled,108,799
SUB02025,ACC02025,PLN_STARTER,2023-11-10,2023-12-25,cancelled,5,49
SUB02026,ACC02026,PLN_SCALE,2023-11-10,2024-03-01,cancelled,89,799
SUB02027,ACC02027,PLN_SCALE,2023-11-10,2024-05-23,cancelled,110,799
SUB02028,ACC02028,PLN_SCALE,2023-11-10,2024-06-23,cancelled,94,799
SUB02029,ACC02029,PLN_STARTER,2023-11-10,2025-12-01,cancelled,5,49
SUB02030,ACC02030,PLN_GROWTH,2023-11-11,2025-05-06,cancelled,12,199
SUB02031,ACC02031,PLN_SCALE,2023-11-11,2025-05-17,cancelled,84,799
SUB02032,ACC02032,PLN_SCALE,2023-11-11,,active,109,799
SUB02033,ACC02033,PLN_STARTER,2023-11-11,2024-04-13,cancelled,5,49
SUB02034,ACC02034,PLN_GROWTH,2023-11-11,2024-01-04,cancelled,16,199
SUB02035,ACC02035,PLN_STARTER,2023-11-11,2025-01-16,cancelled,6,49
SUB02036,ACC02036,PLN_GROWTH,2023-11-11,2024-07-14,cancelled,22,199
SUB02037,ACC02037,PLN_SCALE,2023-11-12,2024-05-03,cancelled,91,799
SUB02038,ACC02038,PLN_GROWTH,2023-11-12,2024-05-16,cancelled,21,199
SUB02039,ACC02039,PLN_STARTER,2023-11-12,2024-03-10,cancelled,5,49
SUB02040,ACC02040,PLN_STARTER,2023-11-12,2025-02-12,cancelled,6,49
SUB02041,ACC02041,PLN_SCALE,2023-11-12,2025-03-22,cancelled,68,799
SUB02042,ACC02042,PLN_ENTERPRISE,2023-11-13,2024-05-21,cancelled,399,2499
SUB02043,ACC02043,PLN_GROWTH,2023-11-13,2024-02-11,cancelled,16,199
SUB02044,ACC02044,PLN_GROWTH,2023-11-13,2024-09-23,cancelled,12,199
SUB02045,ACC02045,PLN_STARTER,2023-11-13,2024-06-07,cancelled,5,49
SUB02046,ACC02046,PLN_STARTER,2023-11-13,2024-07-05,cancelled,4,49
SUB02047,ACC02047,PLN_STARTER,2023-11-14,2024-07-03,cancelled,5,49
SUB02048,ACC02048,PLN_SCALE,2023-11-14,,active,89,799
SUB02049,ACC02049,PLN_STARTER,2023-11-14,2024-08-09,cancelled,4,49
SUB02050,ACC02050,PLN_ENTERPRISE,2023-11-14,2024-06-26,cancelled,409,2499
SUB02051,ACC02051,PLN_SCALE,2023-11-14,2025-08-14,cancelled,66,799
SUB02052,ACC02052,PLN_GROWTH,2023-11-14,2024-10-13,cancelled,15,199
SUB02053,ACC02053,PLN_STARTER,2023-11-14,2024-02-25,cancelled,6,49
SUB02054,ACC02054,PLN_STARTER,2023-11-14,2024-05-05,cancelled,4,49
SUB02055,ACC02055,PLN_STARTER,2023-11-15,2024-07-15,cancelled,3,49
SUB02056,ACC02056,PLN_GROWTH,2023-11-15,2025-01-05,cancelled,14,199
SUB02057,ACC02057,PLN_STARTER,2023-11-15,2024-12-05,cancelled,4,49
SUB02058,ACC02058,PLN_STARTER,2023-11-15,2024-04-03,cancelled,4,49
SUB02059,ACC02059,PLN_STARTER,2023-11-16,2024-07-02,cancelled,4,49
SUB02060,ACC02060,PLN_STARTER,2023-11-16,2024-12-07,cancelled,5,49
SUB02061,ACC02061,PLN_SCALE,2023-11-16,2024-09-26,cancelled,89,799
SUB02062,ACC02062,PLN_STARTER,2023-11-16,2024-04-22,cancelled,4,49
SUB02063,ACC02063,PLN_ENTERPRISE,2023-11-16,,active,407,2499
SUB02064,ACC02064,PLN_GROWTH,2023-11-16,2024-06-07,cancelled,15,199
SUB02065,ACC02065,PLN_GROWTH,2023-11-16,2025-08-11,cancelled,21,199
SUB02066,ACC02066,PLN_STARTER,2023-11-17,2024-10-16,cancelled,6,49
SUB02067,ACC02067,PLN_SCALE,2023-11-17,2024-10-23,cancelled,92,799
SUB02068,ACC02068,PLN_SCALE,2023-11-17,,active,67,799
SUB02069,ACC02069,PLN_SCALE,2023-11-17,2024-01-27,cancelled,91,799
SUB02070,ACC02070,PLN_SCALE,2023-11-17,2024-02-01,cancelled,74,799
SUB02071,ACC02071,PLN_GROWTH,2023-11-17,2023-12-02,cancelled,17,199
SUB02072,ACC02072,PLN_GROWTH,2023-11-17,2024-07-09,cancelled,14,199
SUB02073,ACC02073,PLN_SCALE,2023-11-17,2024-01-02,cancelled,113,799
SUB02074,ACC02074,PLN_STARTER,2023-11-18,2024-05-11,cancelled,3,49
SUB02075,ACC02075,PLN_GROWTH,2023-11-18,,active,14,199
SUB02076,ACC02076,PLN_GROWTH,2023-11-18,2023-12-16,cancelled,13,199
SUB02077,ACC02077,PLN_SCALE,2023-11-18,2024-01-03,cancelled,92,799
SUB02078,ACC02078,PLN_SCALE,2023-11-19,2024-11-07,cancelled,66,799
SUB02079,ACC02079,PLN_STARTER,2023-11-19,2024-05-04,cancelled,5,49
SUB02080,ACC02080,PLN_SCALE,2023-11-19,2024-03-20,cancelled,73,799
SUB02081,ACC02081,PLN_STARTER,2023-11-19,2024-01-02,cancelled,3,49
SUB02082,ACC02082,PLN_ENTERPRISE,2023-11-19,2024-01-16,cancelled,525,2499
SUB02083,ACC02083,PLN_STARTER,2023-11-20,2024-01-01,cancelled,6,49
SUB02084,ACC02084,PLN_GROWTH,2023-11-20,2024-08-28,cancelled,17,199
SUB02085,ACC02085,PLN_STARTER,2023-11-20,2024-01-09,cancelled,5,49
SUB02086,ACC02086,PLN_STARTER,2023-11-20,2024-05-27,cancelled,5,49
SUB02087,ACC02087,PLN_STARTER,2023-11-21,2024-01-07,cancelled,3,49
SUB02088,ACC02088,PLN_STARTER,2023-11-21,2024-03-14,cancelled,4,49
SUB02089,ACC02089,PLN_GROWTH,2023-11-21,2024-06-08,cancelled,14,199
SUB02090,ACC02090,PLN_GROWTH,2023-11-21,2024-03-01,cancelled,17,199
SUB02091,ACC02091,PLN_GROWTH,2023-11-22,2025-12-14,cancelled,14,199
SUB02092,ACC02092,PLN_STARTER,2023-11-22,2024-01-03,cancelled,5,49
SUB02093,ACC02093,PLN_STARTER,2023-11-22,2025-03-04,cancelled,5,49
SUB02094,ACC02094,PLN_SCALE,2023-11-22,2024-10-11,cancelled,90,799
SUB02095,ACC02095,PLN_STARTER,2023-11-22,2024-02-19,cancelled,4,49
SUB02096,ACC02096,PLN_GROWTH,2023-11-22,2025-02-23,cancelled,20,199
SUB02097,ACC02097,PLN_GROWTH,2023-11-23,2024-03-02,cancelled,20,199
SUB02098,ACC02098,PLN_GROWTH,2023-11-23,2024-09-20,cancelled,18,199
SUB02099,ACC02099,PLN_GROWTH,2023-11-23,2023-12-08,cancelled,18,199
SUB02100,ACC02100,PLN_GROWTH,2023-11-23,2024-03-07,cancelled,21,199
SUB02101,ACC02101,PLN_STARTER,2023-11-24,2024-10-14,cancelled,5,49
SUB02102,ACC02102,PLN_GROWTH,2023-11-24,2024-09-16,cancelled,21,199
SUB02103,ACC02103,PLN_SCALE,2023-11-24,2024-01-07,cancelled,108,799
SUB02104,ACC02104,PLN_GROWTH,2023-11-24,2025-05-17,cancelled,20,199
SUB02105,ACC02105,PLN_STARTER,2023-11-24,2024-02-13,cancelled,3,49
SUB02106,ACC02106,PLN_GROWTH,2023-11-25,2024-01-18,cancelled,18,199
SUB02107,ACC02107,PLN_SCALE,2023-11-25,2024-01-01,cancelled,109,799
SUB02108,ACC02108,PLN_GROWTH,2023-11-25,2023-12-21,cancelled,22,199
SUB02109,ACC02109,PLN_STARTER,2023-11-25,2024-06-01,cancelled,5,49
SUB02110,ACC02110,PLN_STARTER,2023-11-25,2024-01-27,cancelled,4,49
SUB02111,ACC02111,PLN_ENTERPRISE,2023-11-26,2025-05-17,cancelled,379,2499
SUB02112,ACC02112,PLN_STARTER,2023-11-26,2024-05-04,cancelled,5,49
SUB02113,ACC02113,PLN_ENTERPRISE,2023-11-26,2023-12-07,cancelled,313,2499
SUB02114,ACC02114,PLN_GROWTH,2023-11-26,2025-02-03,cancelled,19,199
SUB02115,ACC02115,PLN_SCALE,2023-11-27,2024-11-07,cancelled,100,799
SUB02116,ACC02116,PLN_GROWTH,2023-11-27,2024-12-16,cancelled,20,199
SUB02117,ACC02117,PLN_STARTER,2023-11-27,2024-06-18,cancelled,5,49
SUB02118,ACC02118,PLN_STARTER,2023-11-28,2024-06-08,cancelled,4,49
SUB02119,ACC02119,PLN_STARTER,2023-11-28,2025-02-12,cancelled,5,49
SUB02120,ACC02120,PLN_STARTER,2023-11-28,2024-04-28,cancelled,5,49
SUB02121,ACC02121,PLN_ENTERPRISE,2023-11-28,2024-08-13,cancelled,555,2499
SUB02122,ACC02122,PLN_ENTERPRISE,2023-11-28,2025-01-24,cancelled,382,2499
SUB02123,ACC02123,PLN_SCALE,2023-11-28,2024-06-20,cancelled,80,799
SUB02124,ACC02124,PLN_SCALE,2023-11-29,,active,94,799
SUB02125,ACC02125,PLN_STARTER,2023-11-29,2024-02-05,cancelled,5,49
SUB02126,ACC02126,PLN_STARTER,2023-11-29,2024-01-11,cancelled,3,49
SUB02127,ACC02127,PLN_SCALE,2023-11-29,2025-07-23,cancelled,72,799
SUB02128,ACC02128,PLN_STARTER,2023-11-29,2024-07-18,cancelled,6,49
SUB02129,ACC02129,PLN_SCALE,2023-11-29,2024-02-06,cancelled,64,799
SUB02130,ACC02130,PLN_SCALE,2023-11-30,2024-02-15,cancelled,69,799
SUB02131,ACC02131,PLN_SCALE,2023-11-30,2024-04-12,cancelled,80,799
SUB02132,ACC02132,PLN_STARTER,2023-11-30,2024-04-13,cancelled,5,49
SUB02133,ACC02133,PLN_SCALE,2023-11-30,2024-05-01,cancelled,71,799
SUB02134,ACC02134,PLN_SCALE,2023-11-30,2024-03-11,cancelled,94,799
SUB02135,ACC02135,PLN_ENTERPRISE,2023-11-30,2024-11-04,cancelled,305,2499
SUB02136,ACC02136,PLN_SCALE,2023-12-01,2024-02-23,cancelled,101,799
SUB02137,ACC02137,PLN_ENTERPRISE,2023-12-01,2024-02-28,cancelled,435,2499
SUB02138,ACC02138,PLN_STARTER,2023-12-01,2024-01-08,cancelled,6,49
SUB02139,ACC02139,PLN_STARTER,2023-12-01,2024-03-04,cancelled,4,49
SUB02140,ACC02140,PLN_STARTER,2023-12-01,2024-08-23,cancelled,4,49
SUB02141,ACC02141,PLN_GROWTH,2023-12-01,2024-12-13,cancelled,17,199
SUB02142,ACC02142,PLN_ENTERPRISE,2023-12-01,2024-01-22,cancelled,537,2499
SUB02143,ACC02143,PLN_STARTER,2023-12-01,2024-04-14,cancelled,4,49
SUB02144,ACC02144,PLN_GROWTH,2023-12-01,2024-01-26,cancelled,18,199
SUB02145,ACC02145,PLN_GROWTH,2023-12-01,2024-05-21,cancelled,17,199
SUB02146,ACC02146,PLN_ENTERPRISE,2023-12-02,2024-06-20,cancelled,376,2499
SUB02147,ACC02147,PLN_SCALE,2023-12-02,2024-03-26,cancelled,77,799
SUB02148,ACC02148,PLN_STARTER,2023-12-02,2024-03-28,cancelled,4,49
SUB02149,ACC02149,PLN_STARTER,2023-12-02,2024-09-20,cancelled,4,49
SUB02150,ACC02150,PLN_SCALE,2023-12-02,,active,85,799
SUB02151,ACC02151,PLN_STARTER,2023-12-02,2024-04-08,cancelled,4,49
SUB02152,ACC02152,PLN_GROWTH,2023-12-02,2024-05-21,cancelled,16,199
SUB02153,ACC02153,PLN_SCALE,2023-12-02,2024-06-28,cancelled,109,799
SUB02154,ACC02154,PLN_GROWTH,2023-12-02,2025-07-22,cancelled,16,199
SUB02155,ACC02155,PLN_SCALE,2023-12-02,2024-03-27,cancelled,103,799
SUB02156,ACC02156,PLN_SCALE,2023-12-02,2025-10-03,cancelled,81,799
SUB02157,ACC02157,PLN_ENTERPRISE,2023-12-03,2024-03-02,cancelled,446,2499
SUB02158,ACC02158,PLN_STARTER,2023-12-03,2024-04-19,cancelled,3,49
SUB02159,ACC02159,PLN_STARTER,2023-12-03,2024-02-21,cancelled,5,49
SUB02160,ACC02160,PLN_STARTER,2023-12-03,2025-06-28,cancelled,5,49
SUB02161,ACC02161,PLN_STARTER,2023-12-03,2024-04-21,cancelled,3,49
SUB02162,ACC02162,PLN_STARTER,2023-12-03,2024-04-15,cancelled,5,49
SUB02163,ACC02163,PLN_SCALE,2023-12-03,2024-03-10,cancelled,84,799
SUB02164,ACC02164,PLN_STARTER,2023-12-04,2024-07-03,cancelled,4,49
SUB02165,ACC02165,PLN_SCALE,2023-12-04,2024-06-24,cancelled,75,799
SUB02166,ACC02166,PLN_SCALE,2023-12-04,2025-01-27,cancelled,83,799
SUB02167,ACC02167,PLN_GROWTH,2023-12-04,,active,18,199
SUB02168,ACC02168,PLN_GROWTH,2023-12-04,2024-09-23,cancelled,19,199
SUB02169,ACC02169,PLN_STARTER,2023-12-04,2025-09-26,cancelled,5,49
SUB02170,ACC02170,PLN_GROWTH,2023-12-04,2025-03-19,cancelled,16,199
SUB02171,ACC02171,PLN_GROWTH,2023-12-04,2024-07-15,cancelled,15,199
SUB02172,ACC02172,PLN_SCALE,2023-12-04,2025-01-14,cancelled,87,799
SUB02173,ACC02173,PLN_STARTER,2023-12-04,2024-07-04,cancelled,5,49
SUB02174,ACC02174,PLN_SCALE,2023-12-04,,active,107,799
SUB02175,ACC02175,PLN_GROWTH,2023-12-04,2025-10-08,cancelled,14,199
SUB02176,ACC02176,PLN_GROWTH,2023-12-05,2024-12-05,cancelled,17,199
SUB02177,ACC02177,PLN_GROWTH,2023-12-05,2024-04-08,cancelled,19,199
SUB02178,ACC02178,PLN_SCALE,2023-12-05,2025-05-08,cancelled,68,799
SUB02179,ACC02179,PLN_STARTER,2023-12-05,2025-08-27,cancelled,3,49
SUB02180,ACC02180,PLN_STARTER,2023-12-05,,active,5,49
SUB02181,ACC02181,PLN_ENTERPRISE,2023-12-05,2024-10-28,cancelled,538,2499
SUB02182,ACC02182,PLN_STARTER,2023-12-05,,active,6,49
SUB02183,ACC02183,PLN_STARTER,2023-12-06,2024-04-27,cancelled,4,49
SUB02184,ACC02184,PLN_SCALE,2023-12-06,2024-06-09,cancelled,84,799
SUB02185,ACC02185,PLN_SCALE,2023-12-06,2024-06-24,cancelled,73,799
SUB02186,ACC02186,PLN_GROWTH,2023-12-06,2025-08-06,cancelled,16,199
SUB02187,ACC02187,PLN_STARTER,2023-12-06,,active,4,49
SUB02188,ACC02188,PLN_GROWTH,2023-12-06,2025-02-28,cancelled,17,199
SUB02189,ACC02189,PLN_SCALE,2023-12-07,2024-12-16,cancelled,92,799
SUB02190,ACC02190,PLN_STARTER,2023-12-07,2024-04-16,cancelled,3,49
SUB02191,ACC02191,PLN_STARTER,2023-12-07,2024-07-23,cancelled,6,49
SUB02192,ACC02192,PLN_SCALE,2023-12-07,2024-02-06,cancelled,108,799
SUB02193,ACC02193,PLN_SCALE,2023-12-07,2024-10-20,cancelled,96,799
SUB02194,ACC02194,PLN_SCALE,2023-12-07,2025-04-26,cancelled,87,799
SUB02195,ACC02195,PLN_SCALE,2023-12-07,2024-05-17,cancelled,63,799
SUB02196,ACC02196,PLN_GROWTH,2023-12-07,2024-02-10,cancelled,22,199
SUB02197,ACC02197,PLN_STARTER,2023-12-07,2025-05-05,cancelled,3,49
SUB02198,ACC02198,PLN_SCALE,2023-12-07,2024-11-20,cancelled,72,799
SUB02199,ACC02199,PLN_STARTER,2023-12-08,2024-04-06,cancelled,5,49
SUB02200,ACC02200,PLN_GROWTH,2023-12-08,2024-07-24,cancelled,14,199
SUB02201,ACC02201,PLN_STARTER,2023-12-08,2024-08-13,cancelled,6,49
SUB02202,ACC02202,PLN_GROWTH,2023-12-08,,active,15,199
SUB02203,ACC02203,PLN_ENTERPRISE,2023-12-08,2025-08-02,cancelled,420,2499
SUB02204,ACC02204,PLN_GROWTH,2023-12-08,2024-09-22,cancelled,20,199
SUB02205,ACC02205,PLN_GROWTH,2023-12-08,2024-02-18,cancelled,13,199
SUB02206,ACC02206,PLN_STARTER,2023-12-08,2024-06-03,cancelled,5,49
SUB02207,ACC02207,PLN_GROWTH,2023-12-08,2024-11-12,cancelled,14,199
SUB02208,ACC02208,PLN_GROWTH,2023-12-08,2024-08-04,cancelled,18,199
SUB02209,ACC02209,PLN_STARTER,2023-12-09,2024-02-13,cancelled,6,49
SUB02210,ACC02210,PLN_STARTER,2023-12-09,2024-07-01,cancelled,4,49
SUB02211,ACC02211,PLN_STARTER,2023-12-09,2024-06-16,cancelled,4,49
SUB02212,ACC02212,PLN_STARTER,2023-12-09,2024-02-19,cancelled,4,49
SUB02213,ACC02213,PLN_STARTER,2023-12-09,2025-03-17,cancelled,4,49
SUB02214,ACC02214,PLN_SCALE,2023-12-09,2025-01-24,cancelled,79,799
SUB02215,ACC02215,PLN_GROWTH,2023-12-10,2024-04-27,cancelled,20,199
SUB02216,ACC02216,PLN_STARTER,2023-12-10,2025-10-23,cancelled,4,49
SUB02217,ACC02217,PLN_GROWTH,2023-12-10,2025-01-03,cancelled,20,199
SUB02218,ACC02218,PLN_STARTER,2023-12-10,2024-10-17,cancelled,3,49
SUB02219,ACC02219,PLN_SCALE,2023-12-10,2024-03-22,cancelled,96,799
SUB02220,ACC02220,PLN_SCALE,2023-12-10,2025-12-26,cancelled,70,799
SUB02221,ACC02221,PLN_SCALE,2023-12-10,2025-08-02,cancelled,76,799
SUB02222,ACC02222,PLN_SCALE,2023-12-11,,active,75,799
SUB02223,ACC02223,PLN_SCALE,2023-12-11,2024-11-22,cancelled,84,799
SUB02224,ACC02224,PLN_STARTER,2023-12-11,2024-05-07,cancelled,4,49
SUB02225,ACC02225,PLN_SCALE,2023-12-11,2025-02-03,cancelled,76,799
SUB02226,ACC02226,PLN_GROWTH,2023-12-11,2024-03-04,cancelled,19,199
SUB02227,ACC02227,PLN_GROWTH,2023-12-11,2024-04-14,cancelled,22,199
SUB02228,ACC02228,PLN_STARTER,2023-12-11,2024-06-25,cancelled,5,49
SUB02229,ACC02229,PLN_STARTER,2023-12-11,2024-03-02,cancelled,4,49
SUB02230,ACC02230,PLN_GROWTH,2023-12-12,2024-04-22,cancelled,22,199
SUB02231,ACC02231,PLN_GROWTH,2023-12-12,2024-10-23,cancelled,23,199
SUB02232,ACC02232,PLN_SCALE,2023-12-12,2024-07-13,cancelled,108,799
SUB02233,ACC02233,PLN_GROWTH,2023-12-12,2024-11-02,cancelled,15,199
SUB02234,ACC02234,PLN_SCALE,2023-12-12,2024-04-19,cancelled,92,799
SUB02235,ACC02235,PLN_GROWTH,2023-12-12,2024-03-10,cancelled,18,199
SUB02236,ACC02236,PLN_SCALE,2023-12-13,2024-07-25,cancelled,92,799
SUB02237,ACC02237,PLN_GROWTH,2023-12-13,2024-11-02,cancelled,22,199
SUB02238,ACC02238,PLN_SCALE,2023-12-13,2024-04-12,cancelled,81,799
SUB02239,ACC02239,PLN_GROWTH,2023-12-13,2024-01-05,cancelled,20,199
SUB02240,ACC02240,PLN_STARTER,2023-12-13,2025-07-19,cancelled,4,49
SUB02241,ACC02241,PLN_GROWTH,2023-12-13,2024-03-15,cancelled,13,199
SUB02242,ACC02242,PLN_STARTER,2023-12-14,2024-06-13,cancelled,4,49
SUB02243,ACC02243,PLN_STARTER,2023-12-14,2024-05-21,cancelled,4,49
SUB02244,ACC02244,PLN_SCALE,2023-12-14,2024-06-05,cancelled,86,799
SUB02245,ACC02245,PLN_GROWTH,2023-12-14,2025-03-12,cancelled,20,199
SUB02246,ACC02246,PLN_GROWTH,2023-12-14,2024-08-15,cancelled,17,199
SUB02247,ACC02247,PLN_SCALE,2023-12-14,2024-11-22,cancelled,112,799
SUB02248,ACC02248,PLN_STARTER,2023-12-14,2024-12-06,cancelled,5,49
SUB02249,ACC02249,PLN_STARTER,2023-12-15,2024-10-26,cancelled,4,49
SUB02250,ACC02250,PLN_STARTER,2023-12-15,2024-01-25,cancelled,4,49
SUB02251,ACC02251,PLN_STARTER,2023-12-16,2025-06-18,cancelled,4,49
SUB02252,ACC02252,PLN_SCALE,2023-12-16,2024-02-27,cancelled,84,799
SUB02253,ACC02253,PLN_SCALE,2023-12-17,2024-05-21,cancelled,61,799
SUB02254,ACC02254,PLN_STARTER,2023-12-17,2025-02-04,cancelled,3,49
SUB02255,ACC02255,PLN_GROWTH,2023-12-17,2024-09-28,cancelled,21,199
SUB02256,ACC02256,PLN_SCALE,2023-12-17,2024-03-22,cancelled,64,799
SUB02257,ACC02257,PLN_STARTER,2023-12-17,2024-10-02,cancelled,5,49
SUB02258,ACC02258,PLN_SCALE,2023-12-17,2025-05-03,cancelled,85,799
SUB02259,ACC02259,PLN_STARTER,2023-12-17,2024-11-14,cancelled,4,49
SUB02260,ACC02260,PLN_STARTER,2023-12-17,2025-02-05,cancelled,4,49
SUB02261,ACC02261,PLN_STARTER,2023-12-17,2024-05-23,cancelled,4,49
SUB02262,ACC02262,PLN_STARTER,2023-12-18,2024-06-18,cancelled,3,49
SUB02263,ACC02263,PLN_ENTERPRISE,2023-12-18,2025-02-19,cancelled,531,2499
SUB02264,ACC02264,PLN_GROWTH,2023-12-18,2025-12-11,cancelled,17,199
SUB02265,ACC02265,PLN_GROWTH,2023-12-18,2024-04-26,cancelled,13,199
SUB02266,ACC02266,PLN_STARTER,2023-12-18,2024-07-12,cancelled,4,49
SUB02267,ACC02267,PLN_STARTER,2023-12-19,2024-07-08,cancelled,4,49
SUB02268,ACC02268,PLN_STARTER,2023-12-19,2024-05-12,cancelled,4,49
SUB02269,ACC02269,PLN_GROWTH,2023-12-19,2024-02-26,cancelled,17,199
SUB02270,ACC02270,PLN_STARTER,2023-12-19,2025-02-25,cancelled,4,49
SUB02271,ACC02271,PLN_STARTER,2023-12-19,2024-07-19,cancelled,4,49
SUB02272,ACC02272,PLN_GROWTH,2023-12-19,2025-04-07,cancelled,20,199
SUB02273,ACC02273,PLN_STARTER,2023-12-20,2024-10-21,cancelled,4,49
SUB02274,ACC02274,PLN_STARTER,2023-12-20,2024-02-19,cancelled,5,49
SUB02275,ACC02275,PLN_STARTER,2023-12-20,2024-02-09,cancelled,6,49
SUB02276,ACC02276,PLN_STARTER,2023-12-21,2024-04-08,cancelled,3,49
SUB02277,ACC02277,PLN_GROWTH,2023-12-21,2024-06-26,cancelled,16,199
SUB02278,ACC02278,PLN_SCALE,2023-12-21,,active,103,799
SUB02279,ACC02279,PLN_GROWTH,2023-12-21,2024-10-20,cancelled,13,199
SUB02280,ACC02280,PLN_STARTER,2023-12-22,,active,3,49
SUB02281,ACC02281,PLN_GROWTH,2023-12-22,2024-05-02,cancelled,19,199
SUB02282,ACC02282,PLN_ENTERPRISE,2023-12-22,2025-01-27,cancelled,419,2499
SUB02283,ACC02283,PLN_STARTER,2023-12-22,2024-01-05,cancelled,3,49
SUB02284,ACC02284,PLN_STARTER,2023-12-22,2024-01-21,cancelled,4,49
SUB02285,ACC02285,PLN_GROWTH,2023-12-22,2024-03-23,cancelled,16,199
SUB02286,ACC02286,PLN_STARTER,2023-12-23,2025-02-11,cancelled,4,49
SUB02287,ACC02287,PLN_GROWTH,2023-12-23,2024-11-05,cancelled,16,199
SUB02288,ACC02288,PLN_STARTER,2023-12-23,2025-02-05,cancelled,5,49
SUB02289,ACC02289,PLN_SCALE,2023-12-23,2025-06-18,cancelled,110,799
SUB02290,ACC02290,PLN_STARTER,2023-12-23,2025-07-21,cancelled,5,49
SUB02291,ACC02291,PLN_SCALE,2023-12-23,2024-04-04,cancelled,97,799
SUB02292,ACC02292,PLN_SCALE,2023-12-23,2025-07-24,cancelled,90,799
SUB02293,ACC02293,PLN_SCALE,2023-12-23,2024-02-19,cancelled,64,799
SUB02294,ACC02294,PLN_GROWTH,2023-12-23,2025-02-03,cancelled,17,199
SUB02295,ACC02295,PLN_ENTERPRISE,2023-12-23,2024-08-12,cancelled,472,2499
SUB02296,ACC02296,PLN_SCALE,2023-12-23,2024-04-28,cancelled,62,799
SUB02297,ACC02297,PLN_GROWTH,2023-12-23,2024-01-23,cancelled,13,199
SUB02298,ACC02298,PLN_SCALE,2023-12-23,2024-02-05,cancelled,90,799
SUB02299,ACC02299,PLN_GROWTH,2023-12-23,2024-05-08,cancelled,17,199
SUB02300,ACC02300,PLN_STARTER,2023-12-24,,active,3,49
SUB02301,ACC02301,PLN_GROWTH,2023-12-24,2024-11-26,cancelled,15,199
SUB02302,ACC02302,PLN_STARTER,2023-12-24,2024-07-06,cancelled,5,49
SUB02303,ACC02303,PLN_GROWTH,2023-12-24,,active,14,199
SUB02304,ACC02304,PLN_STARTER,2023-12-24,2024-01-26,cancelled,5,49
SUB02305,ACC02305,PLN_STARTER,2023-12-24,2024-03-03,cancelled,3,49
SUB02306,ACC02306,PLN_STARTER,2023-12-24,2024-10-26,cancelled,5,49
SUB02307,ACC02307,PLN_GROWTH,2023-12-25,2024-03-01,cancelled,13,199
SUB02308,ACC02308,PLN_STARTER,2023-12-25,2024-04-11,cancelled,5,49
SUB02309,ACC02309,PLN_SCALE,2023-12-25,,active,86,799
SUB02310,ACC02310,PLN_GROWTH,2023-12-25,,active,20,199
SUB02311,ACC02311,PLN_SCALE,2023-12-25,2025-10-14,cancelled,90,799
SUB02312,ACC02312,PLN_STARTER,2023-12-25,2024-07-08,cancelled,4,49
SUB02313,ACC02313,PLN_ENTERPRISE,2023-12-25,2024-04-15,cancelled,439,2499
SUB02314,ACC02314,PLN_SCALE,2023-12-25,,active,112,799
SUB02315,ACC02315,PLN_SCALE,2023-12-25,2025-07-02,cancelled,76,799
SUB02316,ACC02316,PLN_GROWTH,2023-12-25,2024-12-27,cancelled,14,199
SUB02317,ACC02317,PLN_STARTER,2023-12-25,2024-04-15,cancelled,4,49
SUB02318,ACC02318,PLN_SCALE,2023-12-25,2025-01-18,cancelled,88,799
SUB02319,ACC02319,PLN_STARTER,2023-12-26,2024-06-23,cancelled,4,49
SUB02320,ACC02320,PLN_SCALE,2023-12-26,2024-03-28,cancelled,62,799
SUB02321,ACC02321,PLN_SCALE,2023-12-26,2024-01-10,cancelled,87,799
SUB02322,ACC02322,PLN_STARTER,2023-12-26,2024-04-02,cancelled,4,49
SUB02323,ACC02323,PLN_GROWTH,2023-12-26,2024-01-06,cancelled,17,199
SUB02324,ACC02324,PLN_ENTERPRISE,2023-12-26,2025-02-19,cancelled,399,2499
SUB02325,ACC02325,PLN_GROWTH,2023-12-27,2024-03-07,cancelled,19,199
SUB02326,ACC02326,PLN_SCALE,2023-12-27,2024-03-08,cancelled,81,799
SUB02327,ACC02327,PLN_GROWTH,2023-12-27,2025-03-01,cancelled,17,199
SUB02328,ACC02328,PLN_GROWTH,2023-12-27,2024-05-02,cancelled,22,199
SUB02329,ACC02329,PLN_STARTER,2023-12-27,2024-09-23,cancelled,5,49
SUB02330,ACC02330,PLN_GROWTH,2023-12-27,2024-04-01,cancelled,14,199
SUB02331,ACC02331,PLN_STARTER,2023-12-27,2024-02-23,cancelled,6,49
SUB02332,ACC02332,PLN_SCALE,2023-12-28,,active,106,799
SUB02333,ACC02333,PLN_STARTER,2023-12-28,2024-04-21,cancelled,5,49
SUB02334,ACC02334,PLN_STARTER,2023-12-28,2024-01-26,cancelled,6,49
SUB02335,ACC02335,PLN_ENTERPRISE,2023-12-29,2024-11-27,cancelled,495,2499
SUB02336,ACC02336,PLN_GROWTH,2023-12-29,2024-02-03,cancelled,13,199
SUB02337,ACC02337,PLN_GROWTH,2023-12-29,2025-08-25,cancelled,15,199
SUB02338,ACC02338,PLN_STARTER,2023-12-29,2024-06-11,cancelled,5,49
SUB02339,ACC02339,PLN_SCALE,2023-12-29,2025-02-14,cancelled,110,799
SUB02340,ACC02340,PLN_STARTER,2023-12-29,2024-11-05,cancelled,3,49
SUB02341,ACC02341,PLN_SCALE,2023-12-29,2024-11-05,cancelled,87,799
SUB02342,ACC02342,PLN_SCALE,2023-12-29,2025-09-11,cancelled,80,799
SUB02343,ACC02343,PLN_ENTERPRISE,2023-12-29,2025-03-20,cancelled,387,2499
SUB02344,ACC02344,PLN_SCALE,2023-12-29,2024-11-12,cancelled,72,799
SUB02345,ACC02345,PLN_SCALE,2023-12-30,2024-04-24,cancelled,85,799
SUB02346,ACC02346,PLN_GROWTH,2023-12-30,2024-03-19,cancelled,20,199
SUB02347,ACC02347,PLN_STARTER,2023-12-30,2024-01-04,cancelled,4,49
SUB02348,ACC02348,PLN_GROWTH,2023-12-30,2024-09-10,cancelled,13,199
SUB02349,ACC02349,PLN_SCALE,2023-12-30,2024-08-24,cancelled,107,799
SUB02350,ACC02350,PLN_SCALE,2023-12-30,2024-09-23,cancelled,95,799
SUB02351,ACC02351,PLN_ENTERPRISE,2023-12-31,2024-11-01,cancelled,520,2499
SUB02352,ACC02352,PLN_STARTER,2023-12-31,2024-12-08,cancelled,4,49
SUB02353,ACC02353,PLN_SCALE,2023-12-31,2024-03-01,cancelled,63,799
SUB02354,ACC02354,PLN_SCALE,2023-12-31,2024-02-03,cancelled,98,799
SUB02355,ACC02355,PLN_ENTERPRISE,2023-12-31,,active,321,2499
SUB02356,ACC02356,PLN_GROWTH,2023-12-31,2025-12-22,cancelled,18,199
SUB02357,ACC02357,PLN_SCALE,2023-12-31,2024-02-28,cancelled,100,799
SUB02358,ACC02358,PLN_STARTER,2023-12-31,2024-12-19,cancelled,3,49
SUB02359,ACC02359,PLN_GROWTH,2023-12-31,2025-03-19,cancelled,15,199
SUB02360,ACC02360,PLN_ENTERPRISE,2023-12-31,2025-06-02,cancelled,359,2499
SUB02361,ACC02361,PLN_STARTER,2024-01-01,2024-02-08,cancelled,5,49
SUB02362,ACC02362,PLN_ENTERPRISE,2024-01-01,,active,397,2499
SUB02363,ACC02363,PLN_STARTER,2024-01-01,2024-02-24,cancelled,4,49
SUB02364,ACC02364,PLN_STARTER,2024-01-01,2024-03-27,cancelled,5,49
SUB02365,ACC02365,PLN_STARTER,2024-01-02,2024-08-25,cancelled,3,49
SUB02366,ACC02366,PLN_GROWTH,2024-01-02,2024-11-01,cancelled,14,199
SUB02367,ACC02367,PLN_SCALE,2024-01-02,2024-05-22,cancelled,75,799
SUB02368,ACC02368,PLN_GROWTH,2024-01-02,2024-03-07,cancelled,14,199
SUB02369,ACC02369,PLN_STARTER,2024-01-03,2025-04-20,cancelled,4,49
SUB02370,ACC02370,PLN_STARTER,2024-01-03,2024-06-17,cancelled,5,49
SUB02371,ACC02371,PLN_STARTER,2024-01-03,2024-04-15,cancelled,5,49
SUB02372,ACC02372,PLN_STARTER,2024-01-03,2024-04-10,cancelled,5,49
SUB02373,ACC02373,PLN_ENTERPRISE,2024-01-03,,active,499,2499
SUB02374,ACC02374,PLN_GROWTH,2024-01-04,2024-03-11,cancelled,13,199
SUB02375,ACC02375,PLN_GROWTH,2024-01-04,2024-12-15,cancelled,19,199
SUB02376,ACC02376,PLN_GROWTH,2024-01-04,2024-04-05,cancelled,22,199
SUB02377,ACC02377,PLN_GROWTH,2024-01-04,2024-03-10,cancelled,16,199
SUB02378,ACC02378,PLN_GROWTH,2024-01-05,2024-03-13,cancelled,21,199
SUB02379,ACC02379,PLN_STARTER,2024-01-05,2024-03-09,cancelled,4,49
SUB02380,ACC02380,PLN_STARTER,2024-01-05,2024-06-02,cancelled,5,49
SUB02381,ACC02381,PLN_STARTER,2024-01-05,2024-06-16,cancelled,4,49
SUB02382,ACC02382,PLN_SCALE,2024-01-05,2024-05-20,cancelled,98,799
SUB02383,ACC02383,PLN_STARTER,2024-01-05,2025-07-14,cancelled,3,49
SUB02384,ACC02384,PLN_SCALE,2024-01-05,2024-09-16,cancelled,98,799
SUB02385,ACC02385,PLN_STARTER,2024-01-05,2025-04-06,cancelled,4,49
SUB02386,ACC02386,PLN_STARTER,2024-01-05,2025-01-23,cancelled,4,49
SUB02387,ACC02387,PLN_GROWTH,2024-01-05,2025-11-21,cancelled,21,199
SUB02388,ACC02388,PLN_GROWTH,2024-01-05,2024-03-11,cancelled,19,199
SUB02389,ACC02389,PLN_ENTERPRISE,2024-01-05,2025-06-01,cancelled,552,2499
SUB02390,ACC02390,PLN_ENTERPRISE,2024-01-06,2025-04-03,cancelled,533,2499
SUB02391,ACC02391,PLN_GROWTH,2024-01-06,2024-02-05,cancelled,16,199
SUB02392,ACC02392,PLN_STARTER,2024-01-06,2024-03-27,cancelled,4,49
SUB02393,ACC02393,PLN_STARTER,2024-01-06,2025-01-05,cancelled,6,49
SUB02394,ACC02394,PLN_GROWTH,2024-01-06,2024-04-04,cancelled,15,199
SUB02395,ACC02395,PLN_SCALE,2024-01-06,2024-04-06,cancelled,112,799
SUB02396,ACC02396,PLN_GROWTH,2024-01-07,2025-03-09,cancelled,14,199
SUB02397,ACC02397,PLN_ENTERPRISE,2024-01-07,2024-08-01,cancelled,544,2499
SUB02398,ACC02398,PLN_STARTER,2024-01-07,2024-05-09,cancelled,4,49
SUB02399,ACC02399,PLN_SCALE,2024-01-08,2025-03-03,cancelled,112,799
SUB02400,ACC02400,PLN_STARTER,2024-01-08,2024-08-12,cancelled,3,49
SUB02401,ACC02401,PLN_STARTER,2024-01-08,,active,5,49
SUB02402,ACC02402,PLN_STARTER,2024-01-09,2025-11-05,cancelled,3,49
SUB02403,ACC02403,PLN_GROWTH,2024-01-09,2024-05-07,cancelled,21,199
SUB02404,ACC02404,PLN_STARTER,2024-01-09,2024-04-24,cancelled,4,49
SUB02405,ACC02405,PLN_STARTER,2024-01-09,2024-09-09,cancelled,4,49
SUB02406,ACC02406,PLN_GROWTH,2024-01-09,2024-07-21,cancelled,20,199
SUB02407,ACC02407,PLN_STARTER,2024-01-09,2024-05-22,cancelled,3,49
SUB02408,ACC02408,PLN_ENTERPRISE,2024-01-09,2024-06-13,cancelled,503,2499
SUB02409,ACC02409,PLN_STARTER,2024-01-09,2024-06-05,cancelled,5,49
SUB02410,ACC02410,PLN_STARTER,2024-01-10,2024-11-05,cancelled,3,49
SUB02411,ACC02411,PLN_STARTER,2024-01-10,2024-05-13,cancelled,4,49
SUB02412,ACC02412,PLN_GROWTH,2024-01-10,2024-08-05,cancelled,20,199
SUB02413,ACC02413,PLN_ENTERPRISE,2024-01-10,2024-07-09,cancelled,549,2499
SUB02414,ACC02414,PLN_GROWTH,2024-01-10,2024-04-01,cancelled,14,199
SUB02415,ACC02415,PLN_STARTER,2024-01-10,2024-03-21,cancelled,3,49
SUB02416,ACC02416,PLN_SCALE,2024-01-10,2025-01-13,cancelled,89,799
SUB02417,ACC02417,PLN_STARTER,2024-01-10,2024-08-13,cancelled,3,49
SUB02418,ACC02418,PLN_ENTERPRISE,2024-01-11,2024-07-01,cancelled,453,2499
SUB02419,ACC02419,PLN_ENTERPRISE,2024-01-11,2025-08-27,cancelled,359,2499
SUB02420,ACC02420,PLN_STARTER,2024-01-11,2025-01-10,cancelled,5,49
SUB02421,ACC02421,PLN_STARTER,2024-01-11,2024-04-18,cancelled,4,49
SUB02422,ACC02422,PLN_GROWTH,2024-01-11,2025-02-23,cancelled,17,199
SUB02423,ACC02423,PLN_SCALE,2024-01-11,2024-05-12,cancelled,97,799
SUB02424,ACC02424,PLN_STARTER,2024-01-11,2024-09-13,cancelled,6,49
SUB02425,ACC02425,PLN_GROWTH,2024-01-12,2024-06-09,cancelled,20,199
SUB02426,ACC02426,PLN_GROWTH,2024-01-12,2024-07-12,cancelled,21,199
SUB02427,ACC02427,PLN_STARTER,2024-01-12,2024-02-02,cancelled,5,49
SUB02428,ACC02428,PLN_STARTER,2024-01-12,2024-04-14,cancelled,4,49
SUB02429,ACC02429,PLN_SCALE,2024-01-12,2024-09-04,cancelled,93,799
SUB02430,ACC02430,PLN_STARTER,2024-01-12,2024-04-20,cancelled,5,49
SUB02431,ACC02431,PLN_STARTER,2024-01-12,2024-05-12,cancelled,4,49
SUB02432,ACC02432,PLN_STARTER,2024-01-12,2024-12-19,cancelled,6,49
SUB02433,ACC02433,PLN_GROWTH,2024-01-13,2024-07-08,cancelled,21,199
SUB02434,ACC02434,PLN_STARTER,2024-01-13,2024-11-04,cancelled,5,49
SUB02435,ACC02435,PLN_SCALE,2024-01-13,2024-02-15,cancelled,92,799
SUB02436,ACC02436,PLN_STARTER,2024-01-13,2024-04-22,cancelled,4,49
SUB02437,ACC02437,PLN_SCALE,2024-01-13,2024-03-18,cancelled,90,799
SUB02438,ACC02438,PLN_SCALE,2024-01-13,2025-05-16,cancelled,112,799
SUB02439,ACC02439,PLN_GROWTH,2024-01-14,2024-07-04,cancelled,12,199
SUB02440,ACC02440,PLN_STARTER,2024-01-14,2024-06-13,cancelled,4,49
SUB02441,ACC02441,PLN_STARTER,2024-01-14,2025-01-24,cancelled,4,49
SUB02442,ACC02442,PLN_SCALE,2024-01-14,2024-07-02,cancelled,81,799
SUB02443,ACC02443,PLN_GROWTH,2024-01-14,2025-03-24,cancelled,22,199
SUB02444,ACC02444,PLN_ENTERPRISE,2024-01-15,,active,415,2499
SUB02445,ACC02445,PLN_GROWTH,2024-01-15,2024-05-19,cancelled,15,199
SUB02446,ACC02446,PLN_ENTERPRISE,2024-01-16,2024-06-13,cancelled,410,2499
SUB02447,ACC02447,PLN_GROWTH,2024-01-16,2024-09-10,cancelled,12,199
SUB02448,ACC02448,PLN_ENTERPRISE,2024-01-16,2024-09-26,cancelled,369,2499
SUB02449,ACC02449,PLN_STARTER,2024-01-16,2024-02-12,cancelled,4,49
SUB02450,ACC02450,PLN_STARTER,2024-01-16,2024-10-09,cancelled,5,49
SUB02451,ACC02451,PLN_GROWTH,2024-01-16,,active,18,199
SUB02452,ACC02452,PLN_STARTER,2024-01-16,2025-06-10,cancelled,3,49
SUB02453,ACC02453,PLN_SCALE,2024-01-16,2024-02-03,cancelled,70,799
SUB02454,ACC02454,PLN_STARTER,2024-01-17,2024-03-15,cancelled,3,49
SUB02455,ACC02455,PLN_STARTER,2024-01-17,2024-03-18,cancelled,4,49
SUB02456,ACC02456,PLN_STARTER,2024-01-17,2024-02-21,cancelled,6,49
SUB02457,ACC02457,PLN_STARTER,2024-01-17,2024-08-06,cancelled,5,49
SUB02458,ACC02458,PLN_ENTERPRISE,2024-01-18,2024-09-03,cancelled,362,2499
SUB02459,ACC02459,PLN_STARTER,2024-01-18,2024-05-03,cancelled,5,49
SUB02460,ACC02460,PLN_GROWTH,2024-01-18,2024-07-05,cancelled,20,199
SUB02461,ACC02461,PLN_STARTER,2024-01-18,2024-06-03,cancelled,5,49
SUB02462,ACC02462,PLN_ENTERPRISE,2024-01-19,2025-02-12,cancelled,562,2499
SUB02463,ACC02463,PLN_STARTER,2024-01-19,2024-08-08,cancelled,4,49
SUB02464,ACC02464,PLN_GROWTH,2024-01-19,2024-05-21,cancelled,22,199
SUB02465,ACC02465,PLN_SCALE,2024-01-19,,active,96,799
SUB02466,ACC02466,PLN_GROWTH,2024-01-19,2024-09-12,cancelled,13,199
SUB02467,ACC02467,PLN_ENTERPRISE,2024-01-19,2025-05-15,cancelled,519,2499
SUB02468,ACC02468,PLN_STARTER,2024-01-19,2025-03-18,cancelled,5,49
SUB02469,ACC02469,PLN_ENTERPRISE,2024-01-20,,active,549,2499
SUB02470,ACC02470,PLN_SCALE,2024-01-20,2024-05-14,cancelled,93,799
SUB02471,ACC02471,PLN_SCALE,2024-01-20,2024-04-09,cancelled,115,799
SUB02472,ACC02472,PLN_GROWTH,2024-01-20,2024-06-14,cancelled,21,199
SUB02473,ACC02473,PLN_STARTER,2024-01-20,2024-07-21,cancelled,4,49
SUB02474,ACC02474,PLN_GROWTH,2024-01-20,,active,13,199
SUB02475,ACC02475,PLN_ENTERPRISE,2024-01-20,2024-05-24,cancelled,380,2499
SUB02476,ACC02476,PLN_ENTERPRISE,2024-01-20,2025-03-24,cancelled,528,2499
SUB02477,ACC02477,PLN_GROWTH,2024-01-21,2025-04-14,cancelled,17,199
SUB02478,ACC02478,PLN_STARTER,2024-01-21,2025-11-13,cancelled,3,49
SUB02479,ACC02479,PLN_STARTER,2024-01-21,2024-02-01,cancelled,4,49
SUB02480,ACC02480,PLN_GROWTH,2024-01-22,2025-02-10,cancelled,13,199
SUB02481,ACC02481,PLN_ENTERPRISE,2024-01-22,2024-06-07,cancelled,367,2499
SUB02482,ACC02482,PLN_STARTER,2024-01-22,2024-11-10,cancelled,3,49
SUB02483,ACC02483,PLN_GROWTH,2024-01-22,2024-02-08,cancelled,18,199
SUB02484,ACC02484,PLN_ENTERPRISE,2024-01-22,,active,524,2499
SUB02485,ACC02485,PLN_STARTER,2024-01-23,,active,5,49
SUB02486,ACC02486,PLN_STARTER,2024-01-23,2024-07-04,cancelled,3,49
SUB02487,ACC02487,PLN_STARTER,2024-01-23,2024-10-09,cancelled,4,49
SUB02488,ACC02488,PLN_GROWTH,2024-01-23,2025-12-09,cancelled,12,199
SUB02489,ACC02489,PLN_STARTER,2024-01-23,2024-09-14,cancelled,4,49
SUB02490,ACC02490,PLN_STARTER,2024-01-23,2024-12-14,cancelled,3,49
SUB02491,ACC02491,PLN_STARTER,2024-01-23,2024-11-13,cancelled,4,49
SUB02492,ACC02492,PLN_SCALE,2024-01-23,2025-03-17,cancelled,63,799
SUB02493,ACC02493,PLN_GROWTH,2024-01-24,2024-10-27,cancelled,12,199
SUB02494,ACC02494,PLN_STARTER,2024-01-24,2024-10-20,cancelled,4,49
SUB02495,ACC02495,PLN_SCALE,2024-01-24,2025-01-09,cancelled,104,799
SUB02496,ACC02496,PLN_GROWTH,2024-01-24,2024-05-10,cancelled,14,199
SUB02497,ACC02497,PLN_GROWTH,2024-01-24,2024-11-27,cancelled,16,199
SUB02498,ACC02498,PLN_STARTER,2024-01-24,2024-07-21,cancelled,5,49
SUB02499,ACC02499,PLN_GROWTH,2024-01-24,2024-02-10,cancelled,22,199
SUB02500,ACC02500,PLN_STARTER,2024-01-24,2024-06-25,cancelled,3,49
SUB02501,ACC02501,PLN_STARTER,2024-01-24,,active,5,49
SUB02502,ACC02502,PLN_STARTER,2024-01-24,2024-05-14,cancelled,3,49
SUB02503,ACC02503,PLN_SCALE,2024-01-25,2024-05-25,cancelled,78,799
SUB02504,ACC02504,PLN_SCALE,2024-01-25,,active,103,799
SUB02505,ACC02505,PLN_SCALE,2024-01-25,2024-12-12,cancelled,61,799
SUB02506,ACC02506,PLN_ENTERPRISE,2024-01-25,2024-04-23,cancelled,371,2499
SUB02507,ACC02507,PLN_GROWTH,2024-01-25,2025-11-18,cancelled,15,199
SUB02508,ACC02508,PLN_STARTER,2024-01-26,2024-06-14,cancelled,5,49
SUB02509,ACC02509,PLN_SCALE,2024-01-26,2024-04-02,cancelled,103,799
SUB02510,ACC02510,PLN_GROWTH,2024-01-26,2025-08-23,cancelled,20,199
SUB02511,ACC02511,PLN_GROWTH,2024-01-26,,active,21,199
SUB02512,ACC02512,PLN_GROWTH,2024-01-26,2024-11-19,cancelled,16,199
SUB02513,ACC02513,PLN_GROWTH,2024-01-26,2024-07-20,cancelled,16,199
SUB02514,ACC02514,PLN_ENTERPRISE,2024-01-27,2024-09-21,cancelled,462,2499
SUB02515,ACC02515,PLN_SCALE,2024-01-27,2024-03-12,cancelled,88,799
SUB02516,ACC02516,PLN_GROWTH,2024-01-27,2024-06-12,cancelled,18,199
SUB02517,ACC02517,PLN_ENTERPRISE,2024-01-27,2025-02-17,cancelled,561,2499
SUB02518,ACC02518,PLN_ENTERPRISE,2024-01-27,,active,384,2499
SUB02519,ACC02519,PLN_GROWTH,2024-01-27,2025-05-05,cancelled,22,199
SUB02520,ACC02520,PLN_STARTER,2024-01-27,2025-09-20,cancelled,5,49
SUB02521,ACC02521,PLN_GROWTH,2024-01-27,2024-05-26,cancelled,18,199
SUB02522,ACC02522,PLN_ENTERPRISE,2024-01-27,2024-06-21,cancelled,373,2499
SUB02523,ACC02523,PLN_GROWTH,2024-01-27,2024-08-28,cancelled,20,199
SUB02524,ACC02524,PLN_STARTER,2024-01-27,2024-03-18,cancelled,4,49
SUB02525,ACC02525,PLN_STARTER,2024-01-27,2024-04-03,cancelled,3,49
SUB02526,ACC02526,PLN_GROWTH,2024-01-27,2024-09-17,cancelled,15,199
SUB02527,ACC02527,PLN_GROWTH,2024-01-28,2024-08-28,cancelled,15,199
SUB02528,ACC02528,PLN_GROWTH,2024-01-28,2025-01-18,cancelled,12,199
SUB02529,ACC02529,PLN_GROWTH,2024-01-28,2024-07-26,cancelled,22,199
SUB02530,ACC02530,PLN_ENTERPRISE,2024-01-28,2025-05-01,cancelled,376,2499
SUB02531,ACC02531,PLN_STARTER,2024-01-28,2024-07-11,cancelled,5,49
SUB02532,ACC02532,PLN_GROWTH,2024-01-28,2024-09-23,cancelled,14,199
SUB02533,ACC02533,PLN_SCALE,2024-01-28,2024-06-27,cancelled,64,799
SUB02534,ACC02534,PLN_STARTER,2024-01-28,2024-08-25,cancelled,6,49
SUB02535,ACC02535,PLN_GROWTH,2024-01-28,2024-07-07,cancelled,20,199
SUB02536,ACC02536,PLN_STARTER,2024-01-29,2024-03-23,cancelled,3,49
SUB02537,ACC02537,PLN_ENTERPRISE,2024-01-29,2025-08-24,cancelled,494,2499
SUB02538,ACC02538,PLN_STARTER,2024-01-29,2025-01-05,cancelled,4,49
SUB02539,ACC02539,PLN_STARTER,2024-01-29,2024-04-16,cancelled,3,49
SUB02540,ACC02540,PLN_SCALE,2024-01-29,2024-08-06,cancelled,88,799
SUB02541,ACC02541,PLN_STARTER,2024-01-29,2024-08-14,cancelled,4,49
SUB02542,ACC02542,PLN_ENTERPRISE,2024-01-29,2024-06-15,cancelled,548,2499
SUB02543,ACC02543,PLN_STARTER,2024-01-29,2024-11-10,cancelled,5,49
SUB02544,ACC02544,PLN_SCALE,2024-01-29,2024-07-17,cancelled,96,799
SUB02545,ACC02545,PLN_GROWTH,2024-01-29,2024-02-04,cancelled,19,199
SUB02546,ACC02546,PLN_SCALE,2024-01-30,2024-07-10,cancelled,62,799
SUB02547,ACC02547,PLN_STARTER,2024-01-30,2025-12-08,cancelled,4,49
SUB02548,ACC02548,PLN_GROWTH,2024-01-30,2024-03-28,cancelled,18,199
SUB02549,ACC02549,PLN_GROWTH,2024-01-30,2025-01-15,cancelled,19,199
SUB02550,ACC02550,PLN_STARTER,2024-01-30,2024-03-23,cancelled,4,49
SUB02551,ACC02551,PLN_STARTER,2024-01-30,2025-08-01,cancelled,4,49
SUB02552,ACC02552,PLN_STARTER,2024-01-30,2024-05-05,cancelled,3,49
SUB02553,ACC02553,PLN_ENTERPRISE,2024-01-31,2024-07-15,cancelled,499,2499
SUB02554,ACC02554,PLN_ENTERPRISE,2024-01-31,2024-03-26,cancelled,377,2499
SUB02555,ACC02555,PLN_ENTERPRISE,2024-01-31,2024-04-03,cancelled,502,2499
SUB02556,ACC02556,PLN_ENTERPRISE,2024-01-31,2025-05-04,cancelled,318,2499
SUB02557,ACC02557,PLN_GROWTH,2024-01-31,2024-02-02,cancelled,22,199
SUB02558,ACC02558,PLN_STARTER,2024-01-31,,active,3,49
SUB02559,ACC02559,PLN_ENTERPRISE,2024-01-31,2024-08-19,cancelled,345,2499
SUB02560,ACC02560,PLN_GROWTH,2024-01-31,2024-03-19,cancelled,20,199
SUB02561,ACC02561,PLN_STARTER,2024-02-01,2024-03-03,cancelled,4,49
SUB02562,ACC02562,PLN_SCALE,2024-02-01,2024-03-16,cancelled,93,799
SUB02563,ACC02563,PLN_SCALE,2024-02-01,2024-04-14,cancelled,90,799
SUB02564,ACC02564,PLN_STARTER,2024-02-02,2024-09-05,cancelled,5,49
SUB02565,ACC02565,PLN_STARTER,2024-02-02,2024-04-26,cancelled,4,49
SUB02566,ACC02566,PLN_SCALE,2024-02-02,2024-07-17,cancelled,64,799
SUB02567,ACC02567,PLN_GROWTH,2024-02-02,2024-10-28,cancelled,22,199
SUB02568,ACC02568,PLN_ENTERPRISE,2024-02-02,2025-10-27,cancelled,426,2499
SUB02569,ACC02569,PLN_GROWTH,2024-02-02,2024-03-05,cancelled,13,199
SUB02570,ACC02570,PLN_GROWTH,2024-02-02,2025-04-25,cancelled,18,199
SUB02571,ACC02571,PLN_STARTER,2024-02-02,2024-08-15,cancelled,5,49
SUB02572,ACC02572,PLN_SCALE,2024-02-03,,active,86,799
SUB02573,ACC02573,PLN_GROWTH,2024-02-03,2025-04-19,cancelled,22,199
SUB02574,ACC02574,PLN_ENTERPRISE,2024-02-03,2024-06-16,cancelled,468,2499
SUB02575,ACC02575,PLN_SCALE,2024-02-03,2025-04-17,cancelled,90,799
SUB02576,ACC02576,PLN_GROWTH,2024-02-03,2024-05-02,cancelled,19,199
SUB02577,ACC02577,PLN_STARTER,2024-02-03,2024-06-22,cancelled,5,49
SUB02578,ACC02578,PLN_ENTERPRISE,2024-02-04,2024-09-09,cancelled,404,2499
SUB02579,ACC02579,PLN_SCALE,2024-02-04,,active,100,799
SUB02580,ACC02580,PLN_SCALE,2024-02-04,2024-05-17,cancelled,73,799
SUB02581,ACC02581,PLN_STARTER,2024-02-04,2024-08-02,cancelled,6,49
SUB02582,ACC02582,PLN_STARTER,2024-02-05,,active,4,49
SUB02583,ACC02583,PLN_GROWTH,2024-02-05,2024-04-15,cancelled,15,199
SUB02584,ACC02584,PLN_GROWTH,2024-02-05,2024-05-04,cancelled,21,199
SUB02585,ACC02585,PLN_STARTER,2024-02-05,2024-08-18,cancelled,5,49
SUB02586,ACC02586,PLN_GROWTH,2024-02-05,2024-09-12,cancelled,15,199
SUB02587,ACC02587,PLN_STARTER,2024-02-05,2024-07-18,cancelled,3,49
SUB02588,ACC02588,PLN_SCALE,2024-02-05,2024-09-24,cancelled,99,799
SUB02589,ACC02589,PLN_GROWTH,2024-02-05,2024-12-15,cancelled,21,199
SUB02590,ACC02590,PLN_ENTERPRISE,2024-02-05,2024-09-23,cancelled,432,2499
SUB02591,ACC02591,PLN_STARTER,2024-02-05,2024-06-04,cancelled,3,49
SUB02592,ACC02592,PLN_STARTER,2024-02-05,2024-04-11,cancelled,4,49
SUB02593,ACC02593,PLN_GROWTH,2024-02-05,2025-12-13,cancelled,18,199
SUB02594,ACC02594,PLN_GROWTH,2024-02-06,2024-08-05,cancelled,20,199
SUB02595,ACC02595,PLN_ENTERPRISE,2024-02-06,2025-04-23,cancelled,413,2499
SUB02596,ACC02596,PLN_GROWTH,2024-02-06,2025-03-11,cancelled,15,199
SUB02597,ACC02597,PLN_GROWTH,2024-02-06,2024-11-14,cancelled,21,199
SUB02598,ACC02598,PLN_STARTER,2024-02-06,2025-06-08,cancelled,5,49
SUB02599,ACC02599,PLN_GROWTH,2024-02-07,2025-03-25,cancelled,22,199
SUB02600,ACC02600,PLN_STARTER,2024-02-07,2024-07-09,cancelled,4,49
SUB02601,ACC02601,PLN_GROWTH,2024-02-07,2024-06-10,cancelled,19,199
SUB02602,ACC02602,PLN_STARTER,2024-02-07,2024-07-14,cancelled,5,49
SUB02603,ACC02603,PLN_GROWTH,2024-02-07,,active,20,199
SUB02604,ACC02604,PLN_GROWTH,2024-02-07,,active,19,199
SUB02605,ACC02605,PLN_STARTER,2024-02-07,2025-01-17,cancelled,5,49
SUB02606,ACC02606,PLN_GROWTH,2024-02-08,2025-02-20,cancelled,15,199
SUB02607,ACC02607,PLN_GROWTH,2024-02-08,2024-12-23,cancelled,22,199
SUB02608,ACC02608,PLN_SCALE,2024-02-08,2025-03-23,cancelled,95,799
SUB02609,ACC02609,PLN_STARTER,2024-02-08,2024-07-16,cancelled,4,49
SUB02610,ACC02610,PLN_GROWTH,2024-02-08,2024-03-18,cancelled,18,199
SUB02611,ACC02611,PLN_SCALE,2024-02-08,2025-04-19,cancelled,107,799
SUB02612,ACC02612,PLN_SCALE,2024-02-08,2025-05-21,cancelled,64,799
SUB02613,ACC02613,PLN_STARTER,2024-02-08,2024-06-09,cancelled,5,49
SUB02614,ACC02614,PLN_STARTER,2024-02-08,2024-06-15,cancelled,5,49
SUB02615,ACC02615,PLN_GROWTH,2024-02-08,2025-06-13,cancelled,14,199
SUB02616,ACC02616,PLN_STARTER,2024-02-09,2024-07-08,cancelled,5,49
SUB02617,ACC02617,PLN_GROWTH,2024-02-09,2024-04-06,cancelled,13,199
SUB02618,ACC02618,PLN_GROWTH,2024-02-09,2025-10-28,cancelled,22,199
SUB02619,ACC02619,PLN_GROWTH,2024-02-09,2025-06-22,cancelled,22,199
SUB02620,ACC02620,PLN_ENTERPRISE,2024-02-09,2024-11-15,cancelled,450,2499
SUB02621,ACC02621,PLN_SCALE,2024-02-09,2024-05-02,cancelled,84,799
SUB02622,ACC02622,PLN_STARTER,2024-02-09,2024-05-26,cancelled,4,49
SUB02623,ACC02623,PLN_ENTERPRISE,2024-02-09,2024-08-04,cancelled,542,2499
SUB02624,ACC02624,PLN_ENTERPRISE,2024-02-09,2024-05-16,cancelled,555,2499
SUB02625,ACC02625,PLN_GROWTH,2024-02-09,2025-10-11,cancelled,16,199
SUB02626,ACC02626,PLN_GROWTH,2024-02-09,2024-04-06,cancelled,12,199
SUB02627,ACC02627,PLN_SCALE,2024-02-10,2025-10-19,cancelled,115,799
SUB02628,ACC02628,PLN_SCALE,2024-02-10,2025-08-15,cancelled,73,799
SUB02629,ACC02629,PLN_STARTER,2024-02-10,2024-04-02,cancelled,5,49
SUB02630,ACC02630,PLN_GROWTH,2024-02-10,2025-10-15,cancelled,23,199
SUB02631,ACC02631,PLN_STARTER,2024-02-10,2024-05-05,cancelled,5,49
SUB02632,ACC02632,PLN_SCALE,2024-02-10,2025-07-14,cancelled,66,799
SUB02633,ACC02633,PLN_STARTER,2024-02-10,2024-04-10,cancelled,4,49
SUB02634,ACC02634,PLN_ENTERPRISE,2024-02-10,,active,440,2499
SUB02635,ACC02635,PLN_STARTER,2024-02-11,2024-03-25,cancelled,4,49
SUB02636,ACC02636,PLN_SCALE,2024-02-11,,active,104,799
SUB02637,ACC02637,PLN_STARTER,2024-02-11,2024-11-02,cancelled,5,49
SUB02638,ACC02638,PLN_SCALE,2024-02-11,,active,61,799
SUB02639,ACC02639,PLN_SCALE,2024-02-11,2025-03-15,cancelled,82,799
SUB02640,ACC02640,PLN_SCALE,2024-02-12,2024-08-20,cancelled,103,799
SUB02641,ACC02641,PLN_SCALE,2024-02-12,2024-04-08,cancelled,68,799
SUB02642,ACC02642,PLN_ENTERPRISE,2024-02-12,2024-06-27,cancelled,528,2499
SUB02643,ACC02643,PLN_STARTER,2024-02-12,2024-04-12,cancelled,4,49
SUB02644,ACC02644,PLN_ENTERPRISE,2024-02-12,2024-05-04,cancelled,405,2499
SUB02645,ACC02645,PLN_STARTER,2024-02-12,2024-05-19,cancelled,4,49
SUB02646,ACC02646,PLN_STARTER,2024-02-12,2024-05-04,cancelled,4,49
SUB02647,ACC02647,PLN_STARTER,2024-02-12,2024-05-01,cancelled,4,49
SUB02648,ACC02648,PLN_STARTER,2024-02-13,2024-07-09,cancelled,4,49
SUB02649,ACC02649,PLN_ENTERPRISE,2024-02-13,2024-05-22,cancelled,546,2499
SUB02650,ACC02650,PLN_ENTERPRISE,2024-02-13,2024-08-23,cancelled,509,2499
SUB02651,ACC02651,PLN_SCALE,2024-02-13,2024-04-23,cancelled,77,799
SUB02652,ACC02652,PLN_STARTER,2024-02-13,,active,5,49
SUB02653,ACC02653,PLN_STARTER,2024-02-13,2024-04-11,cancelled,4,49
SUB02654,ACC02654,PLN_GROWTH,2024-02-13,2024-08-20,cancelled,18,199
SUB02655,ACC02655,PLN_STARTER,2024-02-13,2024-03-09,cancelled,5,49
SUB02656,ACC02656,PLN_SCALE,2024-02-13,2024-08-19,cancelled,84,799
SUB02657,ACC02657,PLN_STARTER,2024-02-13,2024-04-28,cancelled,5,49
SUB02658,ACC02658,PLN_STARTER,2024-02-14,2025-02-28,cancelled,4,49
SUB02659,ACC02659,PLN_STARTER,2024-02-14,2025-06-04,cancelled,5,49
SUB02660,ACC02660,PLN_STARTER,2024-02-14,2024-04-12,cancelled,4,49
SUB02661,ACC02661,PLN_STARTER,2024-02-14,2024-07-13,cancelled,4,49
SUB02662,ACC02662,PLN_STARTER,2024-02-15,2024-06-26,cancelled,5,49
SUB02663,ACC02663,PLN_STARTER,2024-02-15,,active,4,49
SUB02664,ACC02664,PLN_GROWTH,2024-02-15,2025-03-16,cancelled,22,199
SUB02665,ACC02665,PLN_STARTER,2024-02-15,2024-04-03,cancelled,6,49
SUB02666,ACC02666,PLN_STARTER,2024-02-15,2025-01-11,cancelled,4,49
SUB02667,ACC02667,PLN_STARTER,2024-02-15,2024-06-13,cancelled,5,49
SUB02668,ACC02668,PLN_GROWTH,2024-02-15,,active,15,199
SUB02669,ACC02669,PLN_SCALE,2024-02-16,2025-03-24,cancelled,81,799
SUB02670,ACC02670,PLN_SCALE,2024-02-16,2025-02-25,cancelled,99,799
SUB02671,ACC02671,PLN_GROWTH,2024-02-16,2024-08-14,cancelled,13,199
SUB02672,ACC02672,PLN_STARTER,2024-02-16,2024-06-14,cancelled,4,49
SUB02673,ACC02673,PLN_SCALE,2024-02-16,2025-01-08,cancelled,92,799
SUB02674,ACC02674,PLN_GROWTH,2024-02-17,2024-08-11,cancelled,16,199
SUB02675,ACC02675,PLN_STARTER,2024-02-17,2024-10-10,cancelled,6,49
SUB02676,ACC02676,PLN_ENTERPRISE,2024-02-17,2024-12-25,cancelled,498,2499
SUB02677,ACC02677,PLN_ENTERPRISE,2024-02-17,2024-07-24,cancelled,395,2499
SUB02678,ACC02678,PLN_GROWTH,2024-02-18,2025-12-02,cancelled,18,199
SUB02679,ACC02679,PLN_SCALE,2024-02-18,2024-03-16,cancelled,81,799
SUB02680,ACC02680,PLN_GROWTH,2024-02-18,2024-04-11,cancelled,17,199
SUB02681,ACC02681,PLN_SCALE,2024-02-18,2025-05-13,cancelled,83,799
SUB02682,ACC02682,PLN_GROWTH,2024-02-19,,active,15,199
SUB02683,ACC02683,PLN_STARTER,2024-02-19,2024-08-09,cancelled,4,49
SUB02684,ACC02684,PLN_SCALE,2024-02-19,2024-11-21,cancelled,108,799
SUB02685,ACC02685,PLN_STARTER,2024-02-19,2024-08-07,cancelled,5,49
SUB02686,ACC02686,PLN_GROWTH,2024-02-19,2024-10-01,cancelled,13,199
SUB02687,ACC02687,PLN_GROWTH,2024-02-19,2024-08-05,cancelled,12,199
SUB02688,ACC02688,PLN_GROWTH,2024-02-19,2024-05-09,cancelled,16,199
SUB02689,ACC02689,PLN_SCALE,2024-02-19,2024-07-25,cancelled,86,799
SUB02690,ACC02690,PLN_GROWTH,2024-02-20,2025-06-04,cancelled,18,199
SUB02691,ACC02691,PLN_STARTER,2024-02-20,2024-07-13,cancelled,4,49
SUB02692,ACC02692,PLN_GROWTH,2024-02-20,,active,22,199
SUB02693,ACC02693,PLN_SCALE,2024-02-20,2025-07-11,cancelled,70,799
SUB02694,ACC02694,PLN_SCALE,2024-02-20,,active,97,799
SUB02695,ACC02695,PLN_ENTERPRISE,2024-02-20,2024-04-22,cancelled,536,2499
SUB02696,ACC02696,PLN_STARTER,2024-02-20,2025-12-05,cancelled,3,49
SUB02697,ACC02697,PLN_SCALE,2024-02-20,,active,104,799
SUB02698,ACC02698,PLN_SCALE,2024-02-20,2025-05-04,cancelled,75,799
SUB02699,ACC02699,PLN_GROWTH,2024-02-20,2025-02-14,cancelled,17,199
SUB02700,ACC02700,PLN_SCALE,2024-02-21,2024-09-02,cancelled,97,799
SUB02701,ACC02701,PLN_ENTERPRISE,2024-02-21,2025-06-11,cancelled,369,2499
SUB02702,ACC02702,PLN_STARTER,2024-02-21,2024-08-22,cancelled,4,49
SUB02703,ACC02703,PLN_GROWTH,2024-02-21,,active,18,199
SUB02704,ACC02704,PLN_GROWTH,2024-02-21,2025-02-21,cancelled,19,199
SUB02705,ACC02705,PLN_GROWTH,2024-02-21,2024-03-15,cancelled,22,199
SUB02706,ACC02706,PLN_STARTER,2024-02-21,2024-05-17,cancelled,5,49
SUB02707,ACC02707,PLN_STARTER,2024-02-21,,active,4,49
SUB02708,ACC02708,PLN_GROWTH,2024-02-21,2024-06-18,cancelled,18,199
SUB02709,ACC02709,PLN_SCALE,2024-02-22,2024-09-25,cancelled,69,799
SUB02710,ACC02710,PLN_GROWTH,2024-02-22,2025-01-25,cancelled,15,199
SUB02711,ACC02711,PLN_GROWTH,2024-02-22,2024-03-17,cancelled,17,199
SUB02712,ACC02712,PLN_ENTERPRISE,2024-02-23,2025-05-21,cancelled,560,2499
SUB02713,ACC02713,PLN_SCALE,2024-02-23,2024-06-14,cancelled,83,799
SUB02714,ACC02714,PLN_STARTER,2024-02-23,2025-06-10,cancelled,3,49
SUB02715,ACC02715,PLN_GROWTH,2024-02-23,2025-02-16,cancelled,19,199
SUB02716,ACC02716,PLN_GROWTH,2024-02-23,2024-03-15,cancelled,18,199
SUB02717,ACC02717,PLN_STARTER,2024-02-23,2024-07-10,cancelled,3,49
SUB02718,ACC02718,PLN_STARTER,2024-02-23,2024-10-01,cancelled,4,49
SUB02719,ACC02719,PLN_STARTER,2024-02-23,2024-05-18,cancelled,3,49
SUB02720,ACC02720,PLN_GROWTH,2024-02-23,,active,17,199
SUB02721,ACC02721,PLN_STARTER,2024-02-24,2024-03-27,cancelled,3,49
SUB02722,ACC02722,PLN_STARTER,2024-02-24,2024-09-20,cancelled,5,49
SUB02723,ACC02723,PLN_STARTER,2024-02-24,2024-11-13,cancelled,5,49
SUB02724,ACC02724,PLN_STARTER,2024-02-24,2025-08-22,cancelled,4,49
SUB02725,ACC02725,PLN_SCALE,2024-02-24,2024-07-10,cancelled,80,799
SUB02726,ACC02726,PLN_GROWTH,2024-02-24,2024-08-04,cancelled,23,199
SUB02727,ACC02727,PLN_STARTER,2024-02-24,2025-01-14,cancelled,4,49
SUB02728,ACC02728,PLN_STARTER,2024-02-25,2024-09-08,cancelled,5,49
SUB02729,ACC02729,PLN_STARTER,2024-02-25,2025-12-14,cancelled,5,49
SUB02730,ACC02730,PLN_SCALE,2024-02-25,2024-08-16,cancelled,75,799
SUB02731,ACC02731,PLN_STARTER,2024-02-25,2025-08-16,cancelled,4,49
SUB02732,ACC02732,PLN_SCALE,2024-02-25,2025-07-25,cancelled,61,799
SUB02733,ACC02733,PLN_SCALE,2024-02-25,2025-02-20,cancelled,107,799
SUB02734,ACC02734,PLN_GROWTH,2024-02-25,,active,23,199
SUB02735,ACC02735,PLN_STARTER,2024-02-25,2024-05-27,cancelled,4,49
SUB02736,ACC02736,PLN_SCALE,2024-02-25,2024-04-13,cancelled,94,799
SUB02737,ACC02737,PLN_STARTER,2024-02-26,2024-04-26,cancelled,4,49
SUB02738,ACC02738,PLN_STARTER,2024-02-26,2025-04-10,cancelled,5,49
SUB02739,ACC02739,PLN_SCALE,2024-02-26,2024-05-27,cancelled,75,799
SUB02740,ACC02740,PLN_SCALE,2024-02-26,2025-08-01,cancelled,98,799
SUB02741,ACC02741,PLN_GROWTH,2024-02-26,2024-10-15,cancelled,16,199
SUB02742,ACC02742,PLN_GROWTH,2024-02-26,2024-06-21,cancelled,13,199
SUB02743,ACC02743,PLN_GROWTH,2024-02-26,2025-12-01,cancelled,13,199
SUB02744,ACC02744,PLN_STARTER,2024-02-26,2024-06-14,cancelled,5,49
SUB02745,ACC02745,PLN_GROWTH,2024-02-27,2024-04-21,cancelled,18,199
SUB02746,ACC02746,PLN_SCALE,2024-02-27,2024-06-28,cancelled,85,799
SUB02747,ACC02747,PLN_STARTER,2024-02-27,2024-05-03,cancelled,4,49
SUB02748,ACC02748,PLN_GROWTH,2024-02-27,,active,19,199
SUB02749,ACC02749,PLN_STARTER,2024-02-27,2024-04-06,cancelled,5,49
SUB02750,ACC02750,PLN_SCALE,2024-02-27,2024-06-02,cancelled,98,799
SUB02751,ACC02751,PLN_STARTER,2024-02-28,2025-05-18,cancelled,3,49
SUB02752,ACC02752,PLN_STARTER,2024-02-28,2024-05-08,cancelled,5,49
SUB02753,ACC02753,PLN_GROWTH,2024-02-28,2024-05-24,cancelled,14,199
SUB02754,ACC02754,PLN_SCALE,2024-02-28,2025-04-20,cancelled,74,799
SUB02755,ACC02755,PLN_SCALE,2024-02-28,,active,82,799
SUB02756,ACC02756,PLN_STARTER,2024-02-28,2024-05-03,cancelled,4,49
SUB02757,ACC02757,PLN_STARTER,2024-02-28,2025-09-06,cancelled,5,49
SUB02758,ACC02758,PLN_GROWTH,2024-02-28,2025-02-23,cancelled,21,199
SUB02759,ACC02759,PLN_STARTER,2024-02-28,2024-12-19,cancelled,4,49
SUB02760,ACC02760,PLN_GROWTH,2024-02-29,2024-06-25,cancelled,18,199
SUB02761,ACC02761,PLN_GROWTH,2024-02-29,2025-07-06,cancelled,16,199
SUB02762,ACC02762,PLN_SCALE,2024-02-29,2024-07-22,cancelled,83,799
SUB02763,ACC02763,PLN_GROWTH,2024-02-29,2025-01-23,cancelled,15,199
SUB02764,ACC02764,PLN_GROWTH,2024-03-01,2025-06-27,cancelled,19,199
SUB02765,ACC02765,PLN_STARTER,2024-03-01,2024-06-14,cancelled,4,49
SUB02766,ACC02766,PLN_STARTER,2024-03-01,2025-01-11,cancelled,5,49
SUB02767,ACC02767,PLN_SCALE,2024-03-01,,active,90,799
SUB02768,ACC02768,PLN_SCALE,2024-03-01,2024-07-10,cancelled,82,799
SUB02769,ACC02769,PLN_STARTER,2024-03-01,2024-04-23,cancelled,3,49
SUB02770,ACC02770,PLN_GROWTH,2024-03-02,2024-05-13,cancelled,19,199
SUB02771,ACC02771,PLN_STARTER,2024-03-02,2025-11-11,cancelled,5,49
SUB02772,ACC02772,PLN_GROWTH,2024-03-02,2025-03-22,cancelled,18,199
SUB02773,ACC02773,PLN_STARTER,2024-03-02,2024-08-19,cancelled,4,49
SUB02774,ACC02774,PLN_SCALE,2024-03-02,2024-05-18,cancelled,103,799
SUB02775,ACC02775,PLN_GROWTH,2024-03-02,2024-08-22,cancelled,12,199
SUB02776,ACC02776,PLN_SCALE,2024-03-02,,active,110,799
SUB02777,ACC02777,PLN_STARTER,2024-03-02,,active,4,49
SUB02778,ACC02778,PLN_SCALE,2024-03-03,,active,83,799
SUB02779,ACC02779,PLN_STARTER,2024-03-03,2024-06-03,cancelled,4,49
SUB02780,ACC02780,PLN_STARTER,2024-03-03,2024-07-21,cancelled,3,49
SUB02781,ACC02781,PLN_STARTER,2024-03-03,2025-08-17,cancelled,5,49
SUB02782,ACC02782,PLN_SCALE,2024-03-04,,active,68,799
SUB02783,ACC02783,PLN_SCALE,2024-03-04,,active,99,799
SUB02784,ACC02784,PLN_GROWTH,2024-03-04,2024-12-17,cancelled,15,199
SUB02785,ACC02785,PLN_STARTER,2024-03-04,2024-06-19,cancelled,3,49
SUB02786,ACC02786,PLN_STARTER,2024-03-04,2025-01-06,cancelled,4,49
SUB02787,ACC02787,PLN_STARTER,2024-03-04,2025-01-04,cancelled,3,49
SUB02788,ACC02788,PLN_STARTER,2024-03-04,2024-06-06,cancelled,4,49
SUB02789,ACC02789,PLN_STARTER,2024-03-04,,active,5,49
SUB02790,ACC02790,PLN_GROWTH,2024-03-04,2024-06-19,cancelled,15,199
SUB02791,ACC02791,PLN_STARTER,2024-03-04,2024-10-23,cancelled,5,49
SUB02792,ACC02792,PLN_ENTERPRISE,2024-03-05,2025-01-22,cancelled,303,2499
SUB02793,ACC02793,PLN_GROWTH,2024-03-05,2025-03-05,cancelled,13,199
SUB02794,ACC02794,PLN_STARTER,2024-03-05,2024-08-07,cancelled,4,49
SUB02795,ACC02795,PLN_GROWTH,2024-03-05,2024-08-09,cancelled,23,199
SUB02796,ACC02796,PLN_ENTERPRISE,2024-03-05,2024-05-11,cancelled,307,2499
SUB02797,ACC02797,PLN_ENTERPRISE,2024-03-05,2024-04-16,cancelled,415,2499
SUB02798,ACC02798,PLN_GROWTH,2024-03-05,2024-10-08,cancelled,21,199
SUB02799,ACC02799,PLN_STARTER,2024-03-05,2024-08-18,cancelled,4,49
SUB02800,ACC02800,PLN_STARTER,2024-03-06,2024-06-08,cancelled,4,49
SUB02801,ACC02801,PLN_STARTER,2024-03-06,,active,4,49
SUB02802,ACC02802,PLN_GROWTH,2024-03-06,2024-06-11,cancelled,21,199
SUB02803,ACC02803,PLN_SCALE,2024-03-06,2024-10-25,cancelled,66,799
SUB02804,ACC02804,PLN_ENTERPRISE,2024-03-06,2024-04-23,cancelled,461,2499
SUB02805,ACC02805,PLN_GROWTH,2024-03-06,2025-08-19,cancelled,15,199
SUB02806,ACC02806,PLN_GROWTH,2024-03-07,2024-12-05,cancelled,15,199
SUB02807,ACC02807,PLN_ENTERPRISE,2024-03-07,2024-05-28,cancelled,545,2499
SUB02808,ACC02808,PLN_SCALE,2024-03-07,2024-07-10,cancelled,92,799
SUB02809,ACC02809,PLN_ENTERPRISE,2024-03-07,2025-03-16,cancelled,537,2499
SUB02810,ACC02810,PLN_STARTER,2024-03-07,2024-04-02,cancelled,5,49
SUB02811,ACC02811,PLN_GROWTH,2024-03-07,2024-05-18,cancelled,20,199
SUB02812,ACC02812,PLN_ENTERPRISE,2024-03-07,2024-06-21,cancelled,321,2499
SUB02813,ACC02813,PLN_ENTERPRISE,2024-03-07,2024-09-01,cancelled,515,2499
SUB02814,ACC02814,PLN_GROWTH,2024-03-08,2024-07-07,cancelled,17,199
SUB02815,ACC02815,PLN_ENTERPRISE,2024-03-08,2024-05-02,cancelled,348,2499
SUB02816,ACC02816,PLN_GROWTH,2024-03-08,2024-04-06,cancelled,14,199
SUB02817,ACC02817,PLN_GROWTH,2024-03-08,2025-02-19,cancelled,20,199
SUB02818,ACC02818,PLN_STARTER,2024-03-08,2024-08-17,cancelled,6,49
SUB02819,ACC02819,PLN_STARTER,2024-03-08,2024-04-23,cancelled,5,49
SUB02820,ACC02820,PLN_STARTER,2024-03-08,2024-12-14,cancelled,5,49
SUB02821,ACC02821,PLN_STARTER,2024-03-08,2025-01-01,cancelled,4,49
SUB02822,ACC02822,PLN_STARTER,2024-03-08,2024-10-23,cancelled,4,49
SUB02823,ACC02823,PLN_SCALE,2024-03-09,2024-05-19,cancelled,78,799
SUB02824,ACC02824,PLN_STARTER,2024-03-09,2024-06-28,cancelled,3,49
SUB02825,ACC02825,PLN_STARTER,2024-03-09,2025-11-15,cancelled,3,49
SUB02826,ACC02826,PLN_STARTER,2024-03-09,2024-07-14,cancelled,5,49
SUB02827,ACC02827,PLN_GROWTH,2024-03-09,2024-09-11,cancelled,14,199
SUB02828,ACC02828,PLN_GROWTH,2024-03-10,,active,13,199
SUB02829,ACC02829,PLN_STARTER,2024-03-10,2024-10-27,cancelled,5,49
SUB02830,ACC02830,PLN_SCALE,2024-03-10,2025-11-16,cancelled,85,799
SUB02831,ACC02831,PLN_GROWTH,2024-03-10,2025-09-11,cancelled,20,199
SUB02832,ACC02832,PLN_STARTER,2024-03-11,2024-04-20,cancelled,4,49
SUB02833,ACC02833,PLN_GROWTH,2024-03-11,2024-05-15,cancelled,16,199
SUB02834,ACC02834,PLN_STARTER,2024-03-11,2024-05-06,cancelled,5,49
SUB02835,ACC02835,PLN_STARTER,2024-03-11,2025-04-25,cancelled,4,49
SUB02836,ACC02836,PLN_STARTER,2024-03-11,2024-06-18,cancelled,6,49
SUB02837,ACC02837,PLN_GROWTH,2024-03-11,,active,12,199
SUB02838,ACC02838,PLN_SCALE,2024-03-11,2025-02-20,cancelled,112,799
SUB02839,ACC02839,PLN_STARTER,2024-03-11,2025-01-21,cancelled,4,49
SUB02840,ACC02840,PLN_STARTER,2024-03-11,2024-05-22,cancelled,3,49
SUB02841,ACC02841,PLN_GROWTH,2024-03-11,2024-04-22,cancelled,15,199
SUB02842,ACC02842,PLN_SCALE,2024-03-11,2024-08-12,cancelled,78,799
SUB02843,ACC02843,PLN_SCALE,2024-03-12,2024-10-13,cancelled,102,799
SUB02844,ACC02844,PLN_GROWTH,2024-03-12,2024-06-24,cancelled,19,199
SUB02845,ACC02845,PLN_STARTER,2024-03-12,,active,4,49
SUB02846,ACC02846,PLN_GROWTH,2024-03-12,2025-09-10,cancelled,18,199
SUB02847,ACC02847,PLN_STARTER,2024-03-12,2024-08-13,cancelled,6,49
SUB02848,ACC02848,PLN_STARTER,2024-03-12,2024-08-06,cancelled,4,49
SUB02849,ACC02849,PLN_GROWTH,2024-03-12,2024-06-12,cancelled,22,199
SUB02850,ACC02850,PLN_STARTER,2024-03-12,2025-09-02,cancelled,5,49
SUB02851,ACC02851,PLN_SCALE,2024-03-13,,active,74,799
SUB02852,ACC02852,PLN_GROWTH,2024-03-13,2024-05-23,cancelled,13,199
SUB02853,ACC02853,PLN_STARTER,2024-03-13,2024-12-28,cancelled,5,49
SUB02854,ACC02854,PLN_GROWTH,2024-03-13,2024-05-22,cancelled,16,199
SUB02855,ACC02855,PLN_STARTER,2024-03-14,2024-06-14,cancelled,5,49
SUB02856,ACC02856,PLN_STARTER,2024-03-14,2024-11-23,cancelled,5,49
SUB02857,ACC02857,PLN_SCALE,2024-03-14,2024-09-19,cancelled,82,799
SUB02858,ACC02858,PLN_SCALE,2024-03-14,2024-05-08,cancelled,79,799
SUB02859,ACC02859,PLN_STARTER,2024-03-15,2025-11-11,cancelled,4,49
SUB02860,ACC02860,PLN_GROWTH,2024-03-15,2024-05-06,cancelled,14,199
SUB02861,ACC02861,PLN_SCALE,2024-03-15,2024-09-07,cancelled,65,799
SUB02862,ACC02862,PLN_STARTER,2024-03-15,2024-06-14,cancelled,4,49
SUB02863,ACC02863,PLN_GROWTH,2024-03-15,,active,20,199
SUB02864,ACC02864,PLN_STARTER,2024-03-15,2024-05-19,cancelled,3,49
SUB02865,ACC02865,PLN_STARTER,2024-03-15,2024-04-17,cancelled,4,49
SUB02866,ACC02866,PLN_ENTERPRISE,2024-03-15,,active,436,2499
SUB02867,ACC02867,PLN_SCALE,2024-03-16,2025-07-27,cancelled,97,799
SUB02868,ACC02868,PLN_STARTER,2024-03-16,2025-03-11,cancelled,5,49
SUB02869,ACC02869,PLN_SCALE,2024-03-16,,active,103,799
SUB02870,ACC02870,PLN_ENTERPRISE,2024-03-16,2024-05-08,cancelled,360,2499
SUB02871,ACC02871,PLN_STARTER,2024-03-16,2024-07-19,cancelled,3,49
SUB02872,ACC02872,PLN_STARTER,2024-03-16,2024-05-10,cancelled,5,49
SUB02873,ACC02873,PLN_GROWTH,2024-03-16,2024-04-12,cancelled,13,199
SUB02874,ACC02874,PLN_GROWTH,2024-03-17,,active,14,199
SUB02875,ACC02875,PLN_GROWTH,2024-03-17,2025-06-16,cancelled,21,199
SUB02876,ACC02876,PLN_SCALE,2024-03-17,2024-05-13,cancelled,80,799
SUB02877,ACC02877,PLN_GROWTH,2024-03-17,2024-07-25,cancelled,13,199
SUB02878,ACC02878,PLN_STARTER,2024-03-17,2024-07-22,cancelled,3,49
SUB02879,ACC02879,PLN_SCALE,2024-03-17,2024-11-07,cancelled,68,799
SUB02880,ACC02880,PLN_STARTER,2024-03-18,2024-05-28,cancelled,5,49
SUB02881,ACC02881,PLN_SCALE,2024-03-18,2024-08-13,cancelled,86,799
SUB02882,ACC02882,PLN_SCALE,2024-03-18,2025-04-08,cancelled,94,799
SUB02883,ACC02883,PLN_STARTER,2024-03-18,2024-05-04,cancelled,4,49
SUB02884,ACC02884,PLN_STARTER,2024-03-18,2024-04-08,cancelled,5,49
SUB02885,ACC02885,PLN_ENTERPRISE,2024-03-18,2024-06-14,cancelled,310,2499
SUB02886,ACC02886,PLN_STARTER,2024-03-18,2024-06-03,cancelled,4,49
SUB02887,ACC02887,PLN_SCALE,2024-03-18,2025-05-04,cancelled,78,799
SUB02888,ACC02888,PLN_SCALE,2024-03-18,2024-09-16,cancelled,97,799
SUB02889,ACC02889,PLN_GROWTH,2024-03-18,2024-08-01,cancelled,20,199
SUB02890,ACC02890,PLN_GROWTH,2024-03-18,2024-05-07,cancelled,15,199
SUB02891,ACC02891,PLN_STARTER,2024-03-18,2024-05-14,cancelled,3,49
SUB02892,ACC02892,PLN_GROWTH,2024-03-18,2024-06-08,cancelled,14,199
SUB02893,ACC02893,PLN_SCALE,2024-03-18,2025-01-13,cancelled,65,799
SUB02894,ACC02894,PLN_SCALE,2024-03-19,,active,61,799
SUB02895,ACC02895,PLN_STARTER,2024-03-19,2024-09-18,cancelled,5,49
SUB02896,ACC02896,PLN_GROWTH,2024-03-19,2024-05-15,cancelled,21,199
SUB02897,ACC02897,PLN_GROWTH,2024-03-19,2024-11-21,cancelled,23,199
SUB02898,ACC02898,PLN_STARTER,2024-03-19,2024-05-14,cancelled,5,49
SUB02899,ACC02899,PLN_GROWTH,2024-03-19,,active,17,199
SUB02900,ACC02900,PLN_ENTERPRISE,2024-03-19,2025-05-22,cancelled,481,2499
SUB02901,ACC02901,PLN_ENTERPRISE,2024-03-20,2025-06-26,cancelled,465,2499
SUB02902,ACC02902,PLN_SCALE,2024-03-20,,active,100,799
SUB02903,ACC02903,PLN_STARTER,2024-03-20,2024-07-01,cancelled,4,49
SUB02904,ACC02904,PLN_ENTERPRISE,2024-03-20,2024-07-17,cancelled,510,2499
SUB02905,ACC02905,PLN_STARTER,2024-03-20,2024-05-01,cancelled,4,49
SUB02906,ACC02906,PLN_ENTERPRISE,2024-03-20,2024-05-10,cancelled,403,2499
SUB02907,ACC02907,PLN_SCALE,2024-03-21,2025-01-03,cancelled,77,799
SUB02908,ACC02908,PLN_STARTER,2024-03-21,2024-05-27,cancelled,5,49
SUB02909,ACC02909,PLN_STARTER,2024-03-21,2024-05-02,cancelled,4,49
SUB02910,ACC02910,PLN_ENTERPRISE,2024-03-21,2024-07-13,cancelled,527,2499
SUB02911,ACC02911,PLN_SCALE,2024-03-21,2024-07-07,cancelled,90,799
SUB02912,ACC02912,PLN_SCALE,2024-03-21,,active,99,799
SUB02913,ACC02913,PLN_GROWTH,2024-03-21,2024-04-02,cancelled,21,199
SUB02914,ACC02914,PLN_GROWTH,2024-03-21,,active,20,199
SUB02915,ACC02915,PLN_STARTER,2024-03-21,2024-08-23,cancelled,4,49
SUB02916,ACC02916,PLN_GROWTH,2024-03-21,,active,18,199
SUB02917,ACC02917,PLN_SCALE,2024-03-21,2025-05-02,cancelled,94,799
SUB02918,ACC02918,PLN_STARTER,2024-03-22,,active,4,49
SUB02919,ACC02919,PLN_GROWTH,2024-03-22,2025-11-05,cancelled,17,199
SUB02920,ACC02920,PLN_SCALE,2024-03-22,2024-08-21,cancelled,75,799
SUB02921,ACC02921,PLN_SCALE,2024-03-22,2024-04-10,cancelled,75,799
SUB02922,ACC02922,PLN_STARTER,2024-03-22,2024-06-23,cancelled,3,49
SUB02923,ACC02923,PLN_GROWTH,2024-03-23,,active,20,199
SUB02924,ACC02924,PLN_STARTER,2024-03-23,2024-07-10,cancelled,3,49
SUB02925,ACC02925,PLN_STARTER,2024-03-23,2024-06-15,cancelled,5,49
SUB02926,ACC02926,PLN_STARTER,2024-03-23,2024-04-07,cancelled,4,49
SUB02927,ACC02927,PLN_STARTER,2024-03-24,2024-08-02,cancelled,3,49
SUB02928,ACC02928,PLN_ENTERPRISE,2024-03-24,2024-06-04,cancelled,375,2499
SUB02929,ACC02929,PLN_GROWTH,2024-03-24,2025-05-12,cancelled,22,199
SUB02930,ACC02930,PLN_STARTER,2024-03-24,2025-10-16,cancelled,5,49
SUB02931,ACC02931,PLN_GROWTH,2024-03-24,2025-01-22,cancelled,21,199
SUB02932,ACC02932,PLN_STARTER,2024-03-24,2024-05-18,cancelled,4,49
SUB02933,ACC02933,PLN_SCALE,2024-03-25,2024-10-22,cancelled,90,799
SUB02934,ACC02934,PLN_STARTER,2024-03-25,2025-02-01,cancelled,5,49
SUB02935,ACC02935,PLN_SCALE,2024-03-25,2024-08-04,cancelled,114,799
SUB02936,ACC02936,PLN_GROWTH,2024-03-25,2025-05-20,cancelled,17,199
SUB02937,ACC02937,PLN_SCALE,2024-03-25,2024-08-02,cancelled,77,799
SUB02938,ACC02938,PLN_GROWTH,2024-03-25,2024-09-28,cancelled,16,199
SUB02939,ACC02939,PLN_STARTER,2024-03-25,2024-09-09,cancelled,3,49
SUB02940,ACC02940,PLN_GROWTH,2024-03-26,2025-07-21,cancelled,13,199
SUB02941,ACC02941,PLN_GROWTH,2024-03-26,2024-04-04,cancelled,17,199
SUB02942,ACC02942,PLN_GROWTH,2024-03-26,,active,20,199
SUB02943,ACC02943,PLN_STARTER,2024-03-26,2024-04-12,cancelled,6,49
SUB02944,ACC02944,PLN_STARTER,2024-03-26,2025-01-04,cancelled,4,49
SUB02945,ACC02945,PLN_GROWTH,2024-03-26,2024-04-19,cancelled,17,199
SUB02946,ACC02946,PLN_STARTER,2024-03-26,2025-01-21,cancelled,5,49
SUB02947,ACC02947,PLN_SCALE,2024-03-27,,active,87,799
SUB02948,ACC02948,PLN_STARTER,2024-03-27,2024-10-19,cancelled,6,49
SUB02949,ACC02949,PLN_GROWTH,2024-03-27,2024-07-10,cancelled,20,199
SUB02950,ACC02950,PLN_GROWTH,2024-03-27,2025-04-10,cancelled,22,199
SUB02951,ACC02951,PLN_GROWTH,2024-03-27,2024-11-13,cancelled,18,199
SUB02952,ACC02952,PLN_GROWTH,2024-03-28,2024-05-04,cancelled,20,199
SUB02953,ACC02953,PLN_SCALE,2024-03-28,2024-06-27,cancelled,103,799
SUB02954,ACC02954,PLN_SCALE,2024-03-28,2024-09-10,cancelled,78,799
SUB02955,ACC02955,PLN_GROWTH,2024-03-28,2024-07-15,cancelled,22,199
SUB02956,ACC02956,PLN_STARTER,2024-03-28,2024-05-19,cancelled,4,49
SUB02957,ACC02957,PLN_STARTER,2024-03-28,,active,3,49
SUB02958,ACC02958,PLN_STARTER,2024-03-29,2024-08-03,cancelled,4,49
SUB02959,ACC02959,PLN_ENTERPRISE,2024-03-29,2024-08-02,cancelled,370,2499
SUB02960,ACC02960,PLN_STARTER,2024-03-29,2025-06-04,cancelled,5,49
SUB02961,ACC02961,PLN_STARTER,2024-03-29,2024-07-10,cancelled,5,49
SUB02962,ACC02962,PLN_ENTERPRISE,2024-03-29,2024-05-11,cancelled,443,2499
SUB02963,ACC02963,PLN_STARTER,2024-03-29,2024-07-11,cancelled,5,49
SUB02964,ACC02964,PLN_STARTER,2024-03-29,2024-06-19,cancelled,6,49
SUB02965,ACC02965,PLN_GROWTH,2024-03-29,2024-05-15,cancelled,20,199
SUB02966,ACC02966,PLN_STARTER,2024-03-29,2024-08-20,cancelled,4,49
SUB02967,ACC02967,PLN_SCALE,2024-03-29,2024-04-26,cancelled,90,799
SUB02968,ACC02968,PLN_STARTER,2024-03-30,2024-11-03,cancelled,5,49
SUB02969,ACC02969,PLN_ENTERPRISE,2024-03-30,2024-06-19,cancelled,554,2499
SUB02970,ACC02970,PLN_GROWTH,2024-03-30,2025-01-07,cancelled,12,199
SUB02971,ACC02971,PLN_STARTER,2024-03-30,2024-11-27,cancelled,3,49
SUB02972,ACC02972,PLN_GROWTH,2024-03-31,2024-07-09,cancelled,22,199
SUB02973,ACC02973,PLN_STARTER,2024-04-01,,active,5,49
SUB02974,ACC02974,PLN_STARTER,2024-04-01,2024-09-11,cancelled,4,49
SUB02975,ACC02975,PLN_STARTER,2024-04-01,2025-01-03,cancelled,4,49
SUB02976,ACC02976,PLN_GROWTH,2024-04-01,2024-12-13,cancelled,13,199
SUB02977,ACC02977,PLN_STARTER,2024-04-01,2024-05-08,cancelled,5,49
SUB02978,ACC02978,PLN_GROWTH,2024-04-01,2024-07-06,cancelled,13,199
SUB02979,ACC02979,PLN_STARTER,2024-04-01,2024-08-05,cancelled,5,49
SUB02980,ACC02980,PLN_GROWTH,2024-04-01,2025-01-16,cancelled,14,199
SUB02981,ACC02981,PLN_STARTER,2024-04-02,2024-09-09,cancelled,4,49
SUB02982,ACC02982,PLN_STARTER,2024-04-02,2025-04-23,cancelled,5,49
SUB02983,ACC02983,PLN_GROWTH,2024-04-02,2025-08-10,cancelled,20,199
SUB02984,ACC02984,PLN_SCALE,2024-04-02,2024-11-27,cancelled,78,799
SUB02985,ACC02985,PLN_GROWTH,2024-04-02,2024-07-11,cancelled,22,199
SUB02986,ACC02986,PLN_GROWTH,2024-04-02,2025-02-04,cancelled,20,199
SUB02987,ACC02987,PLN_SCALE,2024-04-02,2025-06-06,cancelled,67,799
SUB02988,ACC02988,PLN_ENTERPRISE,2024-04-02,2025-02-04,cancelled,362,2499
SUB02989,ACC02989,PLN_ENTERPRISE,2024-04-02,2025-09-27,cancelled,546,2499
SUB02990,ACC02990,PLN_STARTER,2024-04-02,,active,6,49
SUB02991,ACC02991,PLN_STARTER,2024-04-02,2024-10-24,cancelled,5,49
SUB02992,ACC02992,PLN_GROWTH,2024-04-02,2024-12-28,cancelled,20,199
SUB02993,ACC02993,PLN_SCALE,2024-04-02,2024-08-01,cancelled,86,799
SUB02994,ACC02994,PLN_STARTER,2024-04-02,,active,3,49
SUB02995,ACC02995,PLN_ENTERPRISE,2024-04-02,2024-05-02,cancelled,573,2499
SUB02996,ACC02996,PLN_GROWTH,2024-04-03,2024-08-24,cancelled,15,199
SUB02997,ACC02997,PLN_GROWTH,2024-04-03,2024-12-26,cancelled,20,199
SUB02998,ACC02998,PLN_ENTERPRISE,2024-04-03,,active,400,2499
SUB02999,ACC02999,PLN_STARTER,2024-04-03,2024-09-27,cancelled,4,49
SUB03000,ACC03000,PLN_GROWTH,2024-04-03,,active,19,199
SUB03001,ACC03001,PLN_STARTER,2024-04-03,2024-06-18,cancelled,4,49
SUB03002,ACC03002,PLN_STARTER,2024-04-03,2024-06-25,cancelled,5,49
SUB03003,ACC03003,PLN_SCALE,2024-04-03,2024-08-23,cancelled,105,799
SUB03004,ACC03004,PLN_SCALE,2024-04-03,2024-09-10,cancelled,98,799
SUB03005,ACC03005,PLN_GROWTH,2024-04-03,2024-08-23,cancelled,18,199
SUB03006,ACC03006,PLN_STARTER,2024-04-04,2024-07-02,cancelled,4,49
SUB03007,ACC03007,PLN_STARTER,2024-04-04,,active,3,49
SUB03008,ACC03008,PLN_STARTER,2024-04-04,2024-08-22,cancelled,3,49
SUB03009,ACC03009,PLN_STARTER,2024-04-04,2024-11-06,cancelled,5,49
SUB03010,ACC03010,PLN_GROWTH,2024-04-04,2024-10-17,cancelled,17,199
SUB03011,ACC03011,PLN_GROWTH,2024-04-04,2024-12-10,cancelled,22,199
SUB03012,ACC03012,PLN_STARTER,2024-04-05,2025-02-19,cancelled,3,49
SUB03013,ACC03013,PLN_GROWTH,2024-04-05,,active,20,199
SUB03014,ACC03014,PLN_STARTER,2024-04-05,2025-01-02,cancelled,3,49
SUB03015,ACC03015,PLN_SCALE,2024-04-05,2024-08-05,cancelled,95,799
SUB03016,ACC03016,PLN_GROWTH,2024-04-05,2025-01-21,cancelled,17,199
SUB03017,ACC03017,PLN_SCALE,2024-04-05,2025-07-10,cancelled,93,799
SUB03018,ACC03018,PLN_STARTER,2024-04-06,2024-08-15,cancelled,4,49
SUB03019,ACC03019,PLN_STARTER,2024-04-06,2024-12-14,cancelled,6,49
SUB03020,ACC03020,PLN_SCALE,2024-04-06,2025-11-23,cancelled,71,799
SUB03021,ACC03021,PLN_SCALE,2024-04-06,2024-11-07,cancelled,64,799
SUB03022,ACC03022,PLN_STARTER,2024-04-06,2024-07-17,cancelled,5,49
SUB03023,ACC03023,PLN_GROWTH,2024-04-06,2024-07-20,cancelled,13,199
SUB03024,ACC03024,PLN_STARTER,2024-04-07,2024-06-13,cancelled,3,49
SUB03025,ACC03025,PLN_STARTER,2024-04-07,2024-08-03,cancelled,4,49
SUB03026,ACC03026,PLN_STARTER,2024-04-07,2024-05-24,cancelled,5,49
SUB03027,ACC03027,PLN_GROWTH,2024-04-07,,active,15,199
SUB03028,ACC03028,PLN_GROWTH,2024-04-07,,active,14,199
SUB03029,ACC03029,PLN_ENTERPRISE,2024-04-07,2024-12-28,cancelled,565,2499
SUB03030,ACC03030,PLN_STARTER,2024-04-07,2024-09-08,cancelled,5,49
SUB03031,ACC03031,PLN_GROWTH,2024-04-07,2025-01-01,cancelled,18,199
SUB03032,ACC03032,PLN_SCALE,2024-04-07,2024-08-20,cancelled,69,799
SUB03033,ACC03033,PLN_ENTERPRISE,2024-04-08,2025-04-11,cancelled,385,2499
SUB03034,ACC03034,PLN_STARTER,2024-04-08,2025-08-28,cancelled,4,49
SUB03035,ACC03035,PLN_ENTERPRISE,2024-04-08,2024-11-11,cancelled,423,2499
SUB03036,ACC03036,PLN_ENTERPRISE,2024-04-08,2024-10-10,cancelled,454,2499
SUB03037,ACC03037,PLN_SCALE,2024-04-08,2024-11-27,cancelled,61,799
SUB03038,ACC03038,PLN_GROWTH,2024-04-08,2025-01-24,cancelled,18,199
SUB03039,ACC03039,PLN_GROWTH,2024-04-08,,active,19,199
SUB03040,ACC03040,PLN_GROWTH,2024-04-09,,active,17,199
SUB03041,ACC03041,PLN_STARTER,2024-04-09,2024-07-13,cancelled,4,49
SUB03042,ACC03042,PLN_STARTER,2024-04-09,2025-01-24,cancelled,6,49
SUB03043,ACC03043,PLN_ENTERPRISE,2024-04-09,2025-06-19,cancelled,416,2499
SUB03044,ACC03044,PLN_GROWTH,2024-04-09,2024-06-23,cancelled,14,199
SUB03045,ACC03045,PLN_ENTERPRISE,2024-04-09,2025-12-23,cancelled,491,2499
SUB03046,ACC03046,PLN_STARTER,2024-04-09,2025-03-10,cancelled,5,49
SUB03047,ACC03047,PLN_GROWTH,2024-04-10,2024-08-22,cancelled,16,199
SUB03048,ACC03048,PLN_GROWTH,2024-04-10,2025-11-23,cancelled,19,199
SUB03049,ACC03049,PLN_GROWTH,2024-04-10,2024-10-15,cancelled,22,199
SUB03050,ACC03050,PLN_STARTER,2024-04-10,2025-03-27,cancelled,5,49
SUB03051,ACC03051,PLN_STARTER,2024-04-10,2024-06-16,cancelled,3,49
SUB03052,ACC03052,PLN_GROWTH,2024-04-10,2025-09-03,cancelled,16,199
SUB03053,ACC03053,PLN_SCALE,2024-04-10,2024-06-20,cancelled,111,799
SUB03054,ACC03054,PLN_STARTER,2024-04-10,2024-08-16,cancelled,5,49
SUB03055,ACC03055,PLN_GROWTH,2024-04-10,2024-06-06,cancelled,20,199
SUB03056,ACC03056,PLN_STARTER,2024-04-11,2024-06-17,cancelled,5,49
SUB03057,ACC03057,PLN_SCALE,2024-04-11,2024-11-15,cancelled,93,799
SUB03058,ACC03058,PLN_SCALE,2024-04-11,2024-07-12,cancelled,64,799
SUB03059,ACC03059,PLN_STARTER,2024-04-11,2024-08-07,cancelled,5,49
SUB03060,ACC03060,PLN_GROWTH,2024-04-11,2024-07-11,cancelled,13,199
SUB03061,ACC03061,PLN_STARTER,2024-04-11,2024-12-11,cancelled,5,49
SUB03062,ACC03062,PLN_GROWTH,2024-04-11,2024-06-05,cancelled,18,199
SUB03063,ACC03063,PLN_SCALE,2024-04-11,2024-05-20,cancelled,64,799
SUB03064,ACC03064,PLN_SCALE,2024-04-11,2025-08-24,cancelled,76,799
SUB03065,ACC03065,PLN_SCALE,2024-04-11,2025-04-13,cancelled,112,799
SUB03066,ACC03066,PLN_STARTER,2024-04-11,2024-06-19,cancelled,4,49
SUB03067,ACC03067,PLN_SCALE,2024-04-11,2024-10-23,cancelled,101,799
SUB03068,ACC03068,PLN_ENTERPRISE,2024-04-12,2025-03-15,cancelled,557,2499
SUB03069,ACC03069,PLN_STARTER,2024-04-12,2025-02-25,cancelled,5,49
SUB03070,ACC03070,PLN_SCALE,2024-04-12,2025-12-06,cancelled,88,799
SUB03071,ACC03071,PLN_STARTER,2024-04-12,,active,5,49
SUB03072,ACC03072,PLN_STARTER,2024-04-13,2025-10-06,cancelled,4,49
SUB03073,ACC03073,PLN_STARTER,2024-04-13,2025-08-16,cancelled,4,49
SUB03074,ACC03074,PLN_SCALE,2024-04-13,2024-09-01,cancelled,81,799
SUB03075,ACC03075,PLN_SCALE,2024-04-14,,active,63,799
SUB03076,ACC03076,PLN_SCALE,2024-04-14,2024-05-21,cancelled,113,799
SUB03077,ACC03077,PLN_STARTER,2024-04-14,2025-01-14,cancelled,4,49
SUB03078,ACC03078,PLN_GROWTH,2024-04-14,2025-03-14,cancelled,21,199
SUB03079,ACC03079,PLN_STARTER,2024-04-15,,active,4,49
SUB03080,ACC03080,PLN_STARTER,2024-04-15,2025-03-17,cancelled,5,49
SUB03081,ACC03081,PLN_GROWTH,2024-04-15,2024-11-06,cancelled,15,199
SUB03082,ACC03082,PLN_STARTER,2024-04-15,2024-06-03,cancelled,3,49
SUB03083,ACC03083,PLN_STARTER,2024-04-15,2025-06-03,cancelled,4,49
SUB03084,ACC03084,PLN_STARTER,2024-04-15,2024-09-15,cancelled,5,49
SUB03085,ACC03085,PLN_STARTER,2024-04-15,2024-08-11,cancelled,5,49
SUB03086,ACC03086,PLN_GROWTH,2024-04-15,2025-02-13,cancelled,21,199
SUB03087,ACC03087,PLN_GROWTH,2024-04-15,2025-05-14,cancelled,12,199
SUB03088,ACC03088,PLN_GROWTH,2024-04-16,2025-04-06,cancelled,13,199
SUB03089,ACC03089,PLN_GROWTH,2024-04-16,2025-05-17,cancelled,21,199
SUB03090,ACC03090,PLN_GROWTH,2024-04-16,2024-07-25,cancelled,14,199
SUB03091,ACC03091,PLN_GROWTH,2024-04-16,2025-01-19,cancelled,15,199
SUB03092,ACC03092,PLN_SCALE,2024-04-16,2024-06-16,cancelled,114,799
SUB03093,ACC03093,PLN_ENTERPRISE,2024-04-16,2025-09-10,cancelled,465,2499
SUB03094,ACC03094,PLN_ENTERPRISE,2024-04-17,2024-05-24,cancelled,458,2499
SUB03095,ACC03095,PLN_GROWTH,2024-04-17,2024-08-16,cancelled,19,199
SUB03096,ACC03096,PLN_ENTERPRISE,2024-04-17,2024-05-01,cancelled,516,2499
SUB03097,ACC03097,PLN_SCALE,2024-04-18,2024-05-26,cancelled,108,799
SUB03098,ACC03098,PLN_ENTERPRISE,2024-04-18,2024-08-16,cancelled,399,2499
SUB03099,ACC03099,PLN_SCALE,2024-04-18,2024-11-16,cancelled,89,799
SUB03100,ACC03100,PLN_SCALE,2024-04-18,,active,114,799
SUB03101,ACC03101,PLN_GROWTH,2024-04-18,2024-08-17,cancelled,22,199
SUB03102,ACC03102,PLN_SCALE,2024-04-19,2024-12-14,cancelled,70,799
SUB03103,ACC03103,PLN_GROWTH,2024-04-19,,active,18,199
SUB03104,ACC03104,PLN_SCALE,2024-04-19,2024-11-08,cancelled,104,799
SUB03105,ACC03105,PLN_GROWTH,2024-04-19,2024-11-19,cancelled,15,199
SUB03106,ACC03106,PLN_GROWTH,2024-04-19,2024-06-26,cancelled,19,199
SUB03107,ACC03107,PLN_STARTER,2024-04-19,2024-09-16,cancelled,4,49
SUB03108,ACC03108,PLN_ENTERPRISE,2024-04-19,,active,560,2499
SUB03109,ACC03109,PLN_SCALE,2024-04-19,2024-12-08,cancelled,71,799
SUB03110,ACC03110,PLN_GROWTH,2024-04-20,2024-11-12,cancelled,16,199
SUB03111,ACC03111,PLN_STARTER,2024-04-20,2024-07-25,cancelled,4,49
SUB03112,ACC03112,PLN_ENTERPRISE,2024-04-20,2025-07-13,cancelled,427,2499
SUB03113,ACC03113,PLN_STARTER,2024-04-20,,active,4,49
SUB03114,ACC03114,PLN_STARTER,2024-04-21,2024-10-12,cancelled,4,49
SUB03115,ACC03115,PLN_STARTER,2024-04-21,,active,4,49
SUB03116,ACC03116,PLN_STARTER,2024-04-21,2025-02-12,cancelled,4,49
SUB03117,ACC03117,PLN_STARTER,2024-04-21,2024-06-16,cancelled,4,49
SUB03118,ACC03118,PLN_SCALE,2024-04-21,,active,97,799
SUB03119,ACC03119,PLN_GROWTH,2024-04-21,2024-06-05,cancelled,17,199
SUB03120,ACC03120,PLN_GROWTH,2024-04-22,2024-07-23,cancelled,14,199
SUB03121,ACC03121,PLN_ENTERPRISE,2024-04-22,,active,482,2499
SUB03122,ACC03122,PLN_STARTER,2024-04-22,2024-12-19,cancelled,5,49
SUB03123,ACC03123,PLN_STARTER,2024-04-22,2024-10-20,cancelled,5,49
SUB03124,ACC03124,PLN_STARTER,2024-04-22,2024-12-18,cancelled,4,49
SUB03125,ACC03125,PLN_SCALE,2024-04-22,2025-01-01,cancelled,95,799
SUB03126,ACC03126,PLN_SCALE,2024-04-23,2024-09-18,cancelled,99,799
SUB03127,ACC03127,PLN_GROWTH,2024-04-23,2025-03-04,cancelled,12,199
SUB03128,ACC03128,PLN_SCALE,2024-04-23,2024-06-24,cancelled,89,799
SUB03129,ACC03129,PLN_STARTER,2024-04-23,2024-11-01,cancelled,6,49
SUB03130,ACC03130,PLN_GROWTH,2024-04-23,2025-02-18,cancelled,14,199
SUB03131,ACC03131,PLN_GROWTH,2024-04-23,2025-05-27,cancelled,17,199
SUB03132,ACC03132,PLN_STARTER,2024-04-23,,active,4,49
SUB03133,ACC03133,PLN_SCALE,2024-04-23,2024-08-05,cancelled,108,799
SUB03134,ACC03134,PLN_GROWTH,2024-04-24,2024-12-16,cancelled,15,199
SUB03135,ACC03135,PLN_ENTERPRISE,2024-04-24,,active,399,2499
SUB03136,ACC03136,PLN_STARTER,2024-04-24,2024-11-19,cancelled,4,49
SUB03137,ACC03137,PLN_GROWTH,2024-04-24,2024-10-09,cancelled,23,199
SUB03138,ACC03138,PLN_ENTERPRISE,2024-04-25,2024-09-06,cancelled,545,2499
SUB03139,ACC03139,PLN_GROWTH,2024-04-25,2024-05-04,cancelled,16,199
SUB03140,ACC03140,PLN_GROWTH,2024-04-25,2024-06-21,cancelled,22,199
SUB03141,ACC03141,PLN_STARTER,2024-04-25,2024-10-13,cancelled,5,49
SUB03142,ACC03142,PLN_STARTER,2024-04-25,2024-08-07,cancelled,4,49
SUB03143,ACC03143,PLN_GROWTH,2024-04-25,2025-06-04,cancelled,20,199
SUB03144,ACC03144,PLN_SCALE,2024-04-25,2024-08-08,cancelled,80,799
SUB03145,ACC03145,PLN_STARTER,2024-04-25,2024-05-18,cancelled,3,49
SUB03146,ACC03146,PLN_STARTER,2024-04-26,2024-10-05,cancelled,3,49
SUB03147,ACC03147,PLN_GROWTH,2024-04-26,2025-11-04,cancelled,14,199
SUB03148,ACC03148,PLN_STARTER,2024-04-26,2024-08-12,cancelled,4,49
SUB03149,ACC03149,PLN_SCALE,2024-04-26,2025-05-02,cancelled,108,799
SUB03150,ACC03150,PLN_STARTER,2024-04-26,2025-04-26,cancelled,4,49
SUB03151,ACC03151,PLN_STARTER,2024-04-26,2025-08-10,cancelled,5,49
SUB03152,ACC03152,PLN_GROWTH,2024-04-26,2024-05-28,cancelled,21,199
SUB03153,ACC03153,PLN_STARTER,2024-04-27,2024-10-10,cancelled,5,49
SUB03154,ACC03154,PLN_ENTERPRISE,2024-04-27,2025-01-09,cancelled,319,2499
SUB03155,ACC03155,PLN_STARTER,2024-04-27,2024-07-01,cancelled,4,49
SUB03156,ACC03156,PLN_SCALE,2024-04-27,2024-05-09,cancelled,94,799
SUB03157,ACC03157,PLN_STARTER,2024-04-27,2024-12-12,cancelled,4,49
SUB03158,ACC03158,PLN_ENTERPRISE,2024-04-27,,active,554,2499
SUB03159,ACC03159,PLN_STARTER,2024-04-27,2025-10-17,cancelled,5,49
SUB03160,ACC03160,PLN_STARTER,2024-04-27,2024-07-27,cancelled,4,49
SUB03161,ACC03161,PLN_GROWTH,2024-04-27,,active,17,199
SUB03162,ACC03162,PLN_SCALE,2024-04-27,2024-11-09,cancelled,101,799
SUB03163,ACC03163,PLN_SCALE,2024-04-28,2025-06-21,cancelled,63,799
SUB03164,ACC03164,PLN_GROWTH,2024-04-28,2024-08-19,cancelled,19,199
SUB03165,ACC03165,PLN_GROWTH,2024-04-28,2024-07-13,cancelled,20,199
SUB03166,ACC03166,PLN_GROWTH,2024-04-28,2024-05-28,cancelled,13,199
SUB03167,ACC03167,PLN_GROWTH,2024-04-28,2025-02-19,cancelled,21,199
SUB03168,ACC03168,PLN_STARTER,2024-04-28,2024-11-11,cancelled,3,49
SUB03169,ACC03169,PLN_GROWTH,2024-04-28,2024-05-15,cancelled,13,199
SUB03170,ACC03170,PLN_SCALE,2024-04-28,,active,89,799
SUB03171,ACC03171,PLN_GROWTH,2024-04-29,2024-12-23,cancelled,20,199
SUB03172,ACC03172,PLN_GROWTH,2024-04-29,,active,18,199
SUB03173,ACC03173,PLN_STARTER,2024-04-29,2024-06-24,cancelled,4,49
SUB03174,ACC03174,PLN_GROWTH,2024-04-29,2024-09-08,cancelled,12,199
SUB03175,ACC03175,PLN_STARTER,2024-04-29,2024-06-19,cancelled,4,49
SUB03176,ACC03176,PLN_SCALE,2024-04-30,2024-08-17,cancelled,69,799
SUB03177,ACC03177,PLN_SCALE,2024-04-30,2025-04-09,cancelled,94,799
SUB03178,ACC03178,PLN_STARTER,2024-04-30,2024-07-14,cancelled,4,49
SUB03179,ACC03179,PLN_GROWTH,2024-04-30,2025-04-21,cancelled,13,199
SUB03180,ACC03180,PLN_GROWTH,2024-04-30,2025-05-15,cancelled,21,199
SUB03181,ACC03181,PLN_ENTERPRISE,2024-04-30,2025-06-06,cancelled,506,2499
SUB03182,ACC03182,PLN_STARTER,2024-04-30,2024-05-15,cancelled,4,49
SUB03183,ACC03183,PLN_STARTER,2024-04-30,2024-06-21,cancelled,4,49
SUB03184,ACC03184,PLN_SCALE,2024-05-01,,active,77,799
SUB03185,ACC03185,PLN_ENTERPRISE,2024-05-01,,active,505,2499
SUB03186,ACC03186,PLN_STARTER,2024-05-01,2025-08-15,cancelled,6,49
SUB03187,ACC03187,PLN_SCALE,2024-05-01,2025-03-28,cancelled,71,799
SUB03188,ACC03188,PLN_STARTER,2024-05-01,2024-08-10,cancelled,4,49
SUB03189,ACC03189,PLN_SCALE,2024-05-01,2025-03-06,cancelled,64,799
SUB03190,ACC03190,PLN_GROWTH,2024-05-02,2024-10-27,cancelled,12,199
SUB03191,ACC03191,PLN_GROWTH,2024-05-02,,active,17,199
SUB03192,ACC03192,PLN_STARTER,2024-05-02,2024-08-07,cancelled,4,49
SUB03193,ACC03193,PLN_STARTER,2024-05-02,2025-06-21,cancelled,5,49
SUB03194,ACC03194,PLN_GROWTH,2024-05-02,2025-01-11,cancelled,19,199
SUB03195,ACC03195,PLN_SCALE,2024-05-02,2024-10-25,cancelled,105,799
SUB03196,ACC03196,PLN_STARTER,2024-05-02,2024-09-17,cancelled,6,49
SUB03197,ACC03197,PLN_SCALE,2024-05-02,2024-12-28,cancelled,105,799
SUB03198,ACC03198,PLN_GROWTH,2024-05-03,2025-02-06,cancelled,17,199
SUB03199,ACC03199,PLN_STARTER,2024-05-03,2025-01-11,cancelled,4,49
SUB03200,ACC03200,PLN_GROWTH,2024-05-03,,active,14,199
SUB03201,ACC03201,PLN_GROWTH,2024-05-03,2025-05-18,cancelled,13,199
SUB03202,ACC03202,PLN_GROWTH,2024-05-03,2024-07-09,cancelled,12,199
SUB03203,ACC03203,PLN_GROWTH,2024-05-03,2025-10-09,cancelled,20,199
SUB03204,ACC03204,PLN_STARTER,2024-05-03,2024-06-05,cancelled,3,49
SUB03205,ACC03205,PLN_GROWTH,2024-05-03,,active,15,199
SUB03206,ACC03206,PLN_GROWTH,2024-05-03,2025-03-12,cancelled,16,199
SUB03207,ACC03207,PLN_SCALE,2024-05-04,2025-08-10,cancelled,77,799
SUB03208,ACC03208,PLN_GROWTH,2024-05-04,2024-10-15,cancelled,23,199
SUB03209,ACC03209,PLN_ENTERPRISE,2024-05-04,2025-04-24,cancelled,564,2499
SUB03210,ACC03210,PLN_SCALE,2024-05-04,2024-06-11,cancelled,77,799
SUB03211,ACC03211,PLN_ENTERPRISE,2024-05-04,2024-07-21,cancelled,373,2499
SUB03212,ACC03212,PLN_GROWTH,2024-05-04,2025-11-17,cancelled,15,199
SUB03213,ACC03213,PLN_GROWTH,2024-05-04,2024-12-13,cancelled,22,199
SUB03214,ACC03214,PLN_SCALE,2024-05-05,2024-12-25,cancelled,90,799
SUB03215,ACC03215,PLN_GROWTH,2024-05-05,2025-01-19,cancelled,15,199
SUB03216,ACC03216,PLN_GROWTH,2024-05-05,2024-10-01,cancelled,15,199
SUB03217,ACC03217,PLN_GROWTH,2024-05-05,2025-05-16,cancelled,21,199
SUB03218,ACC03218,PLN_SCALE,2024-05-05,2025-07-06,cancelled,66,799
SUB03219,ACC03219,PLN_STARTER,2024-05-06,2025-01-04,cancelled,5,49
SUB03220,ACC03220,PLN_GROWTH,2024-05-06,2025-03-27,cancelled,13,199
SUB03221,ACC03221,PLN_STARTER,2024-05-06,2024-10-10,cancelled,5,49
SUB03222,ACC03222,PLN_SCALE,2024-05-06,2024-08-01,cancelled,72,799
SUB03223,ACC03223,PLN_ENTERPRISE,2024-05-07,2025-10-01,cancelled,449,2499
SUB03224,ACC03224,PLN_STARTER,2024-05-07,2025-08-01,cancelled,4,49
SUB03225,ACC03225,PLN_GROWTH,2024-05-07,2024-06-18,cancelled,23,199
SUB03226,ACC03226,PLN_GROWTH,2024-05-07,2025-04-02,cancelled,19,199
SUB03227,ACC03227,PLN_GROWTH,2024-05-07,,active,16,199
SUB03228,ACC03228,PLN_STARTER,2024-05-08,2024-11-21,cancelled,5,49
SUB03229,ACC03229,PLN_SCALE,2024-05-08,2024-09-15,cancelled,93,799
SUB03230,ACC03230,PLN_ENTERPRISE,2024-05-08,2024-11-16,cancelled,439,2499
SUB03231,ACC03231,PLN_GROWTH,2024-05-08,,active,17,199
SUB03232,ACC03232,PLN_GROWTH,2024-05-08,,active,21,199
SUB03233,ACC03233,PLN_GROWTH,2024-05-08,2025-02-09,cancelled,22,199
SUB03234,ACC03234,PLN_ENTERPRISE,2024-05-08,2025-07-23,cancelled,321,2499
SUB03235,ACC03235,PLN_STARTER,2024-05-08,2024-09-27,cancelled,3,49
SUB03236,ACC03236,PLN_GROWTH,2024-05-09,2024-11-26,cancelled,16,199
SUB03237,ACC03237,PLN_SCALE,2024-05-09,,active,61,799
SUB03238,ACC03238,PLN_STARTER,2024-05-09,2024-08-09,cancelled,3,49
SUB03239,ACC03239,PLN_STARTER,2024-05-09,2025-08-08,cancelled,5,49
SUB03240,ACC03240,PLN_STARTER,2024-05-09,,active,5,49
SUB03241,ACC03241,PLN_SCALE,2024-05-09,2024-07-23,cancelled,64,799
SUB03242,ACC03242,PLN_STARTER,2024-05-09,2025-08-24,cancelled,6,49
SUB03243,ACC03243,PLN_GROWTH,2024-05-09,2024-07-03,cancelled,15,199
SUB03244,ACC03244,PLN_GROWTH,2024-05-10,,active,22,199
SUB03245,ACC03245,PLN_SCALE,2024-05-10,2024-08-01,cancelled,88,799
SUB03246,ACC03246,PLN_STARTER,2024-05-10,2025-07-01,cancelled,5,49
SUB03247,ACC03247,PLN_STARTER,2024-05-10,2024-10-04,cancelled,5,49
SUB03248,ACC03248,PLN_ENTERPRISE,2024-05-10,,active,440,2499
SUB03249,ACC03249,PLN_STARTER,2024-05-10,2025-07-16,cancelled,4,49
SUB03250,ACC03250,PLN_ENTERPRISE,2024-05-10,2024-10-10,cancelled,481,2499
SUB03251,ACC03251,PLN_SCALE,2024-05-10,2025-10-28,cancelled,83,799
SUB03252,ACC03252,PLN_GROWTH,2024-05-11,2024-10-22,cancelled,18,199
SUB03253,ACC03253,PLN_ENTERPRISE,2024-05-11,2024-11-04,cancelled,447,2499
SUB03254,ACC03254,PLN_ENTERPRISE,2024-05-11,2025-10-01,cancelled,423,2499
SUB03255,ACC03255,PLN_STARTER,2024-05-11,2024-12-23,cancelled,5,49
SUB03256,ACC03256,PLN_ENTERPRISE,2024-05-11,2024-10-02,cancelled,493,2499
SUB03257,ACC03257,PLN_SCALE,2024-05-11,,active,69,799
SUB03258,ACC03258,PLN_STARTER,2024-05-11,2025-03-15,cancelled,5,49
SUB03259,ACC03259,PLN_SCALE,2024-05-11,2024-06-25,cancelled,114,799
SUB03260,ACC03260,PLN_STARTER,2024-05-12,,active,4,49
SUB03261,ACC03261,PLN_SCALE,2024-05-12,2024-08-23,cancelled,79,799
SUB03262,ACC03262,PLN_ENTERPRISE,2024-05-12,2024-11-28,cancelled,539,2499
SUB03263,ACC03263,PLN_SCALE,2024-05-12,2024-09-15,cancelled,81,799
SUB03264,ACC03264,PLN_STARTER,2024-05-12,2024-08-08,cancelled,5,49
SUB03265,ACC03265,PLN_SCALE,2024-05-12,,active,114,799
SUB03266,ACC03266,PLN_SCALE,2024-05-12,2024-09-18,cancelled,61,799
SUB03267,ACC03267,PLN_STARTER,2024-05-12,2025-07-03,cancelled,4,49
SUB03268,ACC03268,PLN_STARTER,2024-05-13,2024-08-09,cancelled,4,49
SUB03269,ACC03269,PLN_SCALE,2024-05-13,2025-02-03,cancelled,75,799
SUB03270,ACC03270,PLN_SCALE,2024-05-13,2025-04-27,cancelled,68,799
SUB03271,ACC03271,PLN_SCALE,2024-05-13,2025-09-19,cancelled,79,799
SUB03272,ACC03272,PLN_STARTER,2024-05-13,2024-06-11,cancelled,5,49
SUB03273,ACC03273,PLN_SCALE,2024-05-14,2025-04-23,cancelled,92,799
SUB03274,ACC03274,PLN_STARTER,2024-05-14,2024-12-17,cancelled,4,49
SUB03275,ACC03275,PLN_GROWTH,2024-05-14,2024-06-05,cancelled,22,199
SUB03276,ACC03276,PLN_GROWTH,2024-05-14,2024-06-03,cancelled,23,199
SUB03277,ACC03277,PLN_SCALE,2024-05-14,2024-11-18,cancelled,96,799
SUB03278,ACC03278,PLN_GROWTH,2024-05-14,2025-04-01,cancelled,13,199
SUB03279,ACC03279,PLN_ENTERPRISE,2024-05-14,2024-09-23,cancelled,388,2499
SUB03280,ACC03280,PLN_SCALE,2024-05-14,2025-03-03,cancelled,100,799
SUB03281,ACC03281,PLN_ENTERPRISE,2024-05-14,2024-12-07,cancelled,434,2499
SUB03282,ACC03282,PLN_GROWTH,2024-05-15,2025-02-26,cancelled,13,199
SUB03283,ACC03283,PLN_ENTERPRISE,2024-05-15,2025-01-19,cancelled,490,2499
SUB03284,ACC03284,PLN_STARTER,2024-05-15,2025-01-15,cancelled,5,49
SUB03285,ACC03285,PLN_ENTERPRISE,2024-05-15,2025-07-28,cancelled,323,2499
SUB03286,ACC03286,PLN_GROWTH,2024-05-15,2024-10-16,cancelled,19,199
SUB03287,ACC03287,PLN_STARTER,2024-05-15,2024-07-23,cancelled,4,49
SUB03288,ACC03288,PLN_ENTERPRISE,2024-05-15,2024-10-20,cancelled,523,2499
SUB03289,ACC03289,PLN_SCALE,2024-05-15,2025-04-10,cancelled,88,799
SUB03290,ACC03290,PLN_STARTER,2024-05-16,2025-04-02,cancelled,3,49
SUB03291,ACC03291,PLN_GROWTH,2024-05-16,2024-10-07,cancelled,12,199
SUB03292,ACC03292,PLN_ENTERPRISE,2024-05-16,2024-09-10,cancelled,409,2499
SUB03293,ACC03293,PLN_GROWTH,2024-05-17,2025-08-16,cancelled,18,199
SUB03294,ACC03294,PLN_GROWTH,2024-05-17,2024-09-17,cancelled,19,199
SUB03295,ACC03295,PLN_STARTER,2024-05-17,2025-02-09,cancelled,6,49
SUB03296,ACC03296,PLN_STARTER,2024-05-17,2024-11-20,cancelled,5,49
SUB03297,ACC03297,PLN_GROWTH,2024-05-17,2024-11-02,cancelled,13,199
SUB03298,ACC03298,PLN_ENTERPRISE,2024-05-17,,active,415,2499
SUB03299,ACC03299,PLN_ENTERPRISE,2024-05-17,2024-08-12,cancelled,325,2499
SUB03300,ACC03300,PLN_STARTER,2024-05-17,2024-07-21,cancelled,4,49
SUB03301,ACC03301,PLN_ENTERPRISE,2024-05-17,2024-08-26,cancelled,336,2499
SUB03302,ACC03302,PLN_STARTER,2024-05-17,2025-10-09,cancelled,6,49
SUB03303,ACC03303,PLN_SCALE,2024-05-18,2024-07-26,cancelled,115,799
SUB03304,ACC03304,PLN_SCALE,2024-05-18,2025-05-02,cancelled,109,799
SUB03305,ACC03305,PLN_STARTER,2024-05-18,,active,5,49
SUB03306,ACC03306,PLN_STARTER,2024-05-18,2025-07-15,cancelled,4,49
SUB03307,ACC03307,PLN_GROWTH,2024-05-18,,active,18,199
SUB03308,ACC03308,PLN_ENTERPRISE,2024-05-18,2024-11-18,cancelled,399,2499
SUB03309,ACC03309,PLN_GROWTH,2024-05-19,2024-10-02,cancelled,18,199
SUB03310,ACC03310,PLN_GROWTH,2024-05-19,2024-08-12,cancelled,17,199
SUB03311,ACC03311,PLN_STARTER,2024-05-19,2024-11-04,cancelled,4,49
SUB03312,ACC03312,PLN_STARTER,2024-05-20,2024-08-26,cancelled,5,49
SUB03313,ACC03313,PLN_STARTER,2024-05-20,2024-11-23,cancelled,4,49
SUB03314,ACC03314,PLN_SCALE,2024-05-20,2024-06-21,cancelled,104,799
SUB03315,ACC03315,PLN_GROWTH,2024-05-20,2025-06-15,cancelled,15,199
SUB03316,ACC03316,PLN_STARTER,2024-05-20,2025-06-11,cancelled,3,49
SUB03317,ACC03317,PLN_SCALE,2024-05-20,2024-11-18,cancelled,114,799
SUB03318,ACC03318,PLN_STARTER,2024-05-20,2024-08-02,cancelled,5,49
SUB03319,ACC03319,PLN_GROWTH,2024-05-20,2024-08-17,cancelled,23,199
SUB03320,ACC03320,PLN_STARTER,2024-05-20,2024-09-22,cancelled,5,49
SUB03321,ACC03321,PLN_GROWTH,2024-05-21,,active,14,199
SUB03322,ACC03322,PLN_GROWTH,2024-05-21,2024-06-03,cancelled,18,199
SUB03323,ACC03323,PLN_SCALE,2024-05-21,2025-12-06,cancelled,113,799
SUB03324,ACC03324,PLN_SCALE,2024-05-21,2024-08-24,cancelled,105,799
SUB03325,ACC03325,PLN_SCALE,2024-05-21,2025-02-27,cancelled,76,799
SUB03326,ACC03326,PLN_SCALE,2024-05-22,2024-06-22,cancelled,83,799
SUB03327,ACC03327,PLN_STARTER,2024-05-22,2025-02-22,cancelled,3,49
SUB03328,ACC03328,PLN_SCALE,2024-05-22,2024-10-25,cancelled,63,799
SUB03329,ACC03329,PLN_STARTER,2024-05-23,2025-12-08,cancelled,4,49
SUB03330,ACC03330,PLN_STARTER,2024-05-23,2024-06-21,cancelled,4,49
SUB03331,ACC03331,PLN_STARTER,2024-05-23,2024-06-02,cancelled,4,49
SUB03332,ACC03332,PLN_STARTER,2024-05-23,2024-10-22,cancelled,6,49
SUB03333,ACC03333,PLN_STARTER,2024-05-23,2024-11-14,cancelled,6,49
SUB03334,ACC03334,PLN_GROWTH,2024-05-23,,active,18,199
SUB03335,ACC03335,PLN_ENTERPRISE,2024-05-23,,active,433,2499
SUB03336,ACC03336,PLN_STARTER,2024-05-24,2025-08-26,cancelled,5,49
SUB03337,ACC03337,PLN_GROWTH,2024-05-24,,active,14,199
SUB03338,ACC03338,PLN_STARTER,2024-05-24,2025-04-25,cancelled,6,49
SUB03339,ACC03339,PLN_GROWTH,2024-05-24,2024-10-22,cancelled,22,199
SUB03340,ACC03340,PLN_STARTER,2024-05-24,2025-01-10,cancelled,4,49
SUB03341,ACC03341,PLN_SCALE,2024-05-24,2024-06-18,cancelled,104,799
SUB03342,ACC03342,PLN_GROWTH,2024-05-24,2024-07-19,cancelled,19,199
SUB03343,ACC03343,PLN_STARTER,2024-05-24,2024-07-01,cancelled,6,49
SUB03344,ACC03344,PLN_GROWTH,2024-05-24,2025-07-03,cancelled,15,199
SUB03345,ACC03345,PLN_STARTER,2024-05-24,2024-11-01,cancelled,5,49
SUB03346,ACC03346,PLN_GROWTH,2024-05-25,2024-08-04,cancelled,19,199
SUB03347,ACC03347,PLN_STARTER,2024-05-25,2024-12-12,cancelled,5,49
SUB03348,ACC03348,PLN_SCALE,2024-05-25,2024-10-22,cancelled,71,799
SUB03349,ACC03349,PLN_GROWTH,2024-05-26,2025-08-13,cancelled,16,199
SUB03350,ACC03350,PLN_ENTERPRISE,2024-05-26,2025-02-23,cancelled,392,2499
SUB03351,ACC03351,PLN_STARTER,2024-05-27,2024-07-28,cancelled,3,49
SUB03352,ACC03352,PLN_SCALE,2024-05-27,,active,83,799
SUB03353,ACC03353,PLN_GROWTH,2024-05-27,2024-12-15,cancelled,20,199
SUB03354,ACC03354,PLN_SCALE,2024-05-27,,active,71,799
SUB03355,ACC03355,PLN_ENTERPRISE,2024-05-27,,active,428,2499
SUB03356,ACC03356,PLN_STARTER,2024-05-27,2024-07-20,cancelled,5,49
SUB03357,ACC03357,PLN_GROWTH,2024-05-27,2024-06-17,cancelled,21,199
SUB03358,ACC03358,PLN_STARTER,2024-05-27,2025-11-24,cancelled,4,49
SUB03359,ACC03359,PLN_STARTER,2024-05-27,2025-11-01,cancelled,5,49
SUB03360,ACC03360,PLN_STARTER,2024-05-27,2025-08-20,cancelled,4,49
SUB03361,ACC03361,PLN_GROWTH,2024-05-28,,active,12,199
SUB03362,ACC03362,PLN_GROWTH,2024-05-28,2025-03-12,cancelled,13,199
SUB03363,ACC03363,PLN_SCALE,2024-05-28,2024-07-09,cancelled,97,799
SUB03364,ACC03364,PLN_STARTER,2024-05-28,2025-04-06,cancelled,5,49
SUB03365,ACC03365,PLN_STARTER,2024-05-28,2025-01-26,cancelled,6,49
SUB03366,ACC03366,PLN_STARTER,2024-05-28,2025-08-06,cancelled,5,49
SUB03367,ACC03367,PLN_SCALE,2024-05-28,2025-03-24,cancelled,87,799
SUB03368,ACC03368,PLN_STARTER,2024-05-28,2025-03-21,cancelled,4,49
SUB03369,ACC03369,PLN_STARTER,2024-05-28,,active,5,49
SUB03370,ACC03370,PLN_GROWTH,2024-05-28,2025-06-28,cancelled,15,199
SUB03371,ACC03371,PLN_SCALE,2024-05-28,2025-10-04,cancelled,71,799
SUB03372,ACC03372,PLN_STARTER,2024-05-29,2024-06-08,cancelled,5,49
SUB03373,ACC03373,PLN_SCALE,2024-05-29,,active,82,799
SUB03374,ACC03374,PLN_STARTER,2024-05-30,2024-07-19,cancelled,4,49
SUB03375,ACC03375,PLN_STARTER,2024-05-30,,active,3,49
SUB03376,ACC03376,PLN_GROWTH,2024-05-30,2024-08-07,cancelled,19,199
SUB03377,ACC03377,PLN_STARTER,2024-05-30,2024-12-01,cancelled,5,49
SUB03378,ACC03378,PLN_GROWTH,2024-05-30,2024-08-28,cancelled,16,199
SUB03379,ACC03379,PLN_SCALE,2024-05-31,2025-09-14,cancelled,63,799
SUB03380,ACC03380,PLN_SCALE,2024-05-31,2025-11-16,cancelled,72,799
SUB03381,ACC03381,PLN_SCALE,2024-05-31,2024-08-08,cancelled,113,799
SUB03382,ACC03382,PLN_STARTER,2024-05-31,2025-08-16,cancelled,5,49
SUB03383,ACC03383,PLN_GROWTH,2024-06-01,2025-02-24,cancelled,21,199
SUB03384,ACC03384,PLN_GROWTH,2024-06-01,2024-10-09,cancelled,22,199
SUB03385,ACC03385,PLN_SCALE,2024-06-01,2025-07-01,cancelled,85,799
SUB03386,ACC03386,PLN_SCALE,2024-06-02,2024-09-09,cancelled,71,799
SUB03387,ACC03387,PLN_SCALE,2024-06-02,2024-10-11,cancelled,78,799
SUB03388,ACC03388,PLN_STARTER,2024-06-02,,active,3,49
SUB03389,ACC03389,PLN_SCALE,2024-06-02,,active,101,799
SUB03390,ACC03390,PLN_SCALE,2024-06-02,,active,110,799
SUB03391,ACC03391,PLN_SCALE,2024-06-02,2025-06-07,cancelled,82,799
SUB03392,ACC03392,PLN_STARTER,2024-06-02,2024-11-05,cancelled,5,49
SUB03393,ACC03393,PLN_STARTER,2024-06-03,2024-09-20,cancelled,5,49
SUB03394,ACC03394,PLN_STARTER,2024-06-03,2024-12-15,cancelled,3,49
SUB03395,ACC03395,PLN_STARTER,2024-06-03,2025-11-11,cancelled,4,49
SUB03396,ACC03396,PLN_ENTERPRISE,2024-06-03,,active,464,2499
SUB03397,ACC03397,PLN_GROWTH,2024-06-03,,active,23,199
SUB03398,ACC03398,PLN_STARTER,2024-06-03,2025-01-11,cancelled,5,49
SUB03399,ACC03399,PLN_STARTER,2024-06-03,2025-03-02,cancelled,3,49
SUB03400,ACC03400,PLN_ENTERPRISE,2024-06-04,2024-11-16,cancelled,326,2499
SUB03401,ACC03401,PLN_SCALE,2024-06-04,2025-02-06,cancelled,96,799
SUB03402,ACC03402,PLN_GROWTH,2024-06-04,2024-10-16,cancelled,19,199
SUB03403,ACC03403,PLN_GROWTH,2024-06-04,2025-06-02,cancelled,17,199
SUB03404,ACC03404,PLN_GROWTH,2024-06-04,2025-12-09,cancelled,14,199
SUB03405,ACC03405,PLN_STARTER,2024-06-04,2025-04-28,cancelled,6,49
SUB03406,ACC03406,PLN_SCALE,2024-06-04,2025-04-08,cancelled,87,799
SUB03407,ACC03407,PLN_STARTER,2024-06-04,2024-09-23,cancelled,5,49
SUB03408,ACC03408,PLN_STARTER,2024-06-05,2024-09-07,cancelled,5,49
SUB03409,ACC03409,PLN_SCALE,2024-06-05,2024-08-12,cancelled,74,799
SUB03410,ACC03410,PLN_STARTER,2024-06-05,2024-10-20,cancelled,3,49
SUB03411,ACC03411,PLN_STARTER,2024-06-05,2025-01-24,cancelled,5,49
SUB03412,ACC03412,PLN_STARTER,2024-06-06,2025-04-12,cancelled,5,49
SUB03413,ACC03413,PLN_GROWTH,2024-06-06,2024-10-15,cancelled,22,199
SUB03414,ACC03414,PLN_STARTER,2024-06-06,2025-04-28,cancelled,4,49
SUB03415,ACC03415,PLN_STARTER,2024-06-06,2024-12-01,cancelled,4,49
SUB03416,ACC03416,PLN_GROWTH,2024-06-06,2024-11-20,cancelled,13,199
SUB03417,ACC03417,PLN_STARTER,2024-06-07,2024-11-23,cancelled,4,49
SUB03418,ACC03418,PLN_STARTER,2024-06-07,2025-01-05,cancelled,3,49
SUB03419,ACC03419,PLN_GROWTH,2024-06-07,2024-11-10,cancelled,16,199
SUB03420,ACC03420,PLN_SCALE,2024-06-08,2024-08-04,cancelled,86,799
SUB03421,ACC03421,PLN_STARTER,2024-06-08,,active,5,49
SUB03422,ACC03422,PLN_STARTER,2024-06-08,2024-11-20,cancelled,3,49
SUB03423,ACC03423,PLN_SCALE,2024-06-08,,active,85,799
SUB03424,ACC03424,PLN_STARTER,2024-06-08,2024-11-27,cancelled,4,49
SUB03425,ACC03425,PLN_SCALE,2024-06-09,2025-11-08,cancelled,94,799
SUB03426,ACC03426,PLN_SCALE,2024-06-09,2024-09-28,cancelled,81,799
SUB03427,ACC03427,PLN_STARTER,2024-06-09,2025-01-01,cancelled,5,49
SUB03428,ACC03428,PLN_GROWTH,2024-06-09,,active,14,199
SUB03429,ACC03429,PLN_GROWTH,2024-06-09,2025-01-20,cancelled,22,199
SUB03430,ACC03430,PLN_GROWTH,2024-06-10,2024-09-10,cancelled,13,199
SUB03431,ACC03431,PLN_GROWTH,2024-06-10,2024-11-13,cancelled,23,199
SUB03432,ACC03432,PLN_SCALE,2024-06-10,2024-07-02,cancelled,71,799
SUB03433,ACC03433,PLN_STARTER,2024-06-10,2024-07-05,cancelled,5,49
SUB03434,ACC03434,PLN_STARTER,2024-06-10,2024-10-26,cancelled,4,49
SUB03435,ACC03435,PLN_SCALE,2024-06-10,2024-09-08,cancelled,83,799
SUB03436,ACC03436,PLN_ENTERPRISE,2024-06-10,2025-10-12,cancelled,561,2499
SUB03437,ACC03437,PLN_SCALE,2024-06-10,,active,83,799
SUB03438,ACC03438,PLN_STARTER,2024-06-11,,active,6,49
SUB03439,ACC03439,PLN_STARTER,2024-06-11,2024-12-15,cancelled,6,49
SUB03440,ACC03440,PLN_SCALE,2024-06-11,2024-12-08,cancelled,112,799
SUB03441,ACC03441,PLN_GROWTH,2024-06-11,2024-08-15,cancelled,20,199
SUB03442,ACC03442,PLN_GROWTH,2024-06-11,2025-11-15,cancelled,22,199
SUB03443,ACC03443,PLN_SCALE,2024-06-12,2024-09-13,cancelled,108,799
SUB03444,ACC03444,PLN_ENTERPRISE,2024-06-12,2024-09-18,cancelled,402,2499
SUB03445,ACC03445,PLN_STARTER,2024-06-12,,active,4,49
SUB03446,ACC03446,PLN_SCALE,2024-06-12,2025-05-22,cancelled,98,799
SUB03447,ACC03447,PLN_STARTER,2024-06-12,2025-02-02,cancelled,3,49
SUB03448,ACC03448,PLN_STARTER,2024-06-12,2024-11-11,cancelled,3,49
SUB03449,ACC03449,PLN_ENTERPRISE,2024-06-12,2024-07-13,cancelled,380,2499
SUB03450,ACC03450,PLN_SCALE,2024-06-12,2025-04-05,cancelled,89,799
SUB03451,ACC03451,PLN_ENTERPRISE,2024-06-12,2024-10-11,cancelled,513,2499
SUB03452,ACC03452,PLN_SCALE,2024-06-13,,active,61,799
SUB03453,ACC03453,PLN_GROWTH,2024-06-13,2024-07-19,cancelled,16,199
SUB03454,ACC03454,PLN_GROWTH,2024-06-13,2025-01-19,cancelled,22,199
SUB03455,ACC03455,PLN_STARTER,2024-06-13,2024-08-14,cancelled,5,49
SUB03456,ACC03456,PLN_SCALE,2024-06-13,,active,68,799
SUB03457,ACC03457,PLN_STARTER,2024-06-13,2024-10-11,cancelled,3,49
SUB03458,ACC03458,PLN_STARTER,2024-06-13,2024-09-10,cancelled,5,49
SUB03459,ACC03459,PLN_STARTER,2024-06-13,2024-12-26,cancelled,5,49
SUB03460,ACC03460,PLN_GROWTH,2024-06-13,2024-10-25,cancelled,21,199
SUB03461,ACC03461,PLN_STARTER,2024-06-14,2025-07-17,cancelled,4,49
SUB03462,ACC03462,PLN_SCALE,2024-06-14,2025-11-01,cancelled,87,799
SUB03463,ACC03463,PLN_SCALE,2024-06-14,,active,88,799
SUB03464,ACC03464,PLN_ENTERPRISE,2024-06-14,2024-10-23,cancelled,329,2499
SUB03465,ACC03465,PLN_STARTER,2024-06-14,2024-12-04,cancelled,5,49
SUB03466,ACC03466,PLN_SCALE,2024-06-14,2025-03-09,cancelled,69,799
SUB03467,ACC03467,PLN_STARTER,2024-06-14,2025-10-16,cancelled,5,49
SUB03468,ACC03468,PLN_SCALE,2024-06-15,2025-04-05,cancelled,81,799
SUB03469,ACC03469,PLN_GROWTH,2024-06-15,2024-12-28,cancelled,14,199
SUB03470,ACC03470,PLN_GROWTH,2024-06-15,,active,19,199
SUB03471,ACC03471,PLN_STARTER,2024-06-15,2024-09-13,cancelled,5,49
SUB03472,ACC03472,PLN_STARTER,2024-06-15,2024-10-20,cancelled,4,49
SUB03473,ACC03473,PLN_STARTER,2024-06-15,2025-12-07,cancelled,5,49
SUB03474,ACC03474,PLN_SCALE,2024-06-16,,active,103,799
SUB03475,ACC03475,PLN_SCALE,2024-06-16,2025-01-20,cancelled,83,799
SUB03476,ACC03476,PLN_STARTER,2024-06-16,2025-04-24,cancelled,4,49
SUB03477,ACC03477,PLN_GROWTH,2024-06-17,,active,17,199
SUB03478,ACC03478,PLN_SCALE,2024-06-17,2025-10-04,cancelled,112,799
SUB03479,ACC03479,PLN_ENTERPRISE,2024-06-17,,active,493,2499
SUB03480,ACC03480,PLN_STARTER,2024-06-18,2024-11-20,cancelled,5,49
SUB03481,ACC03481,PLN_STARTER,2024-06-18,,active,4,49
SUB03482,ACC03482,PLN_STARTER,2024-06-18,2024-07-10,cancelled,5,49
SUB03483,ACC03483,PLN_GROWTH,2024-06-18,2024-11-20,cancelled,13,199
SUB03484,ACC03484,PLN_GROWTH,2024-06-18,2025-01-11,cancelled,14,199
SUB03485,ACC03485,PLN_GROWTH,2024-06-19,2024-07-09,cancelled,23,199
SUB03486,ACC03486,PLN_STARTER,2024-06-19,2024-07-09,cancelled,5,49
SUB03487,ACC03487,PLN_SCALE,2024-06-19,2025-02-27,cancelled,75,799
SUB03488,ACC03488,PLN_SCALE,2024-06-19,2025-05-24,cancelled,75,799
SUB03489,ACC03489,PLN_GROWTH,2024-06-19,2025-04-25,cancelled,18,199
SUB03490,ACC03490,PLN_GROWTH,2024-06-19,,active,21,199
SUB03491,ACC03491,PLN_STARTER,2024-06-19,2024-07-01,cancelled,5,49
SUB03492,ACC03492,PLN_GROWTH,2024-06-19,2024-09-25,cancelled,13,199
SUB03493,ACC03493,PLN_GROWTH,2024-06-19,2025-06-15,cancelled,18,199
SUB03494,ACC03494,PLN_ENTERPRISE,2024-06-20,2024-10-17,cancelled,309,2499
SUB03495,ACC03495,PLN_SCALE,2024-06-20,2025-12-28,cancelled,70,799
SUB03496,ACC03496,PLN_ENTERPRISE,2024-06-20,2025-11-17,cancelled,456,2499
SUB03497,ACC03497,PLN_SCALE,2024-06-21,2025-01-10,cancelled,90,799
SUB03498,ACC03498,PLN_SCALE,2024-06-21,,active,61,799
SUB03499,ACC03499,PLN_SCALE,2024-06-21,2025-02-21,cancelled,110,799
SUB03500,ACC03500,PLN_STARTER,2024-06-21,2024-08-02,cancelled,6,49
SUB03501,ACC03501,PLN_STARTER,2024-06-21,2024-12-26,cancelled,4,49
SUB03502,ACC03502,PLN_STARTER,2024-06-21,2024-12-05,cancelled,3,49
SUB03503,ACC03503,PLN_GROWTH,2024-06-21,2024-07-11,cancelled,21,199
SUB03504,ACC03504,PLN_STARTER,2024-06-21,2024-08-18,cancelled,6,49
SUB03505,ACC03505,PLN_STARTER,2024-06-21,2025-12-03,cancelled,5,49
SUB03506,ACC03506,PLN_ENTERPRISE,2024-06-22,,active,489,2499
SUB03507,ACC03507,PLN_SCALE,2024-06-22,2024-08-10,cancelled,106,799
SUB03508,ACC03508,PLN_STARTER,2024-06-22,2025-02-17,cancelled,5,49
SUB03509,ACC03509,PLN_GROWTH,2024-06-22,2024-08-20,cancelled,22,199
SUB03510,ACC03510,PLN_GROWTH,2024-06-23,2024-09-25,cancelled,20,199
SUB03511,ACC03511,PLN_GROWTH,2024-06-23,2024-08-22,cancelled,23,199
SUB03512,ACC03512,PLN_STARTER,2024-06-23,2024-09-22,cancelled,4,49
SUB03513,ACC03513,PLN_STARTER,2024-06-23,2025-10-05,cancelled,5,49
SUB03514,ACC03514,PLN_GROWTH,2024-06-23,2025-12-15,cancelled,21,199
SUB03515,ACC03515,PLN_GROWTH,2024-06-24,2025-04-21,cancelled,12,199
SUB03516,ACC03516,PLN_ENTERPRISE,2024-06-24,2024-11-11,cancelled,361,2499
SUB03517,ACC03517,PLN_STARTER,2024-06-24,2025-04-16,cancelled,4,49
SUB03518,ACC03518,PLN_STARTER,2024-06-24,2025-12-28,cancelled,3,49
SUB03519,ACC03519,PLN_STARTER,2024-06-24,2025-06-01,cancelled,5,49
SUB03520,ACC03520,PLN_STARTER,2024-06-25,,active,5,49
SUB03521,ACC03521,PLN_STARTER,2024-06-25,2024-12-17,cancelled,5,49
SUB03522,ACC03522,PLN_GROWTH,2024-06-25,2024-08-21,cancelled,18,199
SUB03523,ACC03523,PLN_ENTERPRISE,2024-06-25,,active,515,2499
SUB03524,ACC03524,PLN_GROWTH,2024-06-25,2025-03-19,cancelled,15,199
SUB03525,ACC03525,PLN_STARTER,2024-06-25,2024-08-13,cancelled,5,49
SUB03526,ACC03526,PLN_GROWTH,2024-06-25,2024-09-25,cancelled,19,199
SUB03527,ACC03527,PLN_STARTER,2024-06-25,2024-11-23,cancelled,6,49
SUB03528,ACC03528,PLN_SCALE,2024-06-25,,active,97,799
SUB03529,ACC03529,PLN_SCALE,2024-06-25,2024-10-21,cancelled,79,799
SUB03530,ACC03530,PLN_SCALE,2024-06-25,,active,82,799
SUB03531,ACC03531,PLN_SCALE,2024-06-26,2024-07-26,cancelled,62,799
SUB03532,ACC03532,PLN_ENTERPRISE,2024-06-26,2025-10-10,cancelled,455,2499
SUB03533,ACC03533,PLN_SCALE,2024-06-26,2025-09-15,cancelled,85,799
SUB03534,ACC03534,PLN_GROWTH,2024-06-26,2024-09-12,cancelled,14,199
SUB03535,ACC03535,PLN_GROWTH,2024-06-26,2025-03-16,cancelled,17,199
SUB03536,ACC03536,PLN_GROWTH,2024-06-27,2024-11-13,cancelled,20,199
SUB03537,ACC03537,PLN_GROWTH,2024-06-27,2024-11-25,cancelled,17,199
SUB03538,ACC03538,PLN_SCALE,2024-06-27,2024-10-21,cancelled,99,799
SUB03539,ACC03539,PLN_GROWTH,2024-06-27,2025-12-17,cancelled,17,199
SUB03540,ACC03540,PLN_GROWTH,2024-06-27,2025-07-16,cancelled,18,199
SUB03541,ACC03541,PLN_SCALE,2024-06-27,2024-07-08,cancelled,67,799
SUB03542,ACC03542,PLN_ENTERPRISE,2024-06-27,2025-06-06,cancelled,432,2499
SUB03543,ACC03543,PLN_STARTER,2024-06-27,2025-01-24,cancelled,3,49
SUB03544,ACC03544,PLN_STARTER,2024-06-27,2025-02-23,cancelled,4,49
SUB03545,ACC03545,PLN_GROWTH,2024-06-27,,active,19,199
SUB03546,ACC03546,PLN_GROWTH,2024-06-28,,active,19,199
SUB03547,ACC03547,PLN_GROWTH,2024-06-28,2024-08-19,cancelled,20,199
SUB03548,ACC03548,PLN_STARTER,2024-06-28,2024-10-26,cancelled,3,49
SUB03549,ACC03549,PLN_STARTER,2024-06-29,2025-02-21,cancelled,5,49
SUB03550,ACC03550,PLN_STARTER,2024-06-29,2025-02-28,cancelled,4,49
SUB03551,ACC03551,PLN_STARTER,2024-06-29,2025-08-18,cancelled,4,49
SUB03552,ACC03552,PLN_SCALE,2024-06-29,2024-07-22,cancelled,113,799
SUB03553,ACC03553,PLN_SCALE,2024-06-29,2025-02-15,cancelled,88,799
SUB03554,ACC03554,PLN_GROWTH,2024-06-30,2024-09-12,cancelled,22,199
SUB03555,ACC03555,PLN_STARTER,2024-06-30,2025-01-10,cancelled,5,49
SUB03556,ACC03556,PLN_STARTER,2024-06-30,2024-12-26,cancelled,5,49
SUB03557,ACC03557,PLN_GROWTH,2024-06-30,2025-03-05,cancelled,17,199
SUB03558,ACC03558,PLN_GROWTH,2024-07-01,2024-10-15,cancelled,21,199
SUB03559,ACC03559,PLN_STARTER,2024-07-01,2024-08-15,cancelled,5,49
SUB03560,ACC03560,PLN_ENTERPRISE,2024-07-01,2025-06-07,cancelled,321,2499
SUB03561,ACC03561,PLN_STARTER,2024-07-01,2024-09-17,cancelled,4,49
SUB03562,ACC03562,PLN_STARTER,2024-07-01,2025-05-09,cancelled,5,49
SUB03563,ACC03563,PLN_GROWTH,2024-07-01,2025-09-23,cancelled,20,199
SUB03564,ACC03564,PLN_STARTER,2024-07-01,2025-06-10,cancelled,5,49
SUB03565,ACC03565,PLN_SCALE,2024-07-01,2025-04-24,cancelled,78,799
SUB03566,ACC03566,PLN_STARTER,2024-07-01,,active,3,49
SUB03567,ACC03567,PLN_GROWTH,2024-07-01,,active,16,199
SUB03568,ACC03568,PLN_SCALE,2024-07-01,,active,92,799
SUB03569,ACC03569,PLN_SCALE,2024-07-01,2025-05-01,cancelled,63,799
SUB03570,ACC03570,PLN_ENTERPRISE,2024-07-01,,active,359,2499
SUB03571,ACC03571,PLN_STARTER,2024-07-02,2025-04-22,cancelled,4,49
SUB03572,ACC03572,PLN_SCALE,2024-07-02,2024-09-02,cancelled,64,799
SUB03573,ACC03573,PLN_SCALE,2024-07-02,2024-12-27,cancelled,93,799
SUB03574,ACC03574,PLN_STARTER,2024-07-02,2025-07-06,cancelled,3,49
SUB03575,ACC03575,PLN_ENTERPRISE,2024-07-02,2024-09-15,cancelled,522,2499
SUB03576,ACC03576,PLN_SCALE,2024-07-02,2024-08-16,cancelled,113,799
SUB03577,ACC03577,PLN_STARTER,2024-07-02,2024-08-07,cancelled,4,49
SUB03578,ACC03578,PLN_SCALE,2024-07-02,2024-11-13,cancelled,113,799
SUB03579,ACC03579,PLN_SCALE,2024-07-02,2025-02-16,cancelled,73,799
SUB03580,ACC03580,PLN_GROWTH,2024-07-02,2024-11-01,cancelled,16,199
SUB03581,ACC03581,PLN_STARTER,2024-07-02,2024-09-13,cancelled,4,49
SUB03582,ACC03582,PLN_GROWTH,2024-07-02,2024-09-21,cancelled,18,199
SUB03583,ACC03583,PLN_STARTER,2024-07-02,2024-09-28,cancelled,5,49
SUB03584,ACC03584,PLN_SCALE,2024-07-03,,active,106,799
SUB03585,ACC03585,PLN_GROWTH,2024-07-03,2024-08-10,cancelled,20,199
SUB03586,ACC03586,PLN_STARTER,2024-07-03,2024-12-08,cancelled,5,49
SUB03587,ACC03587,PLN_STARTER,2024-07-04,2025-05-10,cancelled,3,49
SUB03588,ACC03588,PLN_STARTER,2024-07-04,2024-08-19,cancelled,5,49
SUB03589,ACC03589,PLN_GROWTH,2024-07-04,,active,14,199
SUB03590,ACC03590,PLN_ENTERPRISE,2024-07-04,2025-02-20,cancelled,415,2499
SUB03591,ACC03591,PLN_GROWTH,2024-07-04,2025-11-28,cancelled,17,199
SUB03592,ACC03592,PLN_STARTER,2024-07-04,2024-12-17,cancelled,5,49
SUB03593,ACC03593,PLN_GROWTH,2024-07-04,,active,22,199
SUB03594,ACC03594,PLN_GROWTH,2024-07-04,2025-06-25,cancelled,15,199
SUB03595,ACC03595,PLN_STARTER,2024-07-04,2024-09-07,cancelled,5,49
SUB03596,ACC03596,PLN_GROWTH,2024-07-05,2025-06-17,cancelled,22,199
SUB03597,ACC03597,PLN_SCALE,2024-07-05,,active,101,799
SUB03598,ACC03598,PLN_STARTER,2024-07-05,2025-09-07,cancelled,4,49
SUB03599,ACC03599,PLN_STARTER,2024-07-05,2024-12-28,cancelled,5,49
SUB03600,ACC03600,PLN_STARTER,2024-07-06,,active,5,49
SUB03601,ACC03601,PLN_STARTER,2024-07-06,2025-05-20,cancelled,3,49
SUB03602,ACC03602,PLN_ENTERPRISE,2024-07-06,,active,360,2499
SUB03603,ACC03603,PLN_ENTERPRISE,2024-07-07,2025-07-24,cancelled,512,2499
SUB03604,ACC03604,PLN_GROWTH,2024-07-07,,active,21,199
SUB03605,ACC03605,PLN_STARTER,2024-07-07,2024-11-12,cancelled,4,49
SUB03606,ACC03606,PLN_STARTER,2024-07-07,2024-12-21,cancelled,4,49
SUB03607,ACC03607,PLN_GROWTH,2024-07-07,2025-01-06,cancelled,20,199
SUB03608,ACC03608,PLN_SCALE,2024-07-07,2025-05-09,cancelled,63,799
SUB03609,ACC03609,PLN_GROWTH,2024-07-08,,active,22,199
SUB03610,ACC03610,PLN_STARTER,2024-07-08,2025-03-17,cancelled,3,49
SUB03611,ACC03611,PLN_STARTER,2024-07-08,,active,4,49
SUB03612,ACC03612,PLN_GROWTH,2024-07-08,,active,15,199
SUB03613,ACC03613,PLN_STARTER,2024-07-08,2025-03-04,cancelled,4,49
SUB03614,ACC03614,PLN_GROWTH,2024-07-09,2025-03-01,cancelled,17,199
SUB03615,ACC03615,PLN_ENTERPRISE,2024-07-09,,active,483,2499
SUB03616,ACC03616,PLN_SCALE,2024-07-09,,active,105,799
SUB03617,ACC03617,PLN_STARTER,2024-07-09,2024-10-19,cancelled,4,49
SUB03618,ACC03618,PLN_STARTER,2024-07-09,2024-10-09,cancelled,4,49
SUB03619,ACC03619,PLN_GROWTH,2024-07-09,,active,19,199
SUB03620,ACC03620,PLN_ENTERPRISE,2024-07-09,2025-04-07,cancelled,350,2499
SUB03621,ACC03621,PLN_GROWTH,2024-07-10,2024-08-05,cancelled,15,199
SUB03622,ACC03622,PLN_GROWTH,2024-07-10,,active,18,199
SUB03623,ACC03623,PLN_STARTER,2024-07-10,2024-09-26,cancelled,4,49
SUB03624,ACC03624,PLN_STARTER,2024-07-10,2024-11-24,cancelled,5,49
SUB03625,ACC03625,PLN_STARTER,2024-07-10,2024-09-06,cancelled,3,49
SUB03626,ACC03626,PLN_ENTERPRISE,2024-07-10,2025-09-09,cancelled,430,2499
SUB03627,ACC03627,PLN_SCALE,2024-07-10,2024-09-27,cancelled,63,799
SUB03628,ACC03628,PLN_STARTER,2024-07-10,2024-11-07,cancelled,5,49
SUB03629,ACC03629,PLN_SCALE,2024-07-10,2025-05-17,cancelled,108,799
SUB03630,ACC03630,PLN_SCALE,2024-07-10,2024-11-07,cancelled,110,799
SUB03631,ACC03631,PLN_STARTER,2024-07-10,2025-06-15,cancelled,4,49
SUB03632,ACC03632,PLN_STARTER,2024-07-11,2024-12-27,cancelled,4,49
SUB03633,ACC03633,PLN_STARTER,2024-07-11,2025-08-13,cancelled,4,49
SUB03634,ACC03634,PLN_STARTER,2024-07-11,,active,3,49
SUB03635,ACC03635,PLN_STARTER,2024-07-11,2024-10-12,cancelled,4,49
SUB03636,ACC03636,PLN_STARTER,2024-07-11,2024-12-07,cancelled,3,49
SUB03637,ACC03637,PLN_SCALE,2024-07-11,2024-12-11,cancelled,74,799
SUB03638,ACC03638,PLN_SCALE,2024-07-12,2024-09-03,cancelled,92,799
SUB03639,ACC03639,PLN_SCALE,2024-07-12,,active,107,799
SUB03640,ACC03640,PLN_STARTER,2024-07-12,2024-12-16,cancelled,5,49
SUB03641,ACC03641,PLN_STARTER,2024-07-12,,active,4,49
SUB03642,ACC03642,PLN_SCALE,2024-07-12,2025-04-26,cancelled,91,799
SUB03643,ACC03643,PLN_ENTERPRISE,2024-07-12,2024-12-24,cancelled,347,2499
SUB03644,ACC03644,PLN_ENTERPRISE,2024-07-12,2024-09-19,cancelled,562,2499
SUB03645,ACC03645,PLN_SCALE,2024-07-12,,active,88,799
SUB03646,ACC03646,PLN_GROWTH,2024-07-13,2024-08-26,cancelled,14,199
SUB03647,ACC03647,PLN_SCALE,2024-07-13,,active,90,799
SUB03648,ACC03648,PLN_ENTERPRISE,2024-07-13,2025-07-15,cancelled,472,2499
SUB03649,ACC03649,PLN_STARTER,2024-07-13,2024-08-26,cancelled,5,49
SUB03650,ACC03650,PLN_GROWTH,2024-07-13,2025-01-20,cancelled,19,199
SUB03651,ACC03651,PLN_GROWTH,2024-07-13,2024-12-11,cancelled,16,199
SUB03652,ACC03652,PLN_GROWTH,2024-07-13,2024-12-11,cancelled,20,199
SUB03653,ACC03653,PLN_GROWTH,2024-07-14,2024-09-03,cancelled,18,199
SUB03654,ACC03654,PLN_GROWTH,2024-07-14,2024-10-18,cancelled,14,199
SUB03655,ACC03655,PLN_STARTER,2024-07-15,2025-08-17,cancelled,4,49
SUB03656,ACC03656,PLN_GROWTH,2024-07-15,2025-02-19,cancelled,16,199
SUB03657,ACC03657,PLN_ENTERPRISE,2024-07-15,2024-12-16,cancelled,521,2499
SUB03658,ACC03658,PLN_SCALE,2024-07-15,2025-03-12,cancelled,73,799
SUB03659,ACC03659,PLN_STARTER,2024-07-15,2025-01-14,cancelled,5,49
SUB03660,ACC03660,PLN_STARTER,2024-07-15,2024-12-04,cancelled,4,49
SUB03661,ACC03661,PLN_SCALE,2024-07-15,2025-10-20,cancelled,78,799
SUB03662,ACC03662,PLN_ENTERPRISE,2024-07-15,2024-08-21,cancelled,469,2499
SUB03663,ACC03663,PLN_SCALE,2024-07-15,2025-02-23,cancelled,98,799
SUB03664,ACC03664,PLN_ENTERPRISE,2024-07-15,2025-05-27,cancelled,325,2499
SUB03665,ACC03665,PLN_GROWTH,2024-07-15,2025-07-21,cancelled,14,199
SUB03666,ACC03666,PLN_STARTER,2024-07-15,2024-10-15,cancelled,4,49
SUB03667,ACC03667,PLN_STARTER,2024-07-15,,active,4,49
SUB03668,ACC03668,PLN_STARTER,2024-07-15,2024-09-17,cancelled,3,49
SUB03669,ACC03669,PLN_SCALE,2024-07-15,,active,64,799
SUB03670,ACC03670,PLN_STARTER,2024-07-16,2025-04-08,cancelled,5,49
SUB03671,ACC03671,PLN_STARTER,2024-07-16,2024-10-28,cancelled,4,49
SUB03672,ACC03672,PLN_SCALE,2024-07-16,2025-05-19,cancelled,87,799
SUB03673,ACC03673,PLN_SCALE,2024-07-16,2025-03-18,cancelled,75,799
SUB03674,ACC03674,PLN_SCALE,2024-07-16,2025-05-04,cancelled,70,799
SUB03675,ACC03675,PLN_GROWTH,2024-07-16,,active,15,199
SUB03676,ACC03676,PLN_STARTER,2024-07-16,2025-07-24,cancelled,5,49
SUB03677,ACC03677,PLN_GROWTH,2024-07-16,2025-03-14,cancelled,19,199
SUB03678,ACC03678,PLN_SCALE,2024-07-16,2025-07-15,cancelled,112,799
SUB03679,ACC03679,PLN_STARTER,2024-07-17,2025-12-18,cancelled,6,49
SUB03680,ACC03680,PLN_STARTER,2024-07-17,2025-04-27,cancelled,4,49
SUB03681,ACC03681,PLN_SCALE,2024-07-17,,active,64,799
SUB03682,ACC03682,PLN_STARTER,2024-07-17,2024-11-08,cancelled,5,49
SUB03683,ACC03683,PLN_ENTERPRISE,2024-07-17,,active,334,2499
SUB03684,ACC03684,PLN_GROWTH,2024-07-17,,active,22,199
SUB03685,ACC03685,PLN_SCALE,2024-07-17,2024-10-03,cancelled,90,799
SUB03686,ACC03686,PLN_STARTER,2024-07-17,2024-11-13,cancelled,5,49
SUB03687,ACC03687,PLN_GROWTH,2024-07-18,2024-10-06,cancelled,19,199
SUB03688,ACC03688,PLN_STARTER,2024-07-18,,active,5,49
SUB03689,ACC03689,PLN_STARTER,2024-07-18,2024-12-23,cancelled,4,49
SUB03690,ACC03690,PLN_GROWTH,2024-07-18,2025-09-28,cancelled,13,199
SUB03691,ACC03691,PLN_STARTER,2024-07-18,,active,5,49
SUB03692,ACC03692,PLN_GROWTH,2024-07-18,2024-09-27,cancelled,19,199
SUB03693,ACC03693,PLN_STARTER,2024-07-18,2024-12-27,cancelled,4,49
SUB03694,ACC03694,PLN_STARTER,2024-07-19,2024-09-16,cancelled,5,49
SUB03695,ACC03695,PLN_ENTERPRISE,2024-07-19,,active,515,2499
SUB03696,ACC03696,PLN_ENTERPRISE,2024-07-19,2024-11-21,cancelled,443,2499
SUB03697,ACC03697,PLN_SCALE,2024-07-19,2025-07-05,cancelled,109,799
SUB03698,ACC03698,PLN_GROWTH,2024-07-19,2025-01-11,cancelled,13,199
SUB03699,ACC03699,PLN_ENTERPRISE,2024-07-19,2024-08-04,cancelled,491,2499
SUB03700,ACC03700,PLN_GROWTH,2024-07-19,,active,15,199
SUB03701,ACC03701,PLN_GROWTH,2024-07-19,2025-04-19,cancelled,14,199
SUB03702,ACC03702,PLN_ENTERPRISE,2024-07-19,,active,574,2499
SUB03703,ACC03703,PLN_GROWTH,2024-07-19,,active,20,199
SUB03704,ACC03704,PLN_GROWTH,2024-07-20,2025-05-25,cancelled,16,199
SUB03705,ACC03705,PLN_STARTER,2024-07-20,,active,5,49
SUB03706,ACC03706,PLN_STARTER,2024-07-20,2024-12-04,cancelled,5,49
SUB03707,ACC03707,PLN_GROWTH,2024-07-20,2024-11-25,cancelled,16,199
SUB03708,ACC03708,PLN_SCALE,2024-07-20,2024-11-15,cancelled,100,799
SUB03709,ACC03709,PLN_GROWTH,2024-07-20,,active,21,199
SUB03710,ACC03710,PLN_SCALE,2024-07-20,2025-12-22,cancelled,65,799
SUB03711,ACC03711,PLN_SCALE,2024-07-21,,active,67,799
SUB03712,ACC03712,PLN_GROWTH,2024-07-21,2025-01-22,cancelled,18,199
SUB03713,ACC03713,PLN_GROWTH,2024-07-21,,active,14,199
SUB03714,ACC03714,PLN_STARTER,2024-07-21,,active,5,49
SUB03715,ACC03715,PLN_ENTERPRISE,2024-07-21,2024-11-02,cancelled,308,2499
SUB03716,ACC03716,PLN_GROWTH,2024-07-21,2025-02-11,cancelled,21,199
SUB03717,ACC03717,PLN_GROWTH,2024-07-21,2025-04-09,cancelled,17,199
SUB03718,ACC03718,PLN_GROWTH,2024-07-21,2024-11-26,cancelled,12,199
SUB03719,ACC03719,PLN_ENTERPRISE,2024-07-21,2025-04-13,cancelled,497,2499
SUB03720,ACC03720,PLN_GROWTH,2024-07-21,2025-01-09,cancelled,14,199
SUB03721,ACC03721,PLN_STARTER,2024-07-21,2024-09-15,cancelled,3,49
SUB03722,ACC03722,PLN_STARTER,2024-07-21,2025-07-17,cancelled,3,49
SUB03723,ACC03723,PLN_SCALE,2024-07-22,2024-12-19,cancelled,72,799
SUB03724,ACC03724,PLN_STARTER,2024-07-22,2025-01-18,cancelled,5,49
SUB03725,ACC03725,PLN_GROWTH,2024-07-22,2025-11-19,cancelled,15,199
SUB03726,ACC03726,PLN_GROWTH,2024-07-23,2024-12-10,cancelled,19,199
SUB03727,ACC03727,PLN_STARTER,2024-07-23,2025-11-12,cancelled,4,49
SUB03728,ACC03728,PLN_GROWTH,2024-07-23,2024-09-23,cancelled,22,199
SUB03729,ACC03729,PLN_GROWTH,2024-07-23,2025-01-13,cancelled,16,199
SUB03730,ACC03730,PLN_STARTER,2024-07-23,,active,5,49
SUB03731,ACC03731,PLN_SCALE,2024-07-23,2025-06-25,cancelled,91,799
SUB03732,ACC03732,PLN_GROWTH,2024-07-23,2025-02-18,cancelled,16,199
SUB03733,ACC03733,PLN_STARTER,2024-07-24,,active,3,49
SUB03734,ACC03734,PLN_STARTER,2024-07-24,2024-09-14,cancelled,3,49
SUB03735,ACC03735,PLN_ENTERPRISE,2024-07-24,,active,370,2499
SUB03736,ACC03736,PLN_GROWTH,2024-07-24,2024-12-28,cancelled,16,199
SUB03737,ACC03737,PLN_SCALE,2024-07-25,,active,67,799
SUB03738,ACC03738,PLN_SCALE,2024-07-25,2024-10-17,cancelled,64,799
SUB03739,ACC03739,PLN_SCALE,2024-07-25,2025-04-03,cancelled,62,799
SUB03740,ACC03740,PLN_STARTER,2024-07-25,2024-12-08,cancelled,5,49
SUB03741,ACC03741,PLN_GROWTH,2024-07-25,2024-08-23,cancelled,12,199
SUB03742,ACC03742,PLN_ENTERPRISE,2024-07-25,2025-01-07,cancelled,525,2499
SUB03743,ACC03743,PLN_SCALE,2024-07-25,2025-01-13,cancelled,115,799
SUB03744,ACC03744,PLN_STARTER,2024-07-25,,active,3,49
SUB03745,ACC03745,PLN_STARTER,2024-07-26,2025-09-16,cancelled,6,49
SUB03746,ACC03746,PLN_SCALE,2024-07-26,2024-12-24,cancelled,88,799
SUB03747,ACC03747,PLN_SCALE,2024-07-26,2025-07-07,cancelled,98,799
SUB03748,ACC03748,PLN_ENTERPRISE,2024-07-26,2024-10-17,cancelled,402,2499
SUB03749,ACC03749,PLN_GROWTH,2024-07-26,2025-04-17,cancelled,22,199
SUB03750,ACC03750,PLN_STARTER,2024-07-27,2025-12-09,cancelled,4,49
SUB03751,ACC03751,PLN_ENTERPRISE,2024-07-27,2024-11-09,cancelled,552,2499
SUB03752,ACC03752,PLN_STARTER,2024-07-27,2025-03-05,cancelled,5,49
SUB03753,ACC03753,PLN_SCALE,2024-07-28,2025-01-11,cancelled,61,799
SUB03754,ACC03754,PLN_GROWTH,2024-07-28,2025-10-06,cancelled,19,199
SUB03755,ACC03755,PLN_GROWTH,2024-07-28,2025-11-23,cancelled,22,199
SUB03756,ACC03756,PLN_STARTER,2024-07-28,2024-10-09,cancelled,4,49
SUB03757,ACC03757,PLN_GROWTH,2024-07-28,2024-12-23,cancelled,21,199
SUB03758,ACC03758,PLN_SCALE,2024-07-29,,active,75,799
SUB03759,ACC03759,PLN_STARTER,2024-07-29,2025-01-06,cancelled,5,49
SUB03760,ACC03760,PLN_STARTER,2024-07-29,,active,4,49
SUB03761,ACC03761,PLN_ENTERPRISE,2024-07-29,2024-08-26,cancelled,498,2499
SUB03762,ACC03762,PLN_GROWTH,2024-07-30,2025-02-24,cancelled,22,199
SUB03763,ACC03763,PLN_STARTER,2024-07-30,2025-03-12,cancelled,5,49
SUB03764,ACC03764,PLN_GROWTH,2024-07-30,2024-09-22,cancelled,21,199
SUB03765,ACC03765,PLN_STARTER,2024-07-30,2024-08-27,cancelled,6,49
SUB03766,ACC03766,PLN_STARTER,2024-07-30,,active,5,49
SUB03767,ACC03767,PLN_GROWTH,2024-07-30,,active,19,199
SUB03768,ACC03768,PLN_SCALE,2024-07-30,2025-09-21,cancelled,96,799
SUB03769,ACC03769,PLN_SCALE,2024-07-31,,active,102,799
SUB03770,ACC03770,PLN_STARTER,2024-07-31,2025-10-15,cancelled,5,49
SUB03771,ACC03771,PLN_GROWTH,2024-07-31,,active,21,199
SUB03772,ACC03772,PLN_STARTER,2024-07-31,2025-02-01,cancelled,5,49
SUB03773,ACC03773,PLN_STARTER,2024-07-31,2024-09-03,cancelled,4,49
SUB03774,ACC03774,PLN_SCALE,2024-07-31,,active,86,799
SUB03775,ACC03775,PLN_GROWTH,2024-08-01,,active,22,199
SUB03776,ACC03776,PLN_STARTER,2024-08-01,,active,5,49
SUB03777,ACC03777,PLN_SCALE,2024-08-01,2024-10-22,cancelled,97,799
SUB03778,ACC03778,PLN_SCALE,2024-08-01,2025-05-04,cancelled,105,799
SUB03779,ACC03779,PLN_GROWTH,2024-08-02,2025-12-28,cancelled,23,199
SUB03780,ACC03780,PLN_STARTER,2024-08-02,2025-02-05,cancelled,5,49
SUB03781,ACC03781,PLN_SCALE,2024-08-02,2025-11-21,cancelled,88,799
SUB03782,ACC03782,PLN_STARTER,2024-08-02,2024-11-26,cancelled,5,49
SUB03783,ACC03783,PLN_STARTER,2024-08-02,2024-09-06,cancelled,3,49
SUB03784,ACC03784,PLN_GROWTH,2024-08-02,2025-02-09,cancelled,15,199
SUB03785,ACC03785,PLN_STARTER,2024-08-02,2025-04-19,cancelled,5,49
SUB03786,ACC03786,PLN_STARTER,2024-08-02,2025-06-15,cancelled,4,49
SUB03787,ACC03787,PLN_SCALE,2024-08-02,2024-09-12,cancelled,72,799
SUB03788,ACC03788,PLN_STARTER,2024-08-02,2024-11-27,cancelled,5,49
SUB03789,ACC03789,PLN_SCALE,2024-08-02,,active,114,799
SUB03790,ACC03790,PLN_SCALE,2024-08-02,2025-12-13,cancelled,86,799
SUB03791,ACC03791,PLN_ENTERPRISE,2024-08-03,2024-09-17,cancelled,506,2499
SUB03792,ACC03792,PLN_SCALE,2024-08-03,,active,115,799
SUB03793,ACC03793,PLN_STARTER,2024-08-04,2025-06-15,cancelled,4,49
SUB03794,ACC03794,PLN_STARTER,2024-08-04,2025-03-24,cancelled,5,49
SUB03795,ACC03795,PLN_STARTER,2024-08-04,2025-10-07,cancelled,3,49
SUB03796,ACC03796,PLN_GROWTH,2024-08-04,2025-06-25,cancelled,13,199
SUB03797,ACC03797,PLN_ENTERPRISE,2024-08-04,2025-01-20,cancelled,379,2499
SUB03798,ACC03798,PLN_STARTER,2024-08-04,2025-09-25,cancelled,5,49
SUB03799,ACC03799,PLN_STARTER,2024-08-05,,active,5,49
SUB03800,ACC03800,PLN_STARTER,2024-08-05,,active,6,49
SUB03801,ACC03801,PLN_GROWTH,2024-08-05,2025-08-23,cancelled,13,199
SUB03802,ACC03802,PLN_GROWTH,2024-08-06,2024-09-04,cancelled,19,199
SUB03803,ACC03803,PLN_STARTER,2024-08-06,2025-11-11,cancelled,6,49
SUB03804,ACC03804,PLN_GROWTH,2024-08-06,2025-09-14,cancelled,18,199
SUB03805,ACC03805,PLN_STARTER,2024-08-06,2024-11-14,cancelled,5,49
SUB03806,ACC03806,PLN_STARTER,2024-08-06,2025-01-16,cancelled,5,49
SUB03807,ACC03807,PLN_SCALE,2024-08-07,2025-09-01,cancelled,83,799
SUB03808,ACC03808,PLN_SCALE,2024-08-07,2025-06-23,cancelled,68,799
SUB03809,ACC03809,PLN_GROWTH,2024-08-07,2025-04-26,cancelled,21,199
SUB03810,ACC03810,PLN_STARTER,2024-08-07,2024-11-24,cancelled,4,49
SUB03811,ACC03811,PLN_STARTER,2024-08-07,2025-12-05,cancelled,5,49
SUB03812,ACC03812,PLN_GROWTH,2024-08-08,2025-04-25,cancelled,19,199
SUB03813,ACC03813,PLN_STARTER,2024-08-08,2025-02-03,cancelled,5,49
SUB03814,ACC03814,PLN_STARTER,2024-08-08,2024-12-15,cancelled,4,49
SUB03815,ACC03815,PLN_STARTER,2024-08-08,2025-09-05,cancelled,5,49
SUB03816,ACC03816,PLN_STARTER,2024-08-08,2025-01-12,cancelled,3,49
SUB03817,ACC03817,PLN_SCALE,2024-08-08,,active,90,799
SUB03818,ACC03818,PLN_SCALE,2024-08-09,,active,72,799
SUB03819,ACC03819,PLN_GROWTH,2024-08-09,,active,15,199
SUB03820,ACC03820,PLN_SCALE,2024-08-09,2025-02-09,cancelled,82,799
SUB03821,ACC03821,PLN_SCALE,2024-08-09,2024-10-25,cancelled,69,799
SUB03822,ACC03822,PLN_STARTER,2024-08-09,,active,4,49
SUB03823,ACC03823,PLN_STARTER,2024-08-09,2024-09-14,cancelled,4,49
SUB03824,ACC03824,PLN_STARTER,2024-08-09,2024-11-13,cancelled,4,49
SUB03825,ACC03825,PLN_STARTER,2024-08-09,2024-10-10,cancelled,4,49
SUB03826,ACC03826,PLN_GROWTH,2024-08-09,2024-10-06,cancelled,18,199
SUB03827,ACC03827,PLN_SCALE,2024-08-09,2025-05-13,cancelled,98,799
SUB03828,ACC03828,PLN_SCALE,2024-08-10,2024-10-06,cancelled,84,799
SUB03829,ACC03829,PLN_SCALE,2024-08-10,,active,111,799
SUB03830,ACC03830,PLN_GROWTH,2024-08-10,2025-03-12,cancelled,15,199
SUB03831,ACC03831,PLN_GROWTH,2024-08-10,2024-11-07,cancelled,21,199
SUB03832,ACC03832,PLN_GROWTH,2024-08-10,2025-02-15,cancelled,22,199
SUB03833,ACC03833,PLN_GROWTH,2024-08-10,2024-11-14,cancelled,15,199
SUB03834,ACC03834,PLN_STARTER,2024-08-11,2025-03-13,cancelled,3,49
SUB03835,ACC03835,PLN_GROWTH,2024-08-11,,active,20,199
SUB03836,ACC03836,PLN_STARTER,2024-08-12,2024-10-04,cancelled,4,49
SUB03837,ACC03837,PLN_GROWTH,2024-08-12,2025-11-14,cancelled,14,199
SUB03838,ACC03838,PLN_SCALE,2024-08-12,,active,75,799
SUB03839,ACC03839,PLN_GROWTH,2024-08-12,,active,21,199
SUB03840,ACC03840,PLN_SCALE,2024-08-12,2024-10-21,cancelled,77,799
SUB03841,ACC03841,PLN_GROWTH,2024-08-13,2025-01-22,cancelled,15,199
SUB03842,ACC03842,PLN_STARTER,2024-08-13,,active,5,49
SUB03843,ACC03843,PLN_GROWTH,2024-08-13,2025-09-16,cancelled,16,199
SUB03844,ACC03844,PLN_GROWTH,2024-08-13,2024-10-01,cancelled,22,199
SUB03845,ACC03845,PLN_STARTER,2024-08-13,2025-01-01,cancelled,6,49
SUB03846,ACC03846,PLN_ENTERPRISE,2024-08-13,,active,417,2499
SUB03847,ACC03847,PLN_STARTER,2024-08-13,2025-01-12,cancelled,5,49
SUB03848,ACC03848,PLN_GROWTH,2024-08-13,2025-08-18,cancelled,15,199
SUB03849,ACC03849,PLN_SCALE,2024-08-13,,active,82,799
SUB03850,ACC03850,PLN_STARTER,2024-08-13,,active,6,49
SUB03851,ACC03851,PLN_GROWTH,2024-08-13,2025-05-17,cancelled,14,199
SUB03852,ACC03852,PLN_STARTER,2024-08-13,2025-09-11,cancelled,4,49
SUB03853,ACC03853,PLN_GROWTH,2024-08-14,2025-12-16,cancelled,16,199
SUB03854,ACC03854,PLN_STARTER,2024-08-14,2025-02-06,cancelled,5,49
SUB03855,ACC03855,PLN_GROWTH,2024-08-14,2024-10-02,cancelled,17,199
SUB03856,ACC03856,PLN_SCALE,2024-08-14,2025-10-01,cancelled,60,799
SUB03857,ACC03857,PLN_SCALE,2024-08-14,,active,68,799
SUB03858,ACC03858,PLN_STARTER,2024-08-14,2024-10-28,cancelled,4,49
SUB03859,ACC03859,PLN_STARTER,2024-08-14,2025-05-05,cancelled,4,49
SUB03860,ACC03860,PLN_GROWTH,2024-08-14,,active,13,199
SUB03861,ACC03861,PLN_SCALE,2024-08-14,2025-02-10,cancelled,84,799
SUB03862,ACC03862,PLN_SCALE,2024-08-15,2024-11-09,cancelled,107,799
SUB03863,ACC03863,PLN_GROWTH,2024-08-15,2025-01-24,cancelled,16,199
SUB03864,ACC03864,PLN_ENTERPRISE,2024-08-15,,active,369,2499
SUB03865,ACC03865,PLN_ENTERPRISE,2024-08-15,2025-01-08,cancelled,306,2499
SUB03866,ACC03866,PLN_GROWTH,2024-08-15,2024-11-05,cancelled,12,199
SUB03867,ACC03867,PLN_STARTER,2024-08-15,2025-04-04,cancelled,3,49
SUB03868,ACC03868,PLN_STARTER,2024-08-15,2024-11-21,cancelled,4,49
SUB03869,ACC03869,PLN_GROWTH,2024-08-16,2025-12-23,cancelled,15,199
SUB03870,ACC03870,PLN_STARTER,2024-08-16,2024-11-22,cancelled,5,49
SUB03871,ACC03871,PLN_GROWTH,2024-08-16,,active,19,199
SUB03872,ACC03872,PLN_ENTERPRISE,2024-08-16,,active,417,2499
SUB03873,ACC03873,PLN_STARTER,2024-08-16,,active,3,49
SUB03874,ACC03874,PLN_STARTER,2024-08-16,2025-09-10,cancelled,5,49
SUB03875,ACC03875,PLN_ENTERPRISE,2024-08-16,,active,335,2499
SUB03876,ACC03876,PLN_STARTER,2024-08-16,,active,4,49
SUB03877,ACC03877,PLN_GROWTH,2024-08-16,2024-11-19,cancelled,18,199
SUB03878,ACC03878,PLN_GROWTH,2024-08-17,2024-10-10,cancelled,20,199
SUB03879,ACC03879,PLN_STARTER,2024-08-17,2024-11-24,cancelled,5,49
SUB03880,ACC03880,PLN_SCALE,2024-08-17,,active,73,799
SUB03881,ACC03881,PLN_STARTER,2024-08-17,2025-02-16,cancelled,5,49
SUB03882,ACC03882,PLN_GROWTH,2024-08-17,2025-07-09,cancelled,18,199
SUB03883,ACC03883,PLN_STARTER,2024-08-17,2024-11-11,cancelled,5,49
SUB03884,ACC03884,PLN_GROWTH,2024-08-18,,active,19,199
SUB03885,ACC03885,PLN_SCALE,2024-08-18,2025-02-24,cancelled,101,799
SUB03886,ACC03886,PLN_GROWTH,2024-08-18,2024-12-01,cancelled,13,199
SUB03887,ACC03887,PLN_ENTERPRISE,2024-08-18,,active,420,2499
SUB03888,ACC03888,PLN_SCALE,2024-08-18,2025-04-11,cancelled,108,799
SUB03889,ACC03889,PLN_GROWTH,2024-08-18,2025-02-22,cancelled,16,199
SUB03890,ACC03890,PLN_SCALE,2024-08-18,2025-02-08,cancelled,74,799
SUB03891,ACC03891,PLN_GROWTH,2024-08-18,,active,17,199
SUB03892,ACC03892,PLN_GROWTH,2024-08-18,2025-01-25,cancelled,14,199
SUB03893,ACC03893,PLN_STARTER,2024-08-19,,active,4,49
SUB03894,ACC03894,PLN_ENTERPRISE,2024-08-19,2025-08-24,cancelled,467,2499
SUB03895,ACC03895,PLN_SCALE,2024-08-19,2025-02-23,cancelled,93,799
SUB03896,ACC03896,PLN_ENTERPRISE,2024-08-19,2024-10-03,cancelled,411,2499
SUB03897,ACC03897,PLN_SCALE,2024-08-19,,active,106,799
SUB03898,ACC03898,PLN_ENTERPRISE,2024-08-19,2024-10-18,cancelled,407,2499
SUB03899,ACC03899,PLN_ENTERPRISE,2024-08-19,2024-09-02,cancelled,346,2499
SUB03900,ACC03900,PLN_SCALE,2024-08-19,,active,63,799
SUB03901,ACC03901,PLN_GROWTH,2024-08-19,,active,13,199
SUB03902,ACC03902,PLN_STARTER,2024-08-20,,active,5,49
SUB03903,ACC03903,PLN_SCALE,2024-08-20,2025-12-15,cancelled,65,799
SUB03904,ACC03904,PLN_ENTERPRISE,2024-08-20,,active,429,2499
SUB03905,ACC03905,PLN_STARTER,2024-08-20,2024-11-25,cancelled,4,49
SUB03906,ACC03906,PLN_STARTER,2024-08-20,2025-10-22,cancelled,5,49
SUB03907,ACC03907,PLN_STARTER,2024-08-20,2025-03-02,cancelled,5,49
SUB03908,ACC03908,PLN_STARTER,2024-08-20,2025-08-23,cancelled,4,49
SUB03909,ACC03909,PLN_GROWTH,2024-08-20,,active,22,199
SUB03910,ACC03910,PLN_GROWTH,2024-08-20,2025-03-05,cancelled,16,199
SUB03911,ACC03911,PLN_GROWTH,2024-08-20,2024-12-11,cancelled,13,199
SUB03912,ACC03912,PLN_GROWTH,2024-08-21,,active,14,199
SUB03913,ACC03913,PLN_GROWTH,2024-08-21,,active,19,199
SUB03914,ACC03914,PLN_STARTER,2024-08-21,2025-03-28,cancelled,6,49
SUB03915,ACC03915,PLN_STARTER,2024-08-22,,active,3,49
SUB03916,ACC03916,PLN_STARTER,2024-08-22,2024-09-14,cancelled,5,49
SUB03917,ACC03917,PLN_STARTER,2024-08-22,2025-06-10,cancelled,3,49
SUB03918,ACC03918,PLN_SCALE,2024-08-22,2025-10-15,cancelled,63,799
SUB03919,ACC03919,PLN_SCALE,2024-08-22,2025-05-06,cancelled,114,799
SUB03920,ACC03920,PLN_STARTER,2024-08-22,2025-10-28,cancelled,4,49
SUB03921,ACC03921,PLN_STARTER,2024-08-23,2025-06-28,cancelled,5,49
SUB03922,ACC03922,PLN_STARTER,2024-08-23,2024-10-15,cancelled,4,49
SUB03923,ACC03923,PLN_GROWTH,2024-08-23,2025-06-02,cancelled,13,199
SUB03924,ACC03924,PLN_STARTER,2024-08-23,2024-09-19,cancelled,4,49
SUB03925,ACC03925,PLN_SCALE,2024-08-23,2025-06-21,cancelled,70,799
SUB03926,ACC03926,PLN_STARTER,2024-08-23,,active,5,49
SUB03927,ACC03927,PLN_GROWTH,2024-08-24,2024-10-15,cancelled,20,199
SUB03928,ACC03928,PLN_STARTER,2024-08-24,2024-10-07,cancelled,6,49
SUB03929,ACC03929,PLN_STARTER,2024-08-24,2025-09-13,cancelled,5,49
SUB03930,ACC03930,PLN_SCALE,2024-08-24,2025-10-03,cancelled,92,799
SUB03931,ACC03931,PLN_STARTER,2024-08-24,2025-04-09,cancelled,5,49
SUB03932,ACC03932,PLN_SCALE,2024-08-24,2025-01-16,cancelled,90,799
SUB03933,ACC03933,PLN_STARTER,2024-08-24,2024-12-12,cancelled,5,49
SUB03934,ACC03934,PLN_STARTER,2024-08-24,2024-10-08,cancelled,5,49
SUB03935,ACC03935,PLN_SCALE,2024-08-24,,active,104,799
SUB03936,ACC03936,PLN_STARTER,2024-08-25,2025-03-22,cancelled,3,49
SUB03937,ACC03937,PLN_ENTERPRISE,2024-08-25,,active,313,2499
SUB03938,ACC03938,PLN_SCALE,2024-08-25,2025-08-17,cancelled,65,799
SUB03939,ACC03939,PLN_STARTER,2024-08-25,2024-09-12,cancelled,4,49
SUB03940,ACC03940,PLN_GROWTH,2024-08-25,,active,19,199
SUB03941,ACC03941,PLN_GROWTH,2024-08-25,2025-07-10,cancelled,22,199
SUB03942,ACC03942,PLN_SCALE,2024-08-25,2024-10-04,cancelled,102,799
SUB03943,ACC03943,PLN_STARTER,2024-08-26,,active,5,49
SUB03944,ACC03944,PLN_GROWTH,2024-08-26,,active,13,199
SUB03945,ACC03945,PLN_SCALE,2024-08-26,2024-09-19,cancelled,90,799
SUB03946,ACC03946,PLN_STARTER,2024-08-26,2025-05-14,cancelled,3,49
SUB03947,ACC03947,PLN_GROWTH,2024-08-26,2025-04-14,cancelled,16,199
SUB03948,ACC03948,PLN_GROWTH,2024-08-26,2025-03-19,cancelled,13,199
SUB03949,ACC03949,PLN_STARTER,2024-08-26,,active,5,49
SUB03950,ACC03950,PLN_GROWTH,2024-08-27,2025-09-09,cancelled,12,199
SUB03951,ACC03951,PLN_STARTER,2024-08-27,2025-11-25,cancelled,4,49
SUB03952,ACC03952,PLN_GROWTH,2024-08-27,2025-05-05,cancelled,22,199
SUB03953,ACC03953,PLN_SCALE,2024-08-27,2024-11-28,cancelled,112,799
SUB03954,ACC03954,PLN_SCALE,2024-08-27,2025-04-12,cancelled,99,799
SUB03955,ACC03955,PLN_STARTER,2024-08-27,2025-03-17,cancelled,4,49
SUB03956,ACC03956,PLN_STARTER,2024-08-27,2025-08-07,cancelled,6,49
SUB03957,ACC03957,PLN_SCALE,2024-08-28,2025-01-04,cancelled,86,799
SUB03958,ACC03958,PLN_GROWTH,2024-08-28,2024-11-11,cancelled,16,199
SUB03959,ACC03959,PLN_SCALE,2024-08-28,2025-06-09,cancelled,65,799
SUB03960,ACC03960,PLN_GROWTH,2024-08-28,2025-04-09,cancelled,19,199
SUB03961,ACC03961,PLN_ENTERPRISE,2024-08-29,2024-09-16,cancelled,459,2499
SUB03962,ACC03962,PLN_ENTERPRISE,2024-08-29,2025-09-25,cancelled,489,2499
SUB03963,ACC03963,PLN_GROWTH,2024-08-29,2024-09-25,cancelled,22,199
SUB03964,ACC03964,PLN_STARTER,2024-08-29,2025-12-03,cancelled,3,49
SUB03965,ACC03965,PLN_STARTER,2024-08-29,2024-09-10,cancelled,3,49
SUB03966,ACC03966,PLN_STARTER,2024-08-30,,active,3,49
SUB03967,ACC03967,PLN_ENTERPRISE,2024-08-30,2025-02-05,cancelled,565,2499
SUB03968,ACC03968,PLN_ENTERPRISE,2024-08-30,2025-05-12,cancelled,448,2499
SUB03969,ACC03969,PLN_SCALE,2024-08-30,2025-12-20,cancelled,68,799
SUB03970,ACC03970,PLN_SCALE,2024-08-30,2025-11-06,cancelled,68,799
SUB03971,ACC03971,PLN_STARTER,2024-08-30,2024-10-05,cancelled,4,49
SUB03972,ACC03972,PLN_ENTERPRISE,2024-08-31,2025-09-07,cancelled,386,2499
SUB03973,ACC03973,PLN_SCALE,2024-08-31,,active,100,799
SUB03974,ACC03974,PLN_GROWTH,2024-08-31,,active,14,199
SUB03975,ACC03975,PLN_ENTERPRISE,2024-08-31,2025-03-17,cancelled,541,2499
SUB03976,ACC03976,PLN_GROWTH,2024-08-31,2024-10-01,cancelled,21,199
SUB03977,ACC03977,PLN_SCALE,2024-08-31,2024-09-02,cancelled,106,799
SUB03978,ACC03978,PLN_ENTERPRISE,2024-09-01,,active,316,2499
SUB03979,ACC03979,PLN_SCALE,2024-09-01,2024-11-07,cancelled,80,799
SUB03980,ACC03980,PLN_STARTER,2024-09-01,2025-01-06,cancelled,4,49
SUB03981,ACC03981,PLN_GROWTH,2024-09-01,2025-04-18,cancelled,20,199
SUB03982,ACC03982,PLN_ENTERPRISE,2024-09-01,,active,562,2499
SUB03983,ACC03983,PLN_GROWTH,2024-09-01,2024-10-12,cancelled,22,199
SUB03984,ACC03984,PLN_GROWTH,2024-09-02,2025-04-22,cancelled,19,199
SUB03985,ACC03985,PLN_STARTER,2024-09-02,2024-11-18,cancelled,4,49
SUB03986,ACC03986,PLN_GROWTH,2024-09-02,2024-12-19,cancelled,14,199
SUB03987,ACC03987,PLN_GROWTH,2024-09-03,2025-01-16,cancelled,14,199
SUB03988,ACC03988,PLN_SCALE,2024-09-03,,active,75,799
SUB03989,ACC03989,PLN_STARTER,2024-09-03,2025-03-15,cancelled,4,49
SUB03990,ACC03990,PLN_GROWTH,2024-09-03,,active,18,199
SUB03991,ACC03991,PLN_STARTER,2024-09-03,2024-10-19,cancelled,5,49
SUB03992,ACC03992,PLN_GROWTH,2024-09-04,2025-01-14,cancelled,23,199
SUB03993,ACC03993,PLN_SCALE,2024-09-04,2025-05-14,cancelled,108,799
SUB03994,ACC03994,PLN_STARTER,2024-09-04,,active,5,49
SUB03995,ACC03995,PLN_GROWTH,2024-09-05,,active,21,199
SUB03996,ACC03996,PLN_SCALE,2024-09-05,2024-11-28,cancelled,98,799
SUB03997,ACC03997,PLN_GROWTH,2024-09-05,2025-01-04,cancelled,15,199
SUB03998,ACC03998,PLN_STARTER,2024-09-05,2025-04-22,cancelled,4,49
SUB03999,ACC03999,PLN_SCALE,2024-09-05,2024-11-24,cancelled,71,799
SUB04000,ACC04000,PLN_SCALE,2024-09-06,2025-12-20,cancelled,61,799
SUB04001,ACC04001,PLN_STARTER,2024-09-06,2025-12-11,cancelled,6,49
SUB04002,ACC04002,PLN_SCALE,2024-09-06,2024-10-05,cancelled,103,799
SUB04003,ACC04003,PLN_STARTER,2024-09-06,2025-07-24,cancelled,4,49
SUB04004,ACC04004,PLN_STARTER,2024-09-06,2025-05-17,cancelled,3,49
SUB04005,ACC04005,PLN_ENTERPRISE,2024-09-06,2025-01-18,cancelled,385,2499
SUB04006,ACC04006,PLN_SCALE,2024-09-06,,active,107,799
SUB04007,ACC04007,PLN_GROWTH,2024-09-06,,active,16,199
SUB04008,ACC04008,PLN_SCALE,2024-09-06,2024-11-27,cancelled,100,799
SUB04009,ACC04009,PLN_STARTER,2024-09-06,2024-11-06,cancelled,4,49
SUB04010,ACC04010,PLN_SCALE,2024-09-07,,active,110,799
SUB04011,ACC04011,PLN_STARTER,2024-09-07,2024-11-15,cancelled,3,49
SUB04012,ACC04012,PLN_STARTER,2024-09-07,2025-05-10,cancelled,5,49
SUB04013,ACC04013,PLN_STARTER,2024-09-08,,active,4,49
SUB04014,ACC04014,PLN_STARTER,2024-09-08,2025-11-02,cancelled,4,49
SUB04015,ACC04015,PLN_GROWTH,2024-09-08,2024-11-06,cancelled,16,199
SUB04016,ACC04016,PLN_ENTERPRISE,2024-09-08,,active,370,2499
SUB04017,ACC04017,PLN_STARTER,2024-09-08,2024-11-01,cancelled,4,49
SUB04018,ACC04018,PLN_GROWTH,2024-09-08,2025-03-17,cancelled,22,199
SUB04019,ACC04019,PLN_GROWTH,2024-09-08,2025-11-23,cancelled,20,199
SUB04020,ACC04020,PLN_STARTER,2024-09-08,,active,4,49
SUB04021,ACC04021,PLN_SCALE,2024-09-08,2024-10-24,cancelled,115,799
SUB04022,ACC04022,PLN_GROWTH,2024-09-08,2024-11-23,cancelled,13,199
SUB04023,ACC04023,PLN_GROWTH,2024-09-09,2025-01-13,cancelled,20,199
SUB04024,ACC04024,PLN_SCALE,2024-09-09,2025-01-28,cancelled,71,799
SUB04025,ACC04025,PLN_STARTER,2024-09-09,2025-01-14,cancelled,4,49
SUB04026,ACC04026,PLN_ENTERPRISE,2024-09-09,,active,562,2499
SUB04027,ACC04027,PLN_GROWTH,2024-09-09,2025-06-13,cancelled,12,199
SUB04028,ACC04028,PLN_GROWTH,2024-09-09,2025-11-07,cancelled,22,199
SUB04029,ACC04029,PLN_STARTER,2024-09-09,,active,4,49
SUB04030,ACC04030,PLN_SCALE,2024-09-09,2025-03-22,cancelled,71,799
SUB04031,ACC04031,PLN_SCALE,2024-09-09,2025-06-25,cancelled,91,799
SUB04032,ACC04032,PLN_SCALE,2024-09-09,,active,108,799
SUB04033,ACC04033,PLN_STARTER,2024-09-10,2025-03-02,cancelled,4,49
SUB04034,ACC04034,PLN_SCALE,2024-09-10,2024-10-17,cancelled,74,799
SUB04035,ACC04035,PLN_STARTER,2024-09-10,2025-10-19,cancelled,5,49
SUB04036,ACC04036,PLN_STARTER,2024-09-10,2024-10-03,cancelled,5,49
SUB04037,ACC04037,PLN_STARTER,2024-09-10,,active,4,49
SUB04038,ACC04038,PLN_GROWTH,2024-09-10,2025-11-22,cancelled,16,199
SUB04039,ACC04039,PLN_STARTER,2024-09-11,,active,3,49
SUB04040,ACC04040,PLN_STARTER,2024-09-11,2024-11-26,cancelled,5,49
SUB04041,ACC04041,PLN_STARTER,2024-09-11,,active,3,49
SUB04042,ACC04042,PLN_SCALE,2024-09-11,,active,95,799
SUB04043,ACC04043,PLN_STARTER,2024-09-11,2024-12-23,cancelled,5,49
SUB04044,ACC04044,PLN_STARTER,2024-09-11,2025-08-07,cancelled,5,49
SUB04045,ACC04045,PLN_GROWTH,2024-09-11,2025-09-08,cancelled,17,199
SUB04046,ACC04046,PLN_GROWTH,2024-09-11,2025-01-16,cancelled,19,199
SUB04047,ACC04047,PLN_STARTER,2024-09-11,2024-12-04,cancelled,4,49
SUB04048,ACC04048,PLN_GROWTH,2024-09-12,2025-02-09,cancelled,20,199
SUB04049,ACC04049,PLN_SCALE,2024-09-12,,active,104,799
SUB04050,ACC04050,PLN_SCALE,2024-09-12,2025-08-03,cancelled,61,799
SUB04051,ACC04051,PLN_STARTER,2024-09-12,2025-11-27,cancelled,4,49
SUB04052,ACC04052,PLN_STARTER,2024-09-12,2025-08-22,cancelled,6,49
SUB04053,ACC04053,PLN_STARTER,2024-09-13,2025-03-22,cancelled,5,49
SUB04054,ACC04054,PLN_GROWTH,2024-09-13,2025-09-01,cancelled,21,199
SUB04055,ACC04055,PLN_GROWTH,2024-09-13,2024-12-25,cancelled,20,199
SUB04056,ACC04056,PLN_SCALE,2024-09-13,2025-04-17,cancelled,80,799
SUB04057,ACC04057,PLN_SCALE,2024-09-14,2025-03-07,cancelled,89,799
SUB04058,ACC04058,PLN_SCALE,2024-09-14,2025-11-20,cancelled,62,799
SUB04059,ACC04059,PLN_STARTER,2024-09-14,2025-05-09,cancelled,5,49
SUB04060,ACC04060,PLN_SCALE,2024-09-14,2025-02-16,cancelled,73,799
SUB04061,ACC04061,PLN_STARTER,2024-09-14,,active,3,49
SUB04062,ACC04062,PLN_SCALE,2024-09-14,,active,74,799
SUB04063,ACC04063,PLN_ENTERPRISE,2024-09-15,,active,402,2499
SUB04064,ACC04064,PLN_STARTER,2024-09-15,2025-07-19,cancelled,3,49
SUB04065,ACC04065,PLN_GROWTH,2024-09-15,,active,18,199
SUB04066,ACC04066,PLN_STARTER,2024-09-15,2025-04-27,cancelled,6,49
SUB04067,ACC04067,PLN_STARTER,2024-09-15,2025-03-14,cancelled,5,49
SUB04068,ACC04068,PLN_GROWTH,2024-09-15,2024-12-14,cancelled,20,199
SUB04069,ACC04069,PLN_STARTER,2024-09-15,,active,5,49
SUB04070,ACC04070,PLN_STARTER,2024-09-16,2025-08-20,cancelled,6,49
SUB04071,ACC04071,PLN_STARTER,2024-09-16,2025-09-10,cancelled,6,49
SUB04072,ACC04072,PLN_STARTER,2024-09-16,2025-02-13,cancelled,5,49
SUB04073,ACC04073,PLN_SCALE,2024-09-16,2025-09-26,cancelled,113,799
SUB04074,ACC04074,PLN_ENTERPRISE,2024-09-16,2024-11-02,cancelled,313,2499
SUB04075,ACC04075,PLN_GROWTH,2024-09-16,2025-10-21,cancelled,18,199
SUB04076,ACC04076,PLN_GROWTH,2024-09-17,,active,19,199
SUB04077,ACC04077,PLN_ENTERPRISE,2024-09-17,2025-02-11,cancelled,364,2499
SUB04078,ACC04078,PLN_STARTER,2024-09-18,2025-04-17,cancelled,3,49
SUB04079,ACC04079,PLN_SCALE,2024-09-18,2024-10-04,cancelled,101,799
SUB04080,ACC04080,PLN_STARTER,2024-09-18,2024-12-27,cancelled,4,49
SUB04081,ACC04081,PLN_GROWTH,2024-09-18,2024-11-05,cancelled,22,199
SUB04082,ACC04082,PLN_STARTER,2024-09-18,2025-07-16,cancelled,5,49
SUB04083,ACC04083,PLN_ENTERPRISE,2024-09-18,2025-04-27,cancelled,309,2499
SUB04084,ACC04084,PLN_STARTER,2024-09-18,2025-07-22,cancelled,5,49
SUB04085,ACC04085,PLN_STARTER,2024-09-18,2024-11-02,cancelled,3,49
SUB04086,ACC04086,PLN_GROWTH,2024-09-18,2025-03-20,cancelled,15,199
SUB04087,ACC04087,PLN_GROWTH,2024-09-19,2024-11-18,cancelled,12,199
SUB04088,ACC04088,PLN_STARTER,2024-09-19,2025-06-18,cancelled,3,49
SUB04089,ACC04089,PLN_GROWTH,2024-09-19,2025-04-21,cancelled,20,199
SUB04090,ACC04090,PLN_GROWTH,2024-09-19,2025-01-12,cancelled,12,199
SUB04091,ACC04091,PLN_STARTER,2024-09-19,2025-04-23,cancelled,4,49
SUB04092,ACC04092,PLN_SCALE,2024-09-19,2025-05-01,cancelled,88,799
SUB04093,ACC04093,PLN_STARTER,2024-09-19,2024-11-12,cancelled,5,49
SUB04094,ACC04094,PLN_GROWTH,2024-09-19,2024-10-01,cancelled,23,199
SUB04095,ACC04095,PLN_STARTER,2024-09-19,,active,5,49
SUB04096,ACC04096,PLN_SCALE,2024-09-20,2025-01-23,cancelled,106,799
SUB04097,ACC04097,PLN_STARTER,2024-09-20,2025-02-20,cancelled,5,49
SUB04098,ACC04098,PLN_STARTER,2024-09-20,2025-01-20,cancelled,6,49
SUB04099,ACC04099,PLN_STARTER,2024-09-20,2024-10-15,cancelled,4,49
SUB04100,ACC04100,PLN_GROWTH,2024-09-20,2024-11-05,cancelled,21,199
SUB04101,ACC04101,PLN_STARTER,2024-09-20,2025-01-07,cancelled,6,49
SUB04102,ACC04102,PLN_STARTER,2024-09-21,2025-10-21,cancelled,4,49
SUB04103,ACC04103,PLN_STARTER,2024-09-21,2025-08-24,cancelled,5,49
SUB04104,ACC04104,PLN_GROWTH,2024-09-21,,active,17,199
SUB04105,ACC04105,PLN_ENTERPRISE,2024-09-21,2025-07-16,cancelled,371,2499
SUB04106,ACC04106,PLN_STARTER,2024-09-21,2025-06-09,cancelled,4,49
SUB04107,ACC04107,PLN_SCALE,2024-09-21,2025-09-10,cancelled,85,799
SUB04108,ACC04108,PLN_ENTERPRISE,2024-09-21,2025-02-27,cancelled,313,2499
SUB04109,ACC04109,PLN_GROWTH,2024-09-21,,active,22,199
SUB04110,ACC04110,PLN_STARTER,2024-09-21,2024-10-13,cancelled,5,49
SUB04111,ACC04111,PLN_SCALE,2024-09-21,2025-09-25,cancelled,76,799
SUB04112,ACC04112,PLN_SCALE,2024-09-22,,active,68,799
SUB04113,ACC04113,PLN_ENTERPRISE,2024-09-22,,active,400,2499
SUB04114,ACC04114,PLN_SCALE,2024-09-22,,active,89,799
SUB04115,ACC04115,PLN_STARTER,2024-09-22,2025-02-17,cancelled,4,49
SUB04116,ACC04116,PLN_STARTER,2024-09-22,,active,4,49
SUB04117,ACC04117,PLN_GROWTH,2024-09-22,2025-09-22,cancelled,12,199
SUB04118,ACC04118,PLN_GROWTH,2024-09-22,2024-10-15,cancelled,19,199
SUB04119,ACC04119,PLN_STARTER,2024-09-22,,active,6,49
SUB04120,ACC04120,PLN_GROWTH,2024-09-23,2024-12-23,cancelled,14,199
SUB04121,ACC04121,PLN_STARTER,2024-09-23,,active,4,49
SUB04122,ACC04122,PLN_SCALE,2024-09-23,2025-12-24,cancelled,108,799
SUB04123,ACC04123,PLN_STARTER,2024-09-23,2024-11-13,cancelled,5,49
SUB04124,ACC04124,PLN_GROWTH,2024-09-24,2025-04-03,cancelled,19,199
SUB04125,ACC04125,PLN_STARTER,2024-09-24,,active,3,49
SUB04126,ACC04126,PLN_SCALE,2024-09-24,2025-02-04,cancelled,88,799
SUB04127,ACC04127,PLN_GROWTH,2024-09-24,2024-11-21,cancelled,15,199
SUB04128,ACC04128,PLN_STARTER,2024-09-24,2025-03-03,cancelled,5,49
SUB04129,ACC04129,PLN_ENTERPRISE,2024-09-25,,active,444,2499
SUB04130,ACC04130,PLN_GROWTH,2024-09-25,,active,23,199
SUB04131,ACC04131,PLN_STARTER,2024-09-25,2025-10-17,cancelled,4,49
SUB04132,ACC04132,PLN_STARTER,2024-09-25,,active,3,49
SUB04133,ACC04133,PLN_STARTER,2024-09-25,2025-05-14,cancelled,3,49
SUB04134,ACC04134,PLN_STARTER,2024-09-25,2025-09-19,cancelled,5,49
SUB04135,ACC04135,PLN_GROWTH,2024-09-25,2024-12-12,cancelled,21,199
SUB04136,ACC04136,PLN_SCALE,2024-09-25,,active,91,799
SUB04137,ACC04137,PLN_ENTERPRISE,2024-09-25,2025-11-12,cancelled,391,2499
SUB04138,ACC04138,PLN_STARTER,2024-09-25,,active,4,49
SUB04139,ACC04139,PLN_STARTER,2024-09-26,2024-11-21,cancelled,3,49
SUB04140,ACC04140,PLN_GROWTH,2024-09-26,,active,18,199
SUB04141,ACC04141,PLN_GROWTH,2024-09-26,2024-10-21,cancelled,12,199
SUB04142,ACC04142,PLN_STARTER,2024-09-26,2025-01-12,cancelled,5,49
SUB04143,ACC04143,PLN_SCALE,2024-09-26,2024-12-06,cancelled,112,799
SUB04144,ACC04144,PLN_SCALE,2024-09-26,,active,65,799
SUB04145,ACC04145,PLN_GROWTH,2024-09-26,2025-01-12,cancelled,13,199
SUB04146,ACC04146,PLN_STARTER,2024-09-26,2025-03-08,cancelled,4,49
SUB04147,ACC04147,PLN_SCALE,2024-09-27,,active,101,799
SUB04148,ACC04148,PLN_STARTER,2024-09-27,2025-01-13,cancelled,3,49
SUB04149,ACC04149,PLN_STARTER,2024-09-27,2025-08-20,cancelled,3,49
SUB04150,ACC04150,PLN_GROWTH,2024-09-27,2024-12-11,cancelled,19,199
SUB04151,ACC04151,PLN_STARTER,2024-09-28,2024-12-06,cancelled,3,49
SUB04152,ACC04152,PLN_GROWTH,2024-09-28,2025-10-28,cancelled,21,199
SUB04153,ACC04153,PLN_SCALE,2024-09-28,2025-07-19,cancelled,69,799
SUB04154,ACC04154,PLN_GROWTH,2024-09-28,2025-01-08,cancelled,15,199
SUB04155,ACC04155,PLN_GROWTH,2024-09-28,,active,20,199
SUB04156,ACC04156,PLN_SCALE,2024-09-28,2025-08-15,cancelled,88,799
SUB04157,ACC04157,PLN_STARTER,2024-09-28,2025-12-03,cancelled,3,49
SUB04158,ACC04158,PLN_STARTER,2024-09-28,,active,5,49
SUB04159,ACC04159,PLN_STARTER,2024-09-28,,active,4,49
SUB04160,ACC04160,PLN_GROWTH,2024-09-28,2025-03-28,cancelled,18,199
SUB04161,ACC04161,PLN_GROWTH,2024-09-28,2025-03-25,cancelled,23,199
SUB04162,ACC04162,PLN_STARTER,2024-09-28,2025-05-06,cancelled,5,49
SUB04163,ACC04163,PLN_STARTER,2024-09-28,2024-11-05,cancelled,5,49
SUB04164,ACC04164,PLN_STARTER,2024-09-29,2025-11-11,cancelled,3,49
SUB04165,ACC04165,PLN_STARTER,2024-09-29,2024-11-20,cancelled,4,49
SUB04166,ACC04166,PLN_STARTER,2024-09-29,2025-03-14,cancelled,6,49
SUB04167,ACC04167,PLN_SCALE,2024-09-29,2024-11-18,cancelled,66,799
SUB04168,ACC04168,PLN_ENTERPRISE,2024-09-29,2025-01-01,cancelled,384,2499
SUB04169,ACC04169,PLN_GROWTH,2024-09-29,2025-09-25,cancelled,13,199
SUB04170,ACC04170,PLN_GROWTH,2024-09-29,2025-06-11,cancelled,16,199
SUB04171,ACC04171,PLN_GROWTH,2024-09-30,2025-10-10,cancelled,21,199
SUB04172,ACC04172,PLN_STARTER,2024-09-30,2025-05-17,cancelled,4,49
SUB04173,ACC04173,PLN_SCALE,2024-09-30,2025-05-25,cancelled,71,799
SUB04174,ACC04174,PLN_STARTER,2024-09-30,2025-06-18,cancelled,4,49
SUB04175,ACC04175,PLN_STARTER,2024-10-01,2025-12-15,cancelled,4,49
SUB04176,ACC04176,PLN_SCALE,2024-10-01,2025-02-25,cancelled,97,799
SUB04177,ACC04177,PLN_STARTER,2024-10-01,2025-02-16,cancelled,3,49
SUB04178,ACC04178,PLN_GROWTH,2024-10-01,2025-01-02,cancelled,13,199
SUB04179,ACC04179,PLN_STARTER,2024-10-01,2025-07-09,cancelled,4,49
SUB04180,ACC04180,PLN_GROWTH,2024-10-01,2024-12-08,cancelled,12,199
SUB04181,ACC04181,PLN_STARTER,2024-10-01,2025-02-12,cancelled,5,49
SUB04182,ACC04182,PLN_STARTER,2024-10-01,2025-02-03,cancelled,6,49
SUB04183,ACC04183,PLN_STARTER,2024-10-01,2024-12-17,cancelled,5,49
SUB04184,ACC04184,PLN_STARTER,2024-10-02,2025-06-11,cancelled,5,49
SUB04185,ACC04185,PLN_SCALE,2024-10-02,,active,92,799
SUB04186,ACC04186,PLN_STARTER,2024-10-02,2025-01-09,cancelled,6,49
SUB04187,ACC04187,PLN_STARTER,2024-10-02,2025-04-20,cancelled,5,49
SUB04188,ACC04188,PLN_STARTER,2024-10-02,,active,5,49
SUB04189,ACC04189,PLN_SCALE,2024-10-02,2025-12-22,cancelled,78,799
SUB04190,ACC04190,PLN_STARTER,2024-10-02,2025-04-24,cancelled,6,49
SUB04191,ACC04191,PLN_ENTERPRISE,2024-10-02,2025-02-14,cancelled,380,2499
SUB04192,ACC04192,PLN_SCALE,2024-10-02,2025-07-05,cancelled,91,799
SUB04193,ACC04193,PLN_GROWTH,2024-10-02,2024-12-11,cancelled,18,199
SUB04194,ACC04194,PLN_STARTER,2024-10-03,,active,4,49
SUB04195,ACC04195,PLN_STARTER,2024-10-03,2025-07-21,cancelled,4,49
SUB04196,ACC04196,PLN_ENTERPRISE,2024-10-03,,active,344,2499
SUB04197,ACC04197,PLN_STARTER,2024-10-03,2025-06-17,cancelled,5,49
SUB04198,ACC04198,PLN_STARTER,2024-10-03,,active,3,49
SUB04199,ACC04199,PLN_STARTER,2024-10-03,2025-01-04,cancelled,4,49
SUB04200,ACC04200,PLN_ENTERPRISE,2024-10-03,,active,383,2499
SUB04201,ACC04201,PLN_STARTER,2024-10-03,2025-08-28,cancelled,5,49
SUB04202,ACC04202,PLN_GROWTH,2024-10-04,2025-02-06,cancelled,16,199
SUB04203,ACC04203,PLN_SCALE,2024-10-04,2024-11-13,cancelled,108,799
SUB04204,ACC04204,PLN_GROWTH,2024-10-04,,active,19,199
SUB04205,ACC04205,PLN_ENTERPRISE,2024-10-04,2025-01-20,cancelled,557,2499
SUB04206,ACC04206,PLN_GROWTH,2024-10-05,2025-01-06,cancelled,15,199
SUB04207,ACC04207,PLN_GROWTH,2024-10-05,,active,17,199
SUB04208,ACC04208,PLN_STARTER,2024-10-05,2025-11-08,cancelled,6,49
SUB04209,ACC04209,PLN_GROWTH,2024-10-05,,active,20,199
SUB04210,ACC04210,PLN_GROWTH,2024-10-05,2025-07-05,cancelled,14,199
SUB04211,ACC04211,PLN_STARTER,2024-10-05,2025-12-08,cancelled,4,49
SUB04212,ACC04212,PLN_GROWTH,2024-10-06,,active,17,199
SUB04213,ACC04213,PLN_STARTER,2024-10-06,2025-01-18,cancelled,3,49
SUB04214,ACC04214,PLN_GROWTH,2024-10-06,2025-02-06,cancelled,14,199
SUB04215,ACC04215,PLN_ENTERPRISE,2024-10-06,2025-03-09,cancelled,539,2499
SUB04216,ACC04216,PLN_STARTER,2024-10-06,2024-12-06,cancelled,4,49
SUB04217,ACC04217,PLN_GROWTH,2024-10-06,,active,19,199
SUB04218,ACC04218,PLN_STARTER,2024-10-07,,active,6,49
SUB04219,ACC04219,PLN_GROWTH,2024-10-07,2025-07-24,cancelled,19,199
SUB04220,ACC04220,PLN_STARTER,2024-10-07,2025-01-28,cancelled,4,49
SUB04221,ACC04221,PLN_GROWTH,2024-10-08,2025-05-25,cancelled,17,199
SUB04222,ACC04222,PLN_SCALE,2024-10-08,2025-08-17,cancelled,92,799
SUB04223,ACC04223,PLN_SCALE,2024-10-08,2025-01-27,cancelled,109,799
SUB04224,ACC04224,PLN_STARTER,2024-10-08,2024-12-20,cancelled,5,49
SUB04225,ACC04225,PLN_STARTER,2024-10-08,2024-12-16,cancelled,3,49
SUB04226,ACC04226,PLN_ENTERPRISE,2024-10-08,2024-11-07,cancelled,528,2499
SUB04227,ACC04227,PLN_ENTERPRISE,2024-10-08,,active,422,2499
SUB04228,ACC04228,PLN_STARTER,2024-10-08,2025-09-22,cancelled,3,49
SUB04229,ACC04229,PLN_STARTER,2024-10-08,2025-06-08,cancelled,4,49
SUB04230,ACC04230,PLN_SCALE,2024-10-09,2025-02-22,cancelled,88,799
SUB04231,ACC04231,PLN_ENTERPRISE,2024-10-09,2025-09-15,cancelled,439,2499
SUB04232,ACC04232,PLN_STARTER,2024-10-09,,active,3,49
SUB04233,ACC04233,PLN_STARTER,2024-10-09,2024-12-01,cancelled,5,49
SUB04234,ACC04234,PLN_GROWTH,2024-10-09,2025-01-08,cancelled,12,199
SUB04235,ACC04235,PLN_GROWTH,2024-10-09,,active,14,199
SUB04236,ACC04236,PLN_GROWTH,2024-10-09,2025-05-19,cancelled,14,199
SUB04237,ACC04237,PLN_STARTER,2024-10-10,2024-11-17,cancelled,4,49
SUB04238,ACC04238,PLN_ENTERPRISE,2024-10-10,,active,378,2499
SUB04239,ACC04239,PLN_STARTER,2024-10-10,2025-06-05,cancelled,4,49
SUB04240,ACC04240,PLN_STARTER,2024-10-10,2025-02-25,cancelled,4,49
SUB04241,ACC04241,PLN_STARTER,2024-10-10,2025-06-11,cancelled,4,49
SUB04242,ACC04242,PLN_GROWTH,2024-10-10,2025-04-24,cancelled,13,199
SUB04243,ACC04243,PLN_GROWTH,2024-10-10,2025-08-27,cancelled,23,199
SUB04244,ACC04244,PLN_GROWTH,2024-10-10,2025-01-07,cancelled,18,199
SUB04245,ACC04245,PLN_GROWTH,2024-10-10,2025-09-05,cancelled,17,199
SUB04246,ACC04246,PLN_SCALE,2024-10-10,2025-07-09,cancelled,104,799
SUB04247,ACC04247,PLN_STARTER,2024-10-10,2025-05-07,cancelled,5,49
SUB04248,ACC04248,PLN_SCALE,2024-10-10,2025-09-21,cancelled,63,799
SUB04249,ACC04249,PLN_GROWTH,2024-10-11,2025-09-06,cancelled,16,199
SUB04250,ACC04250,PLN_SCALE,2024-10-11,2025-01-18,cancelled,93,799
SUB04251,ACC04251,PLN_GROWTH,2024-10-11,2025-02-23,cancelled,21,199
SUB04252,ACC04252,PLN_STARTER,2024-10-12,2025-03-10,cancelled,3,49
SUB04253,ACC04253,PLN_GROWTH,2024-10-12,2025-01-10,cancelled,19,199
SUB04254,ACC04254,PLN_ENTERPRISE,2024-10-12,,active,330,2499
SUB04255,ACC04255,PLN_ENTERPRISE,2024-10-12,,active,480,2499
SUB04256,ACC04256,PLN_GROWTH,2024-10-12,2025-04-15,cancelled,21,199
SUB04257,ACC04257,PLN_SCALE,2024-10-12,2024-12-09,cancelled,86,799
SUB04258,ACC04258,PLN_GROWTH,2024-10-13,2025-02-02,cancelled,18,199
SUB04259,ACC04259,PLN_ENTERPRISE,2024-10-13,2025-08-03,cancelled,304,2499
SUB04260,ACC04260,PLN_SCALE,2024-10-13,2024-12-01,cancelled,86,799
SUB04261,ACC04261,PLN_SCALE,2024-10-13,2025-04-09,cancelled,70,799
SUB04262,ACC04262,PLN_GROWTH,2024-10-14,2025-10-25,cancelled,18,199
SUB04263,ACC04263,PLN_STARTER,2024-10-14,2025-06-23,cancelled,5,49
SUB04264,ACC04264,PLN_ENTERPRISE,2024-10-14,2025-02-20,cancelled,412,2499
SUB04265,ACC04265,PLN_STARTER,2024-10-14,,active,4,49
SUB04266,ACC04266,PLN_STARTER,2024-10-14,2024-12-16,cancelled,6,49
SUB04267,ACC04267,PLN_STARTER,2024-10-14,2024-11-17,cancelled,4,49
SUB04268,ACC04268,PLN_STARTER,2024-10-14,,active,4,49
SUB04269,ACC04269,PLN_STARTER,2024-10-15,2025-01-22,cancelled,3,49
SUB04270,ACC04270,PLN_STARTER,2024-10-15,,active,4,49
SUB04271,ACC04271,PLN_STARTER,2024-10-15,2025-11-20,cancelled,6,49
SUB04272,ACC04272,PLN_ENTERPRISE,2024-10-15,2025-05-12,cancelled,564,2499
SUB04273,ACC04273,PLN_STARTER,2024-10-15,2025-05-22,cancelled,4,49
SUB04274,ACC04274,PLN_STARTER,2024-10-15,2025-05-10,cancelled,5,49
SUB04275,ACC04275,PLN_STARTER,2024-10-15,2025-03-28,cancelled,4,49
SUB04276,ACC04276,PLN_SCALE,2024-10-15,2024-11-01,cancelled,61,799
SUB04277,ACC04277,PLN_STARTER,2024-10-16,2025-01-14,cancelled,4,49
SUB04278,ACC04278,PLN_ENTERPRISE,2024-10-16,2025-04-24,cancelled,420,2499
SUB04279,ACC04279,PLN_SCALE,2024-10-16,,active,102,799
SUB04280,ACC04280,PLN_ENTERPRISE,2024-10-16,2025-11-05,cancelled,370,2499
SUB04281,ACC04281,PLN_SCALE,2024-10-16,2024-12-27,cancelled,78,799
SUB04282,ACC04282,PLN_SCALE,2024-10-16,2025-03-28,cancelled,90,799
SUB04283,ACC04283,PLN_GROWTH,2024-10-16,,active,18,199
SUB04284,ACC04284,PLN_STARTER,2024-10-16,2025-06-25,cancelled,4,49
SUB04285,ACC04285,PLN_SCALE,2024-10-17,,active,89,799
SUB04286,ACC04286,PLN_STARTER,2024-10-17,2025-01-01,cancelled,5,49
SUB04287,ACC04287,PLN_GROWTH,2024-10-17,2025-05-13,cancelled,21,199
SUB04288,ACC04288,PLN_STARTER,2024-10-17,2024-12-24,cancelled,5,49
SUB04289,ACC04289,PLN_SCALE,2024-10-17,2025-01-12,cancelled,65,799
SUB04290,ACC04290,PLN_GROWTH,2024-10-17,2024-12-04,cancelled,12,199
SUB04291,ACC04291,PLN_GROWTH,2024-10-17,,active,13,199
SUB04292,ACC04292,PLN_STARTER,2024-10-17,2025-05-11,cancelled,5,49
SUB04293,ACC04293,PLN_SCALE,2024-10-17,,active,96,799
SUB04294,ACC04294,PLN_SCALE,2024-10-17,2024-12-13,cancelled,75,799
SUB04295,ACC04295,PLN_SCALE,2024-10-17,2024-12-07,cancelled,79,799
SUB04296,ACC04296,PLN_GROWTH,2024-10-17,2025-02-27,cancelled,17,199
SUB04297,ACC04297,PLN_STARTER,2024-10-18,2025-01-20,cancelled,5,49
SUB04298,ACC04298,PLN_SCALE,2024-10-18,,active,95,799
SUB04299,ACC04299,PLN_SCALE,2024-10-18,2025-03-19,cancelled,101,799
SUB04300,ACC04300,PLN_SCALE,2024-10-18,2025-10-19,cancelled,102,799
SUB04301,ACC04301,PLN_GROWTH,2024-10-18,2025-03-10,cancelled,21,199
SUB04302,ACC04302,PLN_STARTER,2024-10-19,2025-03-22,cancelled,4,49
SUB04303,ACC04303,PLN_GROWTH,2024-10-19,2024-12-08,cancelled,12,199
SUB04304,ACC04304,PLN_STARTER,2024-10-19,2025-11-17,cancelled,5,49
SUB04305,ACC04305,PLN_GROWTH,2024-10-19,,active,12,199
SUB04306,ACC04306,PLN_GROWTH,2024-10-19,2025-11-09,cancelled,21,199
SUB04307,ACC04307,PLN_GROWTH,2024-10-20,,active,19,199
SUB04308,ACC04308,PLN_STARTER,2024-10-20,2024-12-24,cancelled,5,49
SUB04309,ACC04309,PLN_STARTER,2024-10-20,2025-02-21,cancelled,3,49
SUB04310,ACC04310,PLN_STARTER,2024-10-20,2025-01-07,cancelled,5,49
SUB04311,ACC04311,PLN_GROWTH,2024-10-21,2025-04-13,cancelled,19,199
SUB04312,ACC04312,PLN_STARTER,2024-10-21,2025-08-18,cancelled,6,49
SUB04313,ACC04313,PLN_GROWTH,2024-10-21,2024-11-19,cancelled,18,199
SUB04314,ACC04314,PLN_STARTER,2024-10-21,2025-03-12,cancelled,5,49
SUB04315,ACC04315,PLN_GROWTH,2024-10-21,2025-05-09,cancelled,14,199
SUB04316,ACC04316,PLN_ENTERPRISE,2024-10-21,2025-09-13,cancelled,507,2499
SUB04317,ACC04317,PLN_GROWTH,2024-10-21,,active,12,199
SUB04318,ACC04318,PLN_STARTER,2024-10-21,2025-04-10,cancelled,3,49
SUB04319,ACC04319,PLN_GROWTH,2024-10-22,2025-01-14,cancelled,22,199
SUB04320,ACC04320,PLN_STARTER,2024-10-22,2025-08-14,cancelled,5,49
SUB04321,ACC04321,PLN_SCALE,2024-10-22,2025-12-26,cancelled,91,799
SUB04322,ACC04322,PLN_STARTER,2024-10-22,2025-05-19,cancelled,5,49
SUB04323,ACC04323,PLN_ENTERPRISE,2024-10-22,,active,511,2499
SUB04324,ACC04324,PLN_STARTER,2024-10-23,2025-01-14,cancelled,4,49
SUB04325,ACC04325,PLN_ENTERPRISE,2024-10-23,,active,514,2499
SUB04326,ACC04326,PLN_STARTER,2024-10-23,2025-08-15,cancelled,5,49
SUB04327,ACC04327,PLN_GROWTH,2024-10-24,2025-01-21,cancelled,15,199
SUB04328,ACC04328,PLN_SCALE,2024-10-24,2024-12-18,cancelled,115,799
SUB04329,ACC04329,PLN_SCALE,2024-10-24,2024-12-05,cancelled,97,799
SUB04330,ACC04330,PLN_STARTER,2024-10-24,2024-11-19,cancelled,5,49
SUB04331,ACC04331,PLN_ENTERPRISE,2024-10-24,2025-04-03,cancelled,526,2499
SUB04332,ACC04332,PLN_SCALE,2024-10-24,,active,108,799
SUB04333,ACC04333,PLN_SCALE,2024-10-24,2024-11-12,cancelled,94,799
SUB04334,ACC04334,PLN_SCALE,2024-10-24,2025-04-19,cancelled,95,799
SUB04335,ACC04335,PLN_ENTERPRISE,2024-10-24,2025-01-01,cancelled,383,2499
SUB04336,ACC04336,PLN_ENTERPRISE,2024-10-24,,active,432,2499
SUB04337,ACC04337,PLN_STARTER,2024-10-24,2025-01-16,cancelled,6,49
SUB04338,ACC04338,PLN_STARTER,2024-10-25,2025-07-12,cancelled,5,49
SUB04339,ACC04339,PLN_STARTER,2024-10-25,2025-03-01,cancelled,5,49
SUB04340,ACC04340,PLN_SCALE,2024-10-25,2025-05-12,cancelled,106,799
SUB04341,ACC04341,PLN_ENTERPRISE,2024-10-25,2025-03-11,cancelled,565,2499
SUB04342,ACC04342,PLN_ENTERPRISE,2024-10-25,,active,500,2499
SUB04343,ACC04343,PLN_STARTER,2024-10-25,2024-12-23,cancelled,3,49
SUB04344,ACC04344,PLN_GROWTH,2024-10-25,2025-01-14,cancelled,15,199
SUB04345,ACC04345,PLN_ENTERPRISE,2024-10-26,2025-10-28,cancelled,354,2499
SUB04346,ACC04346,PLN_SCALE,2024-10-26,,active,98,799
SUB04347,ACC04347,PLN_GROWTH,2024-10-26,,active,18,199
SUB04348,ACC04348,PLN_STARTER,2024-10-26,2025-07-01,cancelled,3,49
SUB04349,ACC04349,PLN_STARTER,2024-10-26,2024-12-18,cancelled,5,49
SUB04350,ACC04350,PLN_STARTER,2024-10-26,,active,3,49
SUB04351,ACC04351,PLN_STARTER,2024-10-26,2025-08-05,cancelled,4,49
SUB04352,ACC04352,PLN_GROWTH,2024-10-27,2025-04-12,cancelled,19,199
SUB04353,ACC04353,PLN_GROWTH,2024-10-27,,active,14,199
SUB04354,ACC04354,PLN_ENTERPRISE,2024-10-27,,active,440,2499
SUB04355,ACC04355,PLN_SCALE,2024-10-27,,active,72,799
SUB04356,ACC04356,PLN_SCALE,2024-10-27,,active,112,799
SUB04357,ACC04357,PLN_ENTERPRISE,2024-10-27,,active,375,2499
SUB04358,ACC04358,PLN_STARTER,2024-10-27,2025-07-22,cancelled,5,49
SUB04359,ACC04359,PLN_SCALE,2024-10-28,2024-11-07,cancelled,111,799
SUB04360,ACC04360,PLN_STARTER,2024-10-28,2025-03-19,cancelled,4,49
SUB04361,ACC04361,PLN_ENTERPRISE,2024-10-28,,active,575,2499
SUB04362,ACC04362,PLN_GROWTH,2024-10-29,2024-12-15,cancelled,19,199
SUB04363,ACC04363,PLN_STARTER,2024-10-29,2025-05-12,cancelled,6,49
SUB04364,ACC04364,PLN_GROWTH,2024-10-29,,active,21,199
SUB04365,ACC04365,PLN_GROWTH,2024-10-29,2025-10-13,cancelled,15,199
SUB04366,ACC04366,PLN_SCALE,2024-10-29,2025-03-04,cancelled,68,799
SUB04367,ACC04367,PLN_SCALE,2024-10-29,,active,76,799
SUB04368,ACC04368,PLN_GROWTH,2024-10-29,2025-10-02,cancelled,20,199
SUB04369,ACC04369,PLN_GROWTH,2024-10-29,2025-01-15,cancelled,16,199
SUB04370,ACC04370,PLN_STARTER,2024-10-30,2025-01-16,cancelled,3,49
SUB04371,ACC04371,PLN_STARTER,2024-10-30,2025-07-02,cancelled,5,49
SUB04372,ACC04372,PLN_ENTERPRISE,2024-10-30,,active,365,2499
SUB04373,ACC04373,PLN_SCALE,2024-10-30,2025-10-04,cancelled,77,799
SUB04374,ACC04374,PLN_STARTER,2024-10-30,2025-05-18,cancelled,6,49
SUB04375,ACC04375,PLN_STARTER,2024-10-30,2025-10-22,cancelled,4,49
SUB04376,ACC04376,PLN_SCALE,2024-10-30,2025-02-14,cancelled,81,799
SUB04377,ACC04377,PLN_GROWTH,2024-10-31,2025-06-06,cancelled,18,199
SUB04378,ACC04378,PLN_ENTERPRISE,2024-10-31,,active,396,2499
SUB04379,ACC04379,PLN_GROWTH,2024-10-31,2025-01-21,cancelled,17,199
SUB04380,ACC04380,PLN_SCALE,2024-10-31,,active,71,799
SUB04381,ACC04381,PLN_GROWTH,2024-10-31,2025-07-05,cancelled,18,199
SUB04382,ACC04382,PLN_GROWTH,2024-10-31,2025-04-16,cancelled,13,199
SUB04383,ACC04383,PLN_GROWTH,2024-10-31,2024-11-27,cancelled,23,199
SUB04384,ACC04384,PLN_GROWTH,2024-11-01,2025-09-28,cancelled,22,199
SUB04385,ACC04385,PLN_GROWTH,2024-11-01,2025-03-12,cancelled,22,199
SUB04386,ACC04386,PLN_SCALE,2024-11-01,2025-04-26,cancelled,76,799
SUB04387,ACC04387,PLN_SCALE,2024-11-01,2024-12-02,cancelled,101,799
SUB04388,ACC04388,PLN_SCALE,2024-11-01,2025-11-14,cancelled,89,799
SUB04389,ACC04389,PLN_GROWTH,2024-11-01,2025-04-04,cancelled,17,199
SUB04390,ACC04390,PLN_SCALE,2024-11-01,2025-11-09,cancelled,91,799
SUB04391,ACC04391,PLN_GROWTH,2024-11-02,2025-03-05,cancelled,14,199
SUB04392,ACC04392,PLN_ENTERPRISE,2024-11-02,,active,529,2499
SUB04393,ACC04393,PLN_SCALE,2024-11-02,,active,103,799
SUB04394,ACC04394,PLN_SCALE,2024-11-02,,active,109,799
SUB04395,ACC04395,PLN_ENTERPRISE,2024-11-03,2025-02-09,cancelled,361,2499
SUB04396,ACC04396,PLN_ENTERPRISE,2024-11-03,,active,309,2499
SUB04397,ACC04397,PLN_STARTER,2024-11-03,2025-02-12,cancelled,5,49
SUB04398,ACC04398,PLN_STARTER,2024-11-03,2025-09-19,cancelled,5,49
SUB04399,ACC04399,PLN_STARTER,2024-11-03,2025-01-09,cancelled,5,49
SUB04400,ACC04400,PLN_STARTER,2024-11-03,,active,4,49
SUB04401,ACC04401,PLN_STARTER,2024-11-03,2025-12-05,cancelled,3,49
SUB04402,ACC04402,PLN_STARTER,2024-11-03,2025-03-20,cancelled,4,49
SUB04403,ACC04403,PLN_GROWTH,2024-11-03,,active,19,199
SUB04404,ACC04404,PLN_GROWTH,2024-11-04,2025-11-08,cancelled,14,199
SUB04405,ACC04405,PLN_GROWTH,2024-11-04,2025-01-17,cancelled,12,199
SUB04406,ACC04406,PLN_STARTER,2024-11-04,2025-06-14,cancelled,3,49
SUB04407,ACC04407,PLN_SCALE,2024-11-04,2025-04-08,cancelled,72,799
SUB04408,ACC04408,PLN_SCALE,2024-11-04,2025-03-02,cancelled,90,799
SUB04409,ACC04409,PLN_GROWTH,2024-11-05,,active,19,199
SUB04410,ACC04410,PLN_GROWTH,2024-11-05,2025-12-09,cancelled,22,199
SUB04411,ACC04411,PLN_STARTER,2024-11-05,2025-04-03,cancelled,5,49
SUB04412,ACC04412,PLN_GROWTH,2024-11-05,2025-05-03,cancelled,15,199
SUB04413,ACC04413,PLN_GROWTH,2024-11-05,2025-10-01,cancelled,17,199
SUB04414,ACC04414,PLN_SCALE,2024-11-05,2025-03-15,cancelled,113,799
SUB04415,ACC04415,PLN_STARTER,2024-11-05,2025-07-13,cancelled,5,49
SUB04416,ACC04416,PLN_SCALE,2024-11-05,2025-01-13,cancelled,114,799
SUB04417,ACC04417,PLN_ENTERPRISE,2024-11-06,2025-11-18,cancelled,398,2499
SUB04418,ACC04418,PLN_SCALE,2024-11-06,2025-04-08,cancelled,90,799
SUB04419,ACC04419,PLN_SCALE,2024-11-06,2025-01-15,cancelled,97,799
SUB04420,ACC04420,PLN_GROWTH,2024-11-06,,active,16,199
SUB04421,ACC04421,PLN_STARTER,2024-11-06,2024-12-27,cancelled,3,49
SUB04422,ACC04422,PLN_SCALE,2024-11-06,2025-03-03,cancelled,110,799
SUB04423,ACC04423,PLN_STARTER,2024-11-06,2025-09-26,cancelled,6,49
SUB04424,ACC04424,PLN_SCALE,2024-11-07,,active,78,799
SUB04425,ACC04425,PLN_STARTER,2024-11-07,2025-04-04,cancelled,4,49
SUB04426,ACC04426,PLN_GROWTH,2024-11-07,2025-07-18,cancelled,16,199
SUB04427,ACC04427,PLN_GROWTH,2024-11-07,2025-11-21,cancelled,13,199
SUB04428,ACC04428,PLN_ENTERPRISE,2024-11-07,,active,312,2499
SUB04429,ACC04429,PLN_GROWTH,2024-11-07,2025-08-26,cancelled,18,199
SUB04430,ACC04430,PLN_SCALE,2024-11-07,,active,87,799
SUB04431,ACC04431,PLN_GROWTH,2024-11-07,2025-10-13,cancelled,18,199
SUB04432,ACC04432,PLN_SCALE,2024-11-08,2025-01-03,cancelled,105,799
SUB04433,ACC04433,PLN_STARTER,2024-11-08,,active,4,49
SUB04434,ACC04434,PLN_STARTER,2024-11-08,2025-06-23,cancelled,6,49
SUB04435,ACC04435,PLN_GROWTH,2024-11-08,2025-05-19,cancelled,21,199
SUB04436,ACC04436,PLN_SCALE,2024-11-09,,active,89,799
SUB04437,ACC04437,PLN_GROWTH,2024-11-09,2025-08-11,cancelled,14,199
SUB04438,ACC04438,PLN_GROWTH,2024-11-09,2025-11-14,cancelled,16,199
SUB04439,ACC04439,PLN_STARTER,2024-11-09,2025-07-01,cancelled,3,49
SUB04440,ACC04440,PLN_STARTER,2024-11-09,2025-04-11,cancelled,4,49
SUB04441,ACC04441,PLN_GROWTH,2024-11-09,2025-01-08,cancelled,17,199
SUB04442,ACC04442,PLN_STARTER,2024-11-09,2025-02-17,cancelled,3,49
SUB04443,ACC04443,PLN_SCALE,2024-11-09,,active,79,799
SUB04444,ACC04444,PLN_SCALE,2024-11-09,,active,91,799
SUB04445,ACC04445,PLN_STARTER,2024-11-10,2025-05-28,cancelled,4,49
SUB04446,ACC04446,PLN_STARTER,2024-11-11,,active,5,49
SUB04447,ACC04447,PLN_STARTER,2024-11-11,2025-02-02,cancelled,3,49
SUB04448,ACC04448,PLN_ENTERPRISE,2024-11-11,2025-05-26,cancelled,560,2499
SUB04449,ACC04449,PLN_STARTER,2024-11-11,,active,6,49
SUB04450,ACC04450,PLN_GROWTH,2024-11-11,2024-12-13,cancelled,21,199
SUB04451,ACC04451,PLN_STARTER,2024-11-11,2025-12-21,cancelled,5,49
SUB04452,ACC04452,PLN_GROWTH,2024-11-11,2025-07-08,cancelled,21,199
SUB04453,ACC04453,PLN_GROWTH,2024-11-12,2025-08-17,cancelled,18,199
SUB04454,ACC04454,PLN_ENTERPRISE,2024-11-12,2025-05-20,cancelled,440,2499
SUB04455,ACC04455,PLN_STARTER,2024-11-12,2024-12-28,cancelled,5,49
SUB04456,ACC04456,PLN_SCALE,2024-11-12,,active,87,799
SUB04457,ACC04457,PLN_GROWTH,2024-11-12,2025-03-15,cancelled,21,199
SUB04458,ACC04458,PLN_GROWTH,2024-11-12,2024-12-16,cancelled,17,199
SUB04459,ACC04459,PLN_STARTER,2024-11-13,2025-01-12,cancelled,4,49
SUB04460,ACC04460,PLN_GROWTH,2024-11-13,2025-02-12,cancelled,19,199
SUB04461,ACC04461,PLN_GROWTH,2024-11-13,2025-07-01,cancelled,13,199
SUB04462,ACC04462,PLN_GROWTH,2024-11-13,2025-05-05,cancelled,16,199
SUB04463,ACC04463,PLN_GROWTH,2024-11-13,2025-01-28,cancelled,12,199
SUB04464,ACC04464,PLN_STARTER,2024-11-14,2025-07-26,cancelled,5,49
SUB04465,ACC04465,PLN_GROWTH,2024-11-14,,active,18,199
SUB04466,ACC04466,PLN_ENTERPRISE,2024-11-14,2025-05-03,cancelled,317,2499
SUB04467,ACC04467,PLN_GROWTH,2024-11-14,,active,18,199
SUB04468,ACC04468,PLN_ENTERPRISE,2024-11-14,,active,456,2499
SUB04469,ACC04469,PLN_GROWTH,2024-11-14,2025-02-03,cancelled,15,199
SUB04470,ACC04470,PLN_GROWTH,2024-11-14,2025-10-28,cancelled,13,199
SUB04471,ACC04471,PLN_ENTERPRISE,2024-11-14,2025-09-16,cancelled,428,2499
SUB04472,ACC04472,PLN_STARTER,2024-11-14,2025-11-01,cancelled,6,49
SUB04473,ACC04473,PLN_GROWTH,2024-11-15,2025-11-21,cancelled,17,199
SUB04474,ACC04474,PLN_ENTERPRISE,2024-11-15,,active,460,2499
SUB04475,ACC04475,PLN_GROWTH,2024-11-15,2025-05-04,cancelled,14,199
SUB04476,ACC04476,PLN_STARTER,2024-11-15,2025-06-26,cancelled,6,49
SUB04477,ACC04477,PLN_GROWTH,2024-11-15,2025-02-24,cancelled,18,199
SUB04478,ACC04478,PLN_SCALE,2024-11-15,2025-02-15,cancelled,107,799
SUB04479,ACC04479,PLN_SCALE,2024-11-15,2025-08-05,cancelled,112,799
SUB04480,ACC04480,PLN_STARTER,2024-11-16,,active,4,49
SUB04481,ACC04481,PLN_STARTER,2024-11-16,,active,4,49
SUB04482,ACC04482,PLN_GROWTH,2024-11-16,,active,17,199
SUB04483,ACC04483,PLN_STARTER,2024-11-16,2025-10-06,cancelled,5,49
SUB04484,ACC04484,PLN_STARTER,2024-11-17,2025-03-26,cancelled,4,49
SUB04485,ACC04485,PLN_STARTER,2024-11-17,2025-04-04,cancelled,3,49
SUB04486,ACC04486,PLN_STARTER,2024-11-18,2025-08-09,cancelled,4,49
SUB04487,ACC04487,PLN_GROWTH,2024-11-18,,active,15,199
SUB04488,ACC04488,PLN_ENTERPRISE,2024-11-18,2025-02-05,cancelled,555,2499
SUB04489,ACC04489,PLN_STARTER,2024-11-18,2025-02-06,cancelled,5,49
SUB04490,ACC04490,PLN_GROWTH,2024-11-18,2025-04-17,cancelled,18,199
SUB04491,ACC04491,PLN_STARTER,2024-11-18,2025-12-02,cancelled,4,49
SUB04492,ACC04492,PLN_STARTER,2024-11-18,2025-02-22,cancelled,3,49
SUB04493,ACC04493,PLN_SCALE,2024-11-18,,active,86,799
SUB04494,ACC04494,PLN_STARTER,2024-11-18,,active,4,49
SUB04495,ACC04495,PLN_SCALE,2024-11-18,,active,69,799
SUB04496,ACC04496,PLN_SCALE,2024-11-18,,active,90,799
SUB04497,ACC04497,PLN_STARTER,2024-11-19,,active,4,49
SUB04498,ACC04498,PLN_SCALE,2024-11-19,,active,71,799
SUB04499,ACC04499,PLN_STARTER,2024-11-19,2025-07-20,cancelled,6,49
SUB04500,ACC04500,PLN_STARTER,2024-11-19,2025-06-16,cancelled,6,49
SUB04501,ACC04501,PLN_GROWTH,2024-11-19,2025-07-09,cancelled,22,199
SUB04502,ACC04502,PLN_SCALE,2024-11-19,,active,84,799
SUB04503,ACC04503,PLN_SCALE,2024-11-19,2025-10-19,cancelled,69,799
SUB04504,ACC04504,PLN_GROWTH,2024-11-19,2025-01-24,cancelled,23,199
SUB04505,ACC04505,PLN_STARTER,2024-11-20,2025-01-12,cancelled,4,49
SUB04506,ACC04506,PLN_STARTER,2024-11-20,2025-07-22,cancelled,6,49
SUB04507,ACC04507,PLN_STARTER,2024-11-20,2025-10-21,cancelled,4,49
SUB04508,ACC04508,PLN_STARTER,2024-11-20,2025-02-24,cancelled,4,49
SUB04509,ACC04509,PLN_SCALE,2024-11-20,2025-03-28,cancelled,111,799
SUB04510,ACC04510,PLN_SCALE,2024-11-21,2025-07-03,cancelled,89,799
SUB04511,ACC04511,PLN_STARTER,2024-11-21,,active,5,49
SUB04512,ACC04512,PLN_STARTER,2024-11-21,2025-01-19,cancelled,5,49
SUB04513,ACC04513,PLN_GROWTH,2024-11-21,2025-09-19,cancelled,13,199
SUB04514,ACC04514,PLN_SCALE,2024-11-21,,active,93,799
SUB04515,ACC04515,PLN_STARTER,2024-11-21,2025-05-09,cancelled,5,49
SUB04516,ACC04516,PLN_STARTER,2024-11-21,,active,3,49
SUB04517,ACC04517,PLN_GROWTH,2024-11-21,2025-12-13,cancelled,22,199
SUB04518,ACC04518,PLN_STARTER,2024-11-21,,active,4,49
SUB04519,ACC04519,PLN_GROWTH,2024-11-21,2025-05-28,cancelled,22,199
SUB04520,ACC04520,PLN_ENTERPRISE,2024-11-22,,active,376,2499
SUB04521,ACC04521,PLN_STARTER,2024-11-22,,active,5,49
SUB04522,ACC04522,PLN_GROWTH,2024-11-23,,active,23,199
SUB04523,ACC04523,PLN_GROWTH,2024-11-23,2025-09-25,cancelled,20,199
SUB04524,ACC04524,PLN_STARTER,2024-11-23,2025-10-11,cancelled,4,49
SUB04525,ACC04525,PLN_STARTER,2024-11-23,,active,4,49
SUB04526,ACC04526,PLN_STARTER,2024-11-23,,active,5,49
SUB04527,ACC04527,PLN_SCALE,2024-11-24,,active,113,799
SUB04528,ACC04528,PLN_STARTER,2024-11-24,2025-06-16,cancelled,3,49
SUB04529,ACC04529,PLN_GROWTH,2024-11-24,,active,18,199
SUB04530,ACC04530,PLN_STARTER,2024-11-24,,active,4,49
SUB04531,ACC04531,PLN_ENTERPRISE,2024-11-24,,active,444,2499
SUB04532,ACC04532,PLN_STARTER,2024-11-24,2025-06-17,cancelled,3,49
SUB04533,ACC04533,PLN_STARTER,2024-11-24,2025-03-03,cancelled,3,49
SUB04534,ACC04534,PLN_STARTER,2024-11-25,,active,3,49
SUB04535,ACC04535,PLN_GROWTH,2024-11-25,,active,14,199
SUB04536,ACC04536,PLN_GROWTH,2024-11-25,2025-08-26,cancelled,14,199
SUB04537,ACC04537,PLN_GROWTH,2024-11-25,2025-02-27,cancelled,17,199
SUB04538,ACC04538,PLN_STARTER,2024-11-25,2025-09-02,cancelled,4,49
SUB04539,ACC04539,PLN_SCALE,2024-11-25,,active,85,799
SUB04540,ACC04540,PLN_GROWTH,2024-11-25,2025-02-21,cancelled,14,199
SUB04541,ACC04541,PLN_GROWTH,2024-11-25,2025-03-09,cancelled,19,199
SUB04542,ACC04542,PLN_SCALE,2024-11-26,2025-04-06,cancelled,70,799
SUB04543,ACC04543,PLN_SCALE,2024-11-26,2025-10-28,cancelled,72,799
SUB04544,ACC04544,PLN_STARTER,2024-11-26,2025-03-25,cancelled,5,49
SUB04545,ACC04545,PLN_ENTERPRISE,2024-11-26,2025-04-12,cancelled,369,2499
SUB04546,ACC04546,PLN_GROWTH,2024-11-26,2025-02-02,cancelled,20,199
SUB04547,ACC04547,PLN_SCALE,2024-11-26,2025-02-05,cancelled,93,799
SUB04548,ACC04548,PLN_SCALE,2024-11-26,2025-10-22,cancelled,100,799
SUB04549,ACC04549,PLN_ENTERPRISE,2024-11-26,,active,379,2499
SUB04550,ACC04550,PLN_SCALE,2024-11-26,,active,86,799
SUB04551,ACC04551,PLN_STARTER,2024-11-26,2025-03-14,cancelled,4,49
SUB04552,ACC04552,PLN_SCALE,2024-11-27,,active,86,799
SUB04553,ACC04553,PLN_GROWTH,2024-11-27,2025-06-05,cancelled,14,199
SUB04554,ACC04554,PLN_SCALE,2024-11-27,,active,93,799
SUB04555,ACC04555,PLN_STARTER,2024-11-27,2025-02-22,cancelled,3,49
SUB04556,ACC04556,PLN_GROWTH,2024-11-27,2025-06-18,cancelled,17,199
SUB04557,ACC04557,PLN_SCALE,2024-11-27,2025-11-20,cancelled,87,799
SUB04558,ACC04558,PLN_GROWTH,2024-11-27,2025-05-14,cancelled,23,199
SUB04559,ACC04559,PLN_STARTER,2024-11-27,,active,4,49
SUB04560,ACC04560,PLN_GROWTH,2024-11-27,2025-02-27,cancelled,16,199
SUB04561,ACC04561,PLN_GROWTH,2024-11-27,2025-12-04,cancelled,14,199
SUB04562,ACC04562,PLN_STARTER,2024-11-28,2025-06-03,cancelled,3,49
SUB04563,ACC04563,PLN_GROWTH,2024-11-28,2025-07-19,cancelled,19,199
SUB04564,ACC04564,PLN_SCALE,2024-11-28,2025-03-18,cancelled,97,799
SUB04565,ACC04565,PLN_GROWTH,2024-11-28,2025-01-20,cancelled,14,199
SUB04566,ACC04566,PLN_GROWTH,2024-11-28,2025-02-24,cancelled,18,199
SUB04567,ACC04567,PLN_STARTER,2024-11-28,2025-02-14,cancelled,4,49
SUB04568,ACC04568,PLN_GROWTH,2024-11-28,2024-12-11,cancelled,20,199
SUB04569,ACC04569,PLN_ENTERPRISE,2024-11-28,,active,386,2499
SUB04570,ACC04570,PLN_GROWTH,2024-11-28,2025-09-26,cancelled,19,199
SUB04571,ACC04571,PLN_STARTER,2024-11-29,2025-02-05,cancelled,5,49
SUB04572,ACC04572,PLN_ENTERPRISE,2024-11-29,2025-06-02,cancelled,465,2499
SUB04573,ACC04573,PLN_STARTER,2024-11-29,2025-04-06,cancelled,6,49
SUB04574,ACC04574,PLN_GROWTH,2024-11-29,2025-02-24,cancelled,15,199
SUB04575,ACC04575,PLN_SCALE,2024-11-29,2025-08-08,cancelled,85,799
SUB04576,ACC04576,PLN_GROWTH,2024-11-29,,active,18,199
SUB04577,ACC04577,PLN_STARTER,2024-11-30,2025-08-01,cancelled,6,49
SUB04578,ACC04578,PLN_SCALE,2024-11-30,,active,61,799
SUB04579,ACC04579,PLN_GROWTH,2024-11-30,2025-09-05,cancelled,18,199
SUB04580,ACC04580,PLN_GROWTH,2024-11-30,2025-10-02,cancelled,18,199
SUB04581,ACC04581,PLN_STARTER,2024-11-30,2025-04-11,cancelled,4,49
SUB04582,ACC04582,PLN_STARTER,2024-11-30,2025-05-04,cancelled,5,49
SUB04583,ACC04583,PLN_GROWTH,2024-11-30,,active,15,199
SUB04584,ACC04584,PLN_STARTER,2024-11-30,2025-12-25,cancelled,5,49
SUB04585,ACC04585,PLN_SCALE,2024-11-30,,active,67,799
SUB04586,ACC04586,PLN_STARTER,2024-11-30,2025-02-26,cancelled,5,49
SUB04587,ACC04587,PLN_STARTER,2024-11-30,,active,5,49
SUB04588,ACC04588,PLN_STARTER,2024-12-01,,active,4,49
SUB04589,ACC04589,PLN_GROWTH,2024-12-01,2025-11-22,cancelled,19,199
SUB04590,ACC04590,PLN_GROWTH,2024-12-01,,active,20,199
SUB04591,ACC04591,PLN_SCALE,2024-12-01,,active,63,799
SUB04592,ACC04592,PLN_STARTER,2024-12-02,,active,6,49
SUB04593,ACC04593,PLN_STARTER,2024-12-02,2025-04-02,cancelled,5,49
SUB04594,ACC04594,PLN_SCALE,2024-12-02,2025-10-12,cancelled,60,799
SUB04595,ACC04595,PLN_GROWTH,2024-12-02,2025-03-23,cancelled,13,199
SUB04596,ACC04596,PLN_STARTER,2024-12-02,2025-06-04,cancelled,5,49
SUB04597,ACC04597,PLN_STARTER,2024-12-02,2025-07-02,cancelled,3,49
SUB04598,ACC04598,PLN_STARTER,2024-12-02,2025-02-20,cancelled,5,49
SUB04599,ACC04599,PLN_STARTER,2024-12-03,2025-01-24,cancelled,3,49
SUB04600,ACC04600,PLN_STARTER,2024-12-03,,active,4,49
SUB04601,ACC04601,PLN_STARTER,2024-12-03,2025-07-16,cancelled,3,49
SUB04602,ACC04602,PLN_SCALE,2024-12-03,2025-05-06,cancelled,73,799
SUB04603,ACC04603,PLN_GROWTH,2024-12-03,2025-07-20,cancelled,19,199
SUB04604,ACC04604,PLN_STARTER,2024-12-03,2025-03-25,cancelled,4,49
SUB04605,ACC04605,PLN_GROWTH,2024-12-04,2025-02-16,cancelled,21,199
SUB04606,ACC04606,PLN_GROWTH,2024-12-04,2025-01-18,cancelled,20,199
SUB04607,ACC04607,PLN_SCALE,2024-12-04,,active,109,799
SUB04608,ACC04608,PLN_STARTER,2024-12-04,2025-03-06,cancelled,5,49
SUB04609,ACC04609,PLN_ENTERPRISE,2024-12-04,,active,441,2499
SUB04610,ACC04610,PLN_GROWTH,2024-12-04,2025-03-24,cancelled,14,199
SUB04611,ACC04611,PLN_STARTER,2024-12-04,,active,3,49
SUB04612,ACC04612,PLN_STARTER,2024-12-04,,active,5,49
SUB04613,ACC04613,PLN_GROWTH,2024-12-05,2025-01-04,cancelled,13,199
SUB04614,ACC04614,PLN_SCALE,2024-12-05,,active,104,799
SUB04615,ACC04615,PLN_STARTER,2024-12-05,,active,5,49
SUB04616,ACC04616,PLN_SCALE,2024-12-05,2025-03-06,cancelled,113,799
SUB04617,ACC04617,PLN_STARTER,2024-12-05,2025-02-21,cancelled,3,49
SUB04618,ACC04618,PLN_GROWTH,2024-12-05,,active,14,199
SUB04619,ACC04619,PLN_GROWTH,2024-12-05,2025-11-25,cancelled,12,199
SUB04620,ACC04620,PLN_ENTERPRISE,2024-12-05,2025-08-01,cancelled,361,2499
SUB04621,ACC04621,PLN_SCALE,2024-12-06,,active,104,799
SUB04622,ACC04622,PLN_STARTER,2024-12-06,2025-01-12,cancelled,3,49
SUB04623,ACC04623,PLN_STARTER,2024-12-06,,active,5,49
SUB04624,ACC04624,PLN_STARTER,2024-12-06,2025-06-10,cancelled,4,49
SUB04625,ACC04625,PLN_ENTERPRISE,2024-12-06,2025-05-06,cancelled,472,2499
SUB04626,ACC04626,PLN_STARTER,2024-12-06,2025-10-02,cancelled,4,49
SUB04627,ACC04627,PLN_STARTER,2024-12-06,2025-05-20,cancelled,3,49
SUB04628,ACC04628,PLN_STARTER,2024-12-06,,active,3,49
SUB04629,ACC04629,PLN_STARTER,2024-12-07,,active,3,49
SUB04630,ACC04630,PLN_STARTER,2024-12-07,2025-03-01,cancelled,4,49
SUB04631,ACC04631,PLN_ENTERPRISE,2024-12-07,,active,367,2499
SUB04632,ACC04632,PLN_GROWTH,2024-12-07,,active,18,199
SUB04633,ACC04633,PLN_GROWTH,2024-12-07,,active,14,199
SUB04634,ACC04634,PLN_STARTER,2024-12-07,2025-02-23,cancelled,5,49
SUB04635,ACC04635,PLN_GROWTH,2024-12-07,2025-03-10,cancelled,13,199
SUB04636,ACC04636,PLN_STARTER,2024-12-07,2025-12-04,cancelled,5,49
SUB04637,ACC04637,PLN_ENTERPRISE,2024-12-07,2025-08-20,cancelled,337,2499
SUB04638,ACC04638,PLN_ENTERPRISE,2024-12-07,,active,529,2499
SUB04639,ACC04639,PLN_STARTER,2024-12-08,2025-10-28,cancelled,3,49
SUB04640,ACC04640,PLN_SCALE,2024-12-08,,active,96,799
SUB04641,ACC04641,PLN_GROWTH,2024-12-08,2025-02-08,cancelled,20,199
SUB04642,ACC04642,PLN_GROWTH,2024-12-08,2025-10-21,cancelled,13,199
SUB04643,ACC04643,PLN_GROWTH,2024-12-08,2025-07-25,cancelled,19,199
SUB04644,ACC04644,PLN_SCALE,2024-12-08,2025-05-21,cancelled,114,799
SUB04645,ACC04645,PLN_GROWTH,2024-12-08,,active,16,199
SUB04646,ACC04646,PLN_ENTERPRISE,2024-12-08,2025-08-17,cancelled,506,2499
SUB04647,ACC04647,PLN_SCALE,2024-12-08,,active,96,799
SUB04648,ACC04648,PLN_SCALE,2024-12-09,2025-12-09,cancelled,103,799
SUB04649,ACC04649,PLN_SCALE,2024-12-09,2025-09-11,cancelled,110,799
SUB04650,ACC04650,PLN_GROWTH,2024-12-09,2025-07-02,cancelled,23,199
SUB04651,ACC04651,PLN_ENTERPRISE,2024-12-09,2025-03-09,cancelled,385,2499
SUB04652,ACC04652,PLN_SCALE,2024-12-09,,active,99,799
SUB04653,ACC04653,PLN_SCALE,2024-12-09,2025-08-20,cancelled,101,799
SUB04654,ACC04654,PLN_STARTER,2024-12-09,,active,5,49
SUB04655,ACC04655,PLN_SCALE,2024-12-09,,active,80,799
SUB04656,ACC04656,PLN_STARTER,2024-12-10,,active,3,49
SUB04657,ACC04657,PLN_STARTER,2024-12-10,2025-02-20,cancelled,5,49
SUB04658,ACC04658,PLN_GROWTH,2024-12-10,2025-10-06,cancelled,18,199
SUB04659,ACC04659,PLN_SCALE,2024-12-10,,active,97,799
SUB04660,ACC04660,PLN_SCALE,2024-12-10,,active,78,799
SUB04661,ACC04661,PLN_SCALE,2024-12-10,2025-09-08,cancelled,90,799
SUB04662,ACC04662,PLN_GROWTH,2024-12-11,,active,13,199
SUB04663,ACC04663,PLN_SCALE,2024-12-11,2025-09-09,cancelled,101,799
SUB04664,ACC04664,PLN_STARTER,2024-12-11,2025-05-09,cancelled,4,49
SUB04665,ACC04665,PLN_ENTERPRISE,2024-12-11,2025-04-18,cancelled,484,2499
SUB04666,ACC04666,PLN_ENTERPRISE,2024-12-11,,active,307,2499
SUB04667,ACC04667,PLN_STARTER,2024-12-11,2025-06-01,cancelled,5,49
SUB04668,ACC04668,PLN_SCALE,2024-12-12,2025-04-11,cancelled,102,799
SUB04669,ACC04669,PLN_GROWTH,2024-12-12,2025-06-22,cancelled,14,199
SUB04670,ACC04670,PLN_STARTER,2024-12-12,,active,4,49
SUB04671,ACC04671,PLN_STARTER,2024-12-12,2025-12-02,cancelled,4,49
SUB04672,ACC04672,PLN_STARTER,2024-12-12,2025-11-21,cancelled,4,49
SUB04673,ACC04673,PLN_ENTERPRISE,2024-12-13,2025-02-07,cancelled,468,2499
SUB04674,ACC04674,PLN_STARTER,2024-12-13,2025-02-18,cancelled,4,49
SUB04675,ACC04675,PLN_STARTER,2024-12-13,2025-03-12,cancelled,5,49
SUB04676,ACC04676,PLN_STARTER,2024-12-13,,active,4,49
SUB04677,ACC04677,PLN_SCALE,2024-12-14,,active,100,799
SUB04678,ACC04678,PLN_STARTER,2024-12-14,2025-07-14,cancelled,4,49
SUB04679,ACC04679,PLN_GROWTH,2024-12-14,2025-08-10,cancelled,18,199
SUB04680,ACC04680,PLN_SCALE,2024-12-14,,active,92,799
SUB04681,ACC04681,PLN_ENTERPRISE,2024-12-14,,active,311,2499
SUB04682,ACC04682,PLN_STARTER,2024-12-14,,active,4,49
SUB04683,ACC04683,PLN_STARTER,2024-12-15,2025-06-13,cancelled,4,49
SUB04684,ACC04684,PLN_GROWTH,2024-12-15,,active,22,199
SUB04685,ACC04685,PLN_STARTER,2024-12-15,,active,6,49
SUB04686,ACC04686,PLN_SCALE,2024-12-16,2025-03-24,cancelled,84,799
SUB04687,ACC04687,PLN_GROWTH,2024-12-16,2025-06-13,cancelled,22,199
SUB04688,ACC04688,PLN_STARTER,2024-12-16,2025-04-11,cancelled,5,49
SUB04689,ACC04689,PLN_ENTERPRISE,2024-12-16,,active,348,2499
SUB04690,ACC04690,PLN_SCALE,2024-12-16,2025-01-12,cancelled,103,799
SUB04691,ACC04691,PLN_ENTERPRISE,2024-12-16,,active,356,2499
SUB04692,ACC04692,PLN_STARTER,2024-12-17,2025-03-06,cancelled,4,49
SUB04693,ACC04693,PLN_GROWTH,2024-12-17,2025-09-25,cancelled,16,199
SUB04694,ACC04694,PLN_STARTER,2024-12-17,,active,4,49
SUB04695,ACC04695,PLN_SCALE,2024-12-17,,active,60,799
SUB04696,ACC04696,PLN_STARTER,2024-12-17,2025-10-02,cancelled,5,49
SUB04697,ACC04697,PLN_ENTERPRISE,2024-12-17,2025-12-17,cancelled,434,2499
SUB04698,ACC04698,PLN_GROWTH,2024-12-17,,active,19,199
SUB04699,ACC04699,PLN_ENTERPRISE,2024-12-17,2025-01-11,cancelled,551,2499
SUB04700,ACC04700,PLN_SCALE,2024-12-18,,active,103,799
SUB04701,ACC04701,PLN_STARTER,2024-12-18,2025-03-14,cancelled,3,49
SUB04702,ACC04702,PLN_GROWTH,2024-12-18,,active,16,199
SUB04703,ACC04703,PLN_STARTER,2024-12-18,2025-11-01,cancelled,6,49
SUB04704,ACC04704,PLN_STARTER,2024-12-19,2025-02-23,cancelled,5,49
SUB04705,ACC04705,PLN_GROWTH,2024-12-19,2025-02-23,cancelled,16,199
SUB04706,ACC04706,PLN_SCALE,2024-12-19,2025-05-24,cancelled,86,799
SUB04707,ACC04707,PLN_SCALE,2024-12-19,2025-05-17,cancelled,81,799
SUB04708,ACC04708,PLN_GROWTH,2024-12-19,,active,18,199
SUB04709,ACC04709,PLN_STARTER,2024-12-19,2025-07-12,cancelled,5,49
SUB04710,ACC04710,PLN_ENTERPRISE,2024-12-19,2025-02-25,cancelled,310,2499
SUB04711,ACC04711,PLN_GROWTH,2024-12-19,2025-02-11,cancelled,21,199
SUB04712,ACC04712,PLN_SCALE,2024-12-19,2025-09-06,cancelled,83,799
SUB04713,ACC04713,PLN_GROWTH,2024-12-19,2025-02-13,cancelled,15,199
SUB04714,ACC04714,PLN_SCALE,2024-12-19,2025-08-05,cancelled,101,799
SUB04715,ACC04715,PLN_STARTER,2024-12-19,,active,3,49
SUB04716,ACC04716,PLN_GROWTH,2024-12-20,2025-03-21,cancelled,15,199
SUB04717,ACC04717,PLN_ENTERPRISE,2024-12-20,,active,432,2499
SUB04718,ACC04718,PLN_SCALE,2024-12-21,2025-05-14,cancelled,82,799
SUB04719,ACC04719,PLN_STARTER,2024-12-21,,active,4,49
SUB04720,ACC04720,PLN_SCALE,2024-12-21,2025-01-07,cancelled,83,799
SUB04721,ACC04721,PLN_STARTER,2024-12-21,2025-01-24,cancelled,6,49
SUB04722,ACC04722,PLN_GROWTH,2024-12-21,2025-06-18,cancelled,20,199
SUB04723,ACC04723,PLN_SCALE,2024-12-21,,active,100,799
SUB04724,ACC04724,PLN_SCALE,2024-12-21,,active,72,799
SUB04725,ACC04725,PLN_STARTER,2024-12-21,,active,3,49
SUB04726,ACC04726,PLN_STARTER,2024-12-21,2025-01-09,cancelled,3,49
SUB04727,ACC04727,PLN_GROWTH,2024-12-21,,active,23,199
SUB04728,ACC04728,PLN_STARTER,2024-12-21,2025-05-05,cancelled,6,49
SUB04729,ACC04729,PLN_ENTERPRISE,2024-12-22,2025-02-02,cancelled,551,2499
SUB04730,ACC04730,PLN_ENTERPRISE,2024-12-22,2025-07-17,cancelled,365,2499
SUB04731,ACC04731,PLN_ENTERPRISE,2024-12-22,,active,537,2499
SUB04732,ACC04732,PLN_GROWTH,2024-12-22,2025-02-26,cancelled,17,199
SUB04733,ACC04733,PLN_STARTER,2024-12-22,2025-02-22,cancelled,4,49
SUB04734,ACC04734,PLN_STARTER,2024-12-22,,active,3,49
SUB04735,ACC04735,PLN_GROWTH,2024-12-22,2025-01-24,cancelled,18,199
SUB04736,ACC04736,PLN_STARTER,2024-12-22,2025-01-19,cancelled,5,49
SUB04737,ACC04737,PLN_GROWTH,2024-12-23,2025-04-16,cancelled,14,199
SUB04738,ACC04738,PLN_SCALE,2024-12-23,,active,88,799
SUB04739,ACC04739,PLN_GROWTH,2024-12-23,,active,22,199
SUB04740,ACC04740,PLN_GROWTH,2024-12-23,2025-04-02,cancelled,13,199
SUB04741,ACC04741,PLN_SCALE,2024-12-23,2025-09-13,cancelled,63,799
SUB04742,ACC04742,PLN_GROWTH,2024-12-23,2025-04-10,cancelled,13,199
SUB04743,ACC04743,PLN_SCALE,2024-12-23,,active,64,799
SUB04744,ACC04744,PLN_GROWTH,2024-12-23,,active,20,199
SUB04745,ACC04745,PLN_ENTERPRISE,2024-12-24,2025-02-02,cancelled,375,2499
SUB04746,ACC04746,PLN_STARTER,2024-12-24,2025-07-06,cancelled,4,49
SUB04747,ACC04747,PLN_SCALE,2024-12-24,2025-03-17,cancelled,100,799
SUB04748,ACC04748,PLN_GROWTH,2024-12-24,2025-11-26,cancelled,19,199
SUB04749,ACC04749,PLN_SCALE,2024-12-24,,active,73,799
SUB04750,ACC04750,PLN_STARTER,2024-12-24,2025-07-22,cancelled,4,49
SUB04751,ACC04751,PLN_GROWTH,2024-12-24,2025-04-20,cancelled,21,199
SUB04752,ACC04752,PLN_SCALE,2024-12-24,,active,73,799
SUB04753,ACC04753,PLN_GROWTH,2024-12-25,2025-05-17,cancelled,14,199
SUB04754,ACC04754,PLN_GROWTH,2024-12-25,2025-02-24,cancelled,23,199
SUB04755,ACC04755,PLN_SCALE,2024-12-25,2025-04-18,cancelled,97,799
SUB04756,ACC04756,PLN_GROWTH,2024-12-25,2025-02-22,cancelled,16,199
SUB04757,ACC04757,PLN_STARTER,2024-12-25,2025-09-26,cancelled,5,49
SUB04758,ACC04758,PLN_ENTERPRISE,2024-12-26,2025-12-07,cancelled,312,2499
SUB04759,ACC04759,PLN_STARTER,2024-12-26,2025-10-22,cancelled,3,49
SUB04760,ACC04760,PLN_GROWTH,2024-12-26,2025-10-24,cancelled,17,199
SUB04761,ACC04761,PLN_SCALE,2024-12-26,,active,95,799
SUB04762,ACC04762,PLN_SCALE,2024-12-26,2025-04-19,cancelled,98,799
SUB04763,ACC04763,PLN_GROWTH,2024-12-27,2025-04-26,cancelled,22,199
SUB04764,ACC04764,PLN_GROWTH,2024-12-27,2025-06-03,cancelled,20,199
SUB04765,ACC04765,PLN_STARTER,2024-12-27,2025-09-28,cancelled,5,49
SUB04766,ACC04766,PLN_SCALE,2024-12-27,2025-09-17,cancelled,69,799
SUB04767,ACC04767,PLN_STARTER,2024-12-27,,active,3,49
SUB04768,ACC04768,PLN_ENTERPRISE,2024-12-27,2025-08-02,cancelled,400,2499
SUB04769,ACC04769,PLN_STARTER,2024-12-27,2025-03-08,cancelled,3,49
SUB04770,ACC04770,PLN_GROWTH,2024-12-28,,active,14,199
SUB04771,ACC04771,PLN_SCALE,2024-12-28,2025-09-27,cancelled,60,799
SUB04772,ACC04772,PLN_SCALE,2024-12-28,,active,95,799
SUB04773,ACC04773,PLN_STARTER,2024-12-28,2025-03-04,cancelled,3,49
SUB04774,ACC04774,PLN_STARTER,2024-12-28,2025-02-12,cancelled,6,49
SUB04775,ACC04775,PLN_STARTER,2024-12-28,2025-02-26,cancelled,4,49
SUB04776,ACC04776,PLN_SCALE,2024-12-28,,active,105,799
SUB04777,ACC04777,PLN_STARTER,2024-12-28,2025-02-04,cancelled,5,49
SUB04778,ACC04778,PLN_STARTER,2024-12-28,2025-05-06,cancelled,5,49
SUB04779,ACC04779,PLN_GROWTH,2024-12-29,2025-11-03,cancelled,20,199
SUB04780,ACC04780,PLN_ENTERPRISE,2024-12-29,2025-07-14,cancelled,564,2499
SUB04781,ACC04781,PLN_SCALE,2024-12-29,2025-03-02,cancelled,87,799
SUB04782,ACC04782,PLN_STARTER,2024-12-29,,active,5,49
SUB04783,ACC04783,PLN_STARTER,2024-12-29,2025-01-02,cancelled,6,49
SUB04784,ACC04784,PLN_GROWTH,2024-12-29,2025-01-17,cancelled,18,199
SUB04785,ACC04785,PLN_ENTERPRISE,2024-12-29,2025-10-28,cancelled,509,2499
SUB04786,ACC04786,PLN_STARTER,2024-12-29,2025-02-18,cancelled,5,49
SUB04787,ACC04787,PLN_STARTER,2024-12-29,2025-08-03,cancelled,5,49
SUB04788,ACC04788,PLN_GROWTH,2024-12-30,2025-06-26,cancelled,23,199
SUB04789,ACC04789,PLN_STARTER,2024-12-30,2025-08-23,cancelled,5,49
SUB04790,ACC04790,PLN_GROWTH,2024-12-30,2025-03-16,cancelled,22,199
SUB04791,ACC04791,PLN_SCALE,2024-12-30,,active,64,799
SUB04792,ACC04792,PLN_SCALE,2024-12-30,2025-07-10,cancelled,90,799
SUB04793,ACC04793,PLN_STARTER,2024-12-31,,active,5,49
SUB04794,ACC04794,PLN_SCALE,2024-12-31,2025-06-11,cancelled,89,799
SUB04795,ACC04795,PLN_STARTER,2024-12-31,,active,3,49
SUB04796,ACC04796,PLN_ENTERPRISE,2024-12-31,2025-09-28,cancelled,547,2499
SUB04797,ACC04797,PLN_SCALE,2024-12-31,2025-09-20,cancelled,104,799
SUB04798,ACC04798,PLN_ENTERPRISE,2024-12-31,2025-01-20,cancelled,408,2499
SUB04799,ACC04799,PLN_SCALE,2024-12-31,2025-11-18,cancelled,111,799
SUB04800,ACC04800,PLN_GROWTH,2024-12-31,2025-05-25,cancelled,20,199
SUB04801,ACC04801,PLN_ENTERPRISE,2024-12-31,2025-12-24,cancelled,482,2499
SUB04802,ACC04802,PLN_SCALE,2024-12-31,,active,67,799
SUB04803,ACC04803,PLN_STARTER,2025-01-01,2025-03-26,cancelled,4,49
SUB04804,ACC04804,PLN_GROWTH,2025-01-01,,active,16,199
SUB04805,ACC04805,PLN_STARTER,2025-01-01,2025-06-02,cancelled,5,49
SUB04806,ACC04806,PLN_SCALE,2025-01-01,2025-03-09,cancelled,70,799
SUB04807,ACC04807,PLN_ENTERPRISE,2025-01-01,,active,492,2499
SUB04808,ACC04808,PLN_GROWTH,2025-01-01,2025-11-09,cancelled,17,199
SUB04809,ACC04809,PLN_GROWTH,2025-01-01,2025-03-13,cancelled,20,199
SUB04810,ACC04810,PLN_STARTER,2025-01-01,2025-12-11,cancelled,4,49
SUB04811,ACC04811,PLN_STARTER,2025-01-02,,active,4,49
SUB04812,ACC04812,PLN_ENTERPRISE,2025-01-02,,active,490,2499
SUB04813,ACC04813,PLN_STARTER,2025-01-02,2025-03-19,cancelled,3,49
SUB04814,ACC04814,PLN_GROWTH,2025-01-02,2025-03-09,cancelled,20,199
SUB04815,ACC04815,PLN_GROWTH,2025-01-02,,active,17,199
SUB04816,ACC04816,PLN_GROWTH,2025-01-02,2025-10-03,cancelled,12,199
SUB04817,ACC04817,PLN_STARTER,2025-01-03,2025-02-22,cancelled,5,49
SUB04818,ACC04818,PLN_STARTER,2025-01-03,,active,6,49
SUB04819,ACC04819,PLN_STARTER,2025-01-03,,active,4,49
SUB04820,ACC04820,PLN_STARTER,2025-01-03,,active,3,49
SUB04821,ACC04821,PLN_STARTER,2025-01-03,2025-04-19,cancelled,3,49
SUB04822,ACC04822,PLN_STARTER,2025-01-03,,active,4,49
SUB04823,ACC04823,PLN_STARTER,2025-01-03,,active,3,49
SUB04824,ACC04824,PLN_STARTER,2025-01-03,2025-09-15,cancelled,5,49
SUB04825,ACC04825,PLN_GROWTH,2025-01-03,2025-03-23,cancelled,13,199
SUB04826,ACC04826,PLN_ENTERPRISE,2025-01-04,2025-11-08,cancelled,386,2499
SUB04827,ACC04827,PLN_GROWTH,2025-01-04,,active,14,199
SUB04828,ACC04828,PLN_GROWTH,2025-01-04,2025-06-02,cancelled,19,199
SUB04829,ACC04829,PLN_ENTERPRISE,2025-01-04,2025-08-13,cancelled,389,2499
SUB04830,ACC04830,PLN_ENTERPRISE,2025-01-05,,active,446,2499
SUB04831,ACC04831,PLN_STARTER,2025-01-05,2025-03-14,cancelled,6,49
SUB04832,ACC04832,PLN_STARTER,2025-01-05,2025-03-14,cancelled,4,49
SUB04833,ACC04833,PLN_SCALE,2025-01-05,2025-04-02,cancelled,103,799
SUB04834,ACC04834,PLN_GROWTH,2025-01-05,2025-06-08,cancelled,18,199
SUB04835,ACC04835,PLN_GROWTH,2025-01-05,,active,22,199
SUB04836,ACC04836,PLN_STARTER,2025-01-05,2025-11-10,cancelled,4,49
SUB04837,ACC04837,PLN_STARTER,2025-01-05,2025-05-01,cancelled,3,49
SUB04838,ACC04838,PLN_STARTER,2025-01-06,2025-05-25,cancelled,5,49
SUB04839,ACC04839,PLN_STARTER,2025-01-06,2025-08-24,cancelled,4,49
SUB04840,ACC04840,PLN_STARTER,2025-01-06,2025-02-20,cancelled,4,49
SUB04841,ACC04841,PLN_SCALE,2025-01-06,2025-08-09,cancelled,113,799
SUB04842,ACC04842,PLN_SCALE,2025-01-06,2025-12-23,cancelled,84,799
SUB04843,ACC04843,PLN_STARTER,2025-01-06,2025-04-04,cancelled,6,49
SUB04844,ACC04844,PLN_SCALE,2025-01-06,2025-03-23,cancelled,90,799
SUB04845,ACC04845,PLN_GROWTH,2025-01-06,,active,16,199
SUB04846,ACC04846,PLN_STARTER,2025-01-07,2025-07-07,cancelled,3,49
SUB04847,ACC04847,PLN_ENTERPRISE,2025-01-07,2025-08-11,cancelled,389,2499
SUB04848,ACC04848,PLN_GROWTH,2025-01-07,2025-07-07,cancelled,22,199
SUB04849,ACC04849,PLN_STARTER,2025-01-07,2025-06-22,cancelled,3,49
SUB04850,ACC04850,PLN_STARTER,2025-01-08,,active,4,49
SUB04851,ACC04851,PLN_STARTER,2025-01-08,,active,5,49
SUB04852,ACC04852,PLN_ENTERPRISE,2025-01-08,,active,361,2499
SUB04853,ACC04853,PLN_SCALE,2025-01-08,2025-08-16,cancelled,82,799
SUB04854,ACC04854,PLN_STARTER,2025-01-08,2025-05-16,cancelled,4,49
SUB04855,ACC04855,PLN_STARTER,2025-01-08,,active,3,49
SUB04856,ACC04856,PLN_GROWTH,2025-01-08,2025-10-16,cancelled,13,199
SUB04857,ACC04857,PLN_STARTER,2025-01-09,2025-03-03,cancelled,5,49
SUB04858,ACC04858,PLN_STARTER,2025-01-09,,active,4,49
SUB04859,ACC04859,PLN_SCALE,2025-01-09,2025-03-10,cancelled,67,799
SUB04860,ACC04860,PLN_STARTER,2025-01-09,2025-11-24,cancelled,3,49
SUB04861,ACC04861,PLN_STARTER,2025-01-10,,active,6,49
SUB04862,ACC04862,PLN_ENTERPRISE,2025-01-10,,active,326,2499
SUB04863,ACC04863,PLN_GROWTH,2025-01-10,,active,21,199
SUB04864,ACC04864,PLN_STARTER,2025-01-10,2025-06-20,cancelled,3,49
SUB04865,ACC04865,PLN_GROWTH,2025-01-10,2025-07-26,cancelled,21,199
SUB04866,ACC04866,PLN_SCALE,2025-01-10,,active,60,799
SUB04867,ACC04867,PLN_GROWTH,2025-01-11,2025-12-16,cancelled,13,199
SUB04868,ACC04868,PLN_STARTER,2025-01-11,2025-07-14,cancelled,4,49
SUB04869,ACC04869,PLN_GROWTH,2025-01-11,2025-03-22,cancelled,22,199
SUB04870,ACC04870,PLN_STARTER,2025-01-11,2025-04-09,cancelled,4,49
SUB04871,ACC04871,PLN_GROWTH,2025-01-11,2025-08-22,cancelled,20,199
SUB04872,ACC04872,PLN_STARTER,2025-01-11,2025-03-17,cancelled,5,49
SUB04873,ACC04873,PLN_STARTER,2025-01-12,2025-04-28,cancelled,4,49
SUB04874,ACC04874,PLN_STARTER,2025-01-12,2025-04-16,cancelled,5,49
SUB04875,ACC04875,PLN_STARTER,2025-01-12,2025-04-14,cancelled,5,49
SUB04876,ACC04876,PLN_SCALE,2025-01-12,2025-06-16,cancelled,80,799
SUB04877,ACC04877,PLN_STARTER,2025-01-12,2025-07-26,cancelled,3,49
SUB04878,ACC04878,PLN_GROWTH,2025-01-12,2025-03-02,cancelled,13,199
SUB04879,ACC04879,PLN_ENTERPRISE,2025-01-12,2025-08-28,cancelled,468,2499
SUB04880,ACC04880,PLN_GROWTH,2025-01-12,,active,16,199
SUB04881,ACC04881,PLN_STARTER,2025-01-12,2025-11-08,cancelled,4,49
SUB04882,ACC04882,PLN_SCALE,2025-01-13,,active,102,799
SUB04883,ACC04883,PLN_STARTER,2025-01-13,2025-03-04,cancelled,4,49
SUB04884,ACC04884,PLN_STARTER,2025-01-13,2025-06-13,cancelled,4,49
SUB04885,ACC04885,PLN_ENTERPRISE,2025-01-13,,active,362,2499
SUB04886,ACC04886,PLN_SCALE,2025-01-13,2025-09-05,cancelled,62,799
SUB04887,ACC04887,PLN_GROWTH,2025-01-14,,active,15,199
SUB04888,ACC04888,PLN_STARTER,2025-01-14,2025-10-06,cancelled,3,49
SUB04889,ACC04889,PLN_SCALE,2025-01-14,,active,65,799
SUB04890,ACC04890,PLN_ENTERPRISE,2025-01-14,2025-08-05,cancelled,511,2499
SUB04891,ACC04891,PLN_STARTER,2025-01-14,,active,5,49
SUB04892,ACC04892,PLN_STARTER,2025-01-14,2025-02-27,cancelled,6,49
SUB04893,ACC04893,PLN_GROWTH,2025-01-14,2025-11-28,cancelled,19,199
SUB04894,ACC04894,PLN_STARTER,2025-01-15,2025-06-16,cancelled,5,49
SUB04895,ACC04895,PLN_STARTER,2025-01-15,2025-07-03,cancelled,5,49
SUB04896,ACC04896,PLN_ENTERPRISE,2025-01-15,2025-07-21,cancelled,342,2499
SUB04897,ACC04897,PLN_GROWTH,2025-01-15,,active,17,199
SUB04898,ACC04898,PLN_ENTERPRISE,2025-01-15,2025-11-12,cancelled,561,2499
SUB04899,ACC04899,PLN_GROWTH,2025-01-16,2025-05-01,cancelled,17,199
SUB04900,ACC04900,PLN_STARTER,2025-01-16,2025-11-15,cancelled,6,49
SUB04901,ACC04901,PLN_GROWTH,2025-01-16,2025-05-05,cancelled,17,199
SUB04902,ACC04902,PLN_SCALE,2025-01-17,,active,99,799
SUB04903,ACC04903,PLN_SCALE,2025-01-17,2025-05-06,cancelled,102,799
SUB04904,ACC04904,PLN_STARTER,2025-01-17,2025-03-25,cancelled,4,49
SUB04905,ACC04905,PLN_GROWTH,2025-01-17,2025-06-22,cancelled,19,199
SUB04906,ACC04906,PLN_GROWTH,2025-01-17,2025-09-20,cancelled,18,199
SUB04907,ACC04907,PLN_STARTER,2025-01-17,2025-06-18,cancelled,3,49
SUB04908,ACC04908,PLN_STARTER,2025-01-17,2025-04-09,cancelled,4,49
SUB04909,ACC04909,PLN_GROWTH,2025-01-17,,active,19,199
SUB04910,ACC04910,PLN_SCALE,2025-01-18,2025-10-26,cancelled,110,799
SUB04911,ACC04911,PLN_STARTER,2025-01-18,,active,5,49
SUB04912,ACC04912,PLN_SCALE,2025-01-18,2025-02-03,cancelled,77,799
SUB04913,ACC04913,PLN_SCALE,2025-01-18,2025-02-14,cancelled,78,799
SUB04914,ACC04914,PLN_ENTERPRISE,2025-01-19,,active,397,2499
SUB04915,ACC04915,PLN_STARTER,2025-01-19,,active,5,49
SUB04916,ACC04916,PLN_GROWTH,2025-01-19,2025-10-17,cancelled,13,199
SUB04917,ACC04917,PLN_STARTER,2025-01-19,2025-04-14,cancelled,3,49
SUB04918,ACC04918,PLN_GROWTH,2025-01-19,2025-06-12,cancelled,21,199
SUB04919,ACC04919,PLN_SCALE,2025-01-19,2025-03-06,cancelled,113,799
SUB04920,ACC04920,PLN_STARTER,2025-01-19,,active,4,49
SUB04921,ACC04921,PLN_SCALE,2025-01-19,2025-04-26,cancelled,103,799
SUB04922,ACC04922,PLN_SCALE,2025-01-19,2025-02-08,cancelled,65,799
SUB04923,ACC04923,PLN_GROWTH,2025-01-19,,active,19,199
SUB04924,ACC04924,PLN_GROWTH,2025-01-20,2025-09-24,cancelled,14,199
SUB04925,ACC04925,PLN_SCALE,2025-01-20,2025-02-28,cancelled,61,799
SUB04926,ACC04926,PLN_GROWTH,2025-01-20,,active,22,199
SUB04927,ACC04927,PLN_GROWTH,2025-01-20,,active,22,199
SUB04928,ACC04928,PLN_STARTER,2025-01-20,2025-05-06,cancelled,3,49
SUB04929,ACC04929,PLN_STARTER,2025-01-20,2025-08-08,cancelled,4,49
SUB04930,ACC04930,PLN_STARTER,2025-01-20,,active,5,49
SUB04931,ACC04931,PLN_GROWTH,2025-01-20,2025-11-07,cancelled,22,199
SUB04932,ACC04932,PLN_STARTER,2025-01-20,2025-12-24,cancelled,5,49
SUB04933,ACC04933,PLN_SCALE,2025-01-20,,active,73,799
SUB04934,ACC04934,PLN_ENTERPRISE,2025-01-21,,active,542,2499
SUB04935,ACC04935,PLN_STARTER,2025-01-21,,active,4,49
SUB04936,ACC04936,PLN_SCALE,2025-01-21,2025-05-19,cancelled,81,799
SUB04937,ACC04937,PLN_GROWTH,2025-01-21,2025-03-28,cancelled,22,199
SUB04938,ACC04938,PLN_GROWTH,2025-01-21,,active,23,199
SUB04939,ACC04939,PLN_STARTER,2025-01-21,2025-03-13,cancelled,5,49
SUB04940,ACC04940,PLN_GROWTH,2025-01-21,,active,13,199
SUB04941,ACC04941,PLN_STARTER,2025-01-21,2025-06-04,cancelled,5,49
SUB04942,ACC04942,PLN_GROWTH,2025-01-22,2025-04-15,cancelled,23,199
SUB04943,ACC04943,PLN_GROWTH,2025-01-22,2025-10-12,cancelled,21,199
SUB04944,ACC04944,PLN_GROWTH,2025-01-22,2025-07-12,cancelled,23,199
SUB04945,ACC04945,PLN_SCALE,2025-01-22,,active,67,799
SUB04946,ACC04946,PLN_SCALE,2025-01-22,,active,68,799
SUB04947,ACC04947,PLN_STARTER,2025-01-22,2025-09-10,cancelled,4,49
SUB04948,ACC04948,PLN_GROWTH,2025-01-22,2025-05-09,cancelled,17,199
SUB04949,ACC04949,PLN_STARTER,2025-01-22,2025-05-19,cancelled,4,49
SUB04950,ACC04950,PLN_STARTER,2025-01-23,2025-02-26,cancelled,4,49
SUB04951,ACC04951,PLN_SCALE,2025-01-23,2025-12-05,cancelled,71,799
SUB04952,ACC04952,PLN_STARTER,2025-01-23,,active,4,49
SUB04953,ACC04953,PLN_ENTERPRISE,2025-01-23,,active,550,2499
SUB04954,ACC04954,PLN_ENTERPRISE,2025-01-23,,active,374,2499
SUB04955,ACC04955,PLN_STARTER,2025-01-24,2025-06-01,cancelled,5,49
SUB04956,ACC04956,PLN_GROWTH,2025-01-24,,active,16,199
SUB04957,ACC04957,PLN_SCALE,2025-01-24,2025-04-10,cancelled,85,799
SUB04958,ACC04958,PLN_SCALE,2025-01-24,2025-09-14,cancelled,85,799
SUB04959,ACC04959,PLN_SCALE,2025-01-25,,active,93,799
SUB04960,ACC04960,PLN_STARTER,2025-01-25,,active,4,49
SUB04961,ACC04961,PLN_GROWTH,2025-01-25,2025-02-16,cancelled,16,199
SUB04962,ACC04962,PLN_SCALE,2025-01-25,2025-05-02,cancelled,61,799
SUB04963,ACC04963,PLN_SCALE,2025-01-26,2025-03-03,cancelled,67,799
SUB04964,ACC04964,PLN_STARTER,2025-01-26,2025-07-03,cancelled,4,49
SUB04965,ACC04965,PLN_STARTER,2025-01-26,2025-04-23,cancelled,4,49
SUB04966,ACC04966,PLN_STARTER,2025-01-26,2025-07-08,cancelled,5,49
SUB04967,ACC04967,PLN_GROWTH,2025-01-26,2025-05-18,cancelled,22,199
SUB04968,ACC04968,PLN_GROWTH,2025-01-26,2025-06-25,cancelled,22,199
SUB04969,ACC04969,PLN_GROWTH,2025-01-26,2025-07-09,cancelled,16,199
SUB04970,ACC04970,PLN_STARTER,2025-01-26,,active,3,49
SUB04971,ACC04971,PLN_STARTER,2025-01-26,2025-08-20,cancelled,4,49
SUB04972,ACC04972,PLN_STARTER,2025-01-26,2025-06-06,cancelled,5,49
SUB04973,ACC04973,PLN_STARTER,2025-01-27,2025-02-27,cancelled,4,49
SUB04974,ACC04974,PLN_STARTER,2025-01-27,2025-05-03,cancelled,5,49
SUB04975,ACC04975,PLN_SCALE,2025-01-27,2025-02-07,cancelled,81,799
SUB04976,ACC04976,PLN_SCALE,2025-01-27,,active,110,799
SUB04977,ACC04977,PLN_STARTER,2025-01-27,2025-12-17,cancelled,6,49
SUB04978,ACC04978,PLN_STARTER,2025-01-27,,active,5,49
SUB04979,ACC04979,PLN_GROWTH,2025-01-27,2025-02-20,cancelled,20,199
SUB04980,ACC04980,PLN_SCALE,2025-01-27,,active,83,799
SUB04981,ACC04981,PLN_STARTER,2025-01-28,2025-03-20,cancelled,5,49
SUB04982,ACC04982,PLN_ENTERPRISE,2025-01-28,2025-11-18,cancelled,343,2499
SUB04983,ACC04983,PLN_SCALE,2025-01-28,,active,64,799
SUB04984,ACC04984,PLN_STARTER,2025-01-28,,active,4,49
SUB04985,ACC04985,PLN_GROWTH,2025-01-28,,active,12,199
SUB04986,ACC04986,PLN_SCALE,2025-01-28,2025-03-13,cancelled,81,799
SUB04987,ACC04987,PLN_ENTERPRISE,2025-01-29,2025-03-20,cancelled,327,2499
SUB04988,ACC04988,PLN_GROWTH,2025-01-29,2025-06-14,cancelled,14,199
SUB04989,ACC04989,PLN_ENTERPRISE,2025-01-29,2025-11-26,cancelled,547,2499
SUB04990,ACC04990,PLN_STARTER,2025-01-29,2025-12-24,cancelled,6,49
SUB04991,ACC04991,PLN_GROWTH,2025-01-29,2025-02-14,cancelled,21,199
SUB04992,ACC04992,PLN_STARTER,2025-01-29,2025-02-27,cancelled,3,49
SUB04993,ACC04993,PLN_SCALE,2025-01-29,,active,63,799
SUB04994,ACC04994,PLN_GROWTH,2025-01-29,2025-06-02,cancelled,21,199
SUB04995,ACC04995,PLN_ENTERPRISE,2025-01-30,,active,512,2499
SUB04996,ACC04996,PLN_GROWTH,2025-01-30,2025-02-07,cancelled,23,199
SUB04997,ACC04997,PLN_STARTER,2025-01-30,2025-04-27,cancelled,5,49
SUB04998,ACC04998,PLN_STARTER,2025-01-31,2025-09-09,cancelled,3,49
SUB04999,ACC04999,PLN_STARTER,2025-01-31,2025-08-25,cancelled,5,49
SUB05000,ACC05000,PLN_GROWTH,2025-01-31,2025-06-26,cancelled,14,199
SUB05001,ACC05001,PLN_GROWTH,2025-01-31,2025-08-06,cancelled,22,199
SUB05002,ACC05002,PLN_GROWTH,2025-01-31,2025-03-24,cancelled,21,199
SUB05003,ACC05003,PLN_SCALE,2025-01-31,,active,60,799
SUB05004,ACC05004,PLN_GROWTH,2025-01-31,,active,17,199
SUB05005,ACC05005,PLN_GROWTH,2025-02-01,2025-07-12,cancelled,13,199
SUB05006,ACC05006,PLN_ENTERPRISE,2025-02-01,,active,431,2499
SUB05007,ACC05007,PLN_GROWTH,2025-02-01,2025-07-25,cancelled,20,199
SUB05008,ACC05008,PLN_GROWTH,2025-02-02,,active,13,199
SUB05009,ACC05009,PLN_SCALE,2025-02-02,,active,85,799
SUB05010,ACC05010,PLN_ENTERPRISE,2025-02-02,,active,347,2499
SUB05011,ACC05011,PLN_SCALE,2025-02-02,2025-08-08,cancelled,87,799
SUB05012,ACC05012,PLN_STARTER,2025-02-02,2025-10-16,cancelled,4,49
SUB05013,ACC05013,PLN_GROWTH,2025-02-03,,active,21,199
SUB05014,ACC05014,PLN_GROWTH,2025-02-03,2025-09-07,cancelled,14,199
SUB05015,ACC05015,PLN_SCALE,2025-02-03,2025-12-10,cancelled,103,799
SUB05016,ACC05016,PLN_SCALE,2025-02-03,2025-07-02,cancelled,93,799
SUB05017,ACC05017,PLN_STARTER,2025-02-03,,active,5,49
SUB05018,ACC05018,PLN_ENTERPRISE,2025-02-04,2025-12-04,cancelled,483,2499
SUB05019,ACC05019,PLN_ENTERPRISE,2025-02-04,,active,539,2499
SUB05020,ACC05020,PLN_STARTER,2025-02-04,,active,6,49
SUB05021,ACC05021,PLN_ENTERPRISE,2025-02-05,,active,486,2499
SUB05022,ACC05022,PLN_STARTER,2025-02-05,2025-06-14,cancelled,6,49
SUB05023,ACC05023,PLN_STARTER,2025-02-05,,active,3,49
SUB05024,ACC05024,PLN_GROWTH,2025-02-05,2025-11-09,cancelled,20,199
SUB05025,ACC05025,PLN_SCALE,2025-02-06,2025-10-15,cancelled,77,799
SUB05026,ACC05026,PLN_GROWTH,2025-02-06,2025-06-27,cancelled,12,199
SUB05027,ACC05027,PLN_SCALE,2025-02-06,2025-07-05,cancelled,89,799
SUB05028,ACC05028,PLN_STARTER,2025-02-06,2025-09-22,cancelled,5,49
SUB05029,ACC05029,PLN_GROWTH,2025-02-06,2025-06-10,cancelled,19,199
SUB05030,ACC05030,PLN_GROWTH,2025-02-07,2025-07-19,cancelled,17,199
SUB05031,ACC05031,PLN_STARTER,2025-02-07,2025-07-27,cancelled,3,49
SUB05032,ACC05032,PLN_SCALE,2025-02-07,2025-12-22,cancelled,110,799
SUB05033,ACC05033,PLN_SCALE,2025-02-07,,active,114,799
SUB05034,ACC05034,PLN_STARTER,2025-02-08,2025-11-24,cancelled,5,49
SUB05035,ACC05035,PLN_STARTER,2025-02-08,2025-06-09,cancelled,5,49
SUB05036,ACC05036,PLN_STARTER,2025-02-08,2025-04-05,cancelled,5,49
SUB05037,ACC05037,PLN_STARTER,2025-02-08,2025-04-10,cancelled,3,49
SUB05038,ACC05038,PLN_SCALE,2025-02-08,2025-07-15,cancelled,76,799
SUB05039,ACC05039,PLN_GROWTH,2025-02-08,,active,20,199
SUB05040,ACC05040,PLN_STARTER,2025-02-08,2025-07-23,cancelled,5,49
SUB05041,ACC05041,PLN_GROWTH,2025-02-08,2025-04-02,cancelled,20,199
SUB05042,ACC05042,PLN_STARTER,2025-02-08,2025-04-07,cancelled,3,49
SUB05043,ACC05043,PLN_STARTER,2025-02-09,2025-11-26,cancelled,5,49
SUB05044,ACC05044,PLN_GROWTH,2025-02-09,2025-07-27,cancelled,22,199
SUB05045,ACC05045,PLN_ENTERPRISE,2025-02-09,,active,438,2499
SUB05046,ACC05046,PLN_GROWTH,2025-02-09,,active,19,199
SUB05047,ACC05047,PLN_SCALE,2025-02-09,,active,69,799
SUB05048,ACC05048,PLN_GROWTH,2025-02-09,,active,21,199
SUB05049,ACC05049,PLN_GROWTH,2025-02-10,,active,13,199
SUB05050,ACC05050,PLN_GROWTH,2025-02-10,2025-12-18,cancelled,21,199
SUB05051,ACC05051,PLN_STARTER,2025-02-10,2025-05-13,cancelled,4,49
SUB05052,ACC05052,PLN_STARTER,2025-02-10,,active,4,49
SUB05053,ACC05053,PLN_ENTERPRISE,2025-02-10,,active,424,2499
SUB05054,ACC05054,PLN_GROWTH,2025-02-11,2025-06-26,cancelled,13,199
SUB05055,ACC05055,PLN_STARTER,2025-02-11,,active,4,49
SUB05056,ACC05056,PLN_SCALE,2025-02-11,2025-11-14,cancelled,62,799
SUB05057,ACC05057,PLN_GROWTH,2025-02-11,2025-06-02,cancelled,16,199
SUB05058,ACC05058,PLN_GROWTH,2025-02-11,2025-05-01,cancelled,21,199
SUB05059,ACC05059,PLN_GROWTH,2025-02-11,2025-09-24,cancelled,13,199
SUB05060,ACC05060,PLN_GROWTH,2025-02-12,,active,21,199
SUB05061,ACC05061,PLN_ENTERPRISE,2025-02-12,2025-04-02,cancelled,325,2499
SUB05062,ACC05062,PLN_STARTER,2025-02-12,,active,5,49
SUB05063,ACC05063,PLN_STARTER,2025-02-12,2025-05-27,cancelled,3,49
SUB05064,ACC05064,PLN_STARTER,2025-02-13,,active,3,49
SUB05065,ACC05065,PLN_GROWTH,2025-02-13,,active,13,199
SUB05066,ACC05066,PLN_ENTERPRISE,2025-02-13,,active,459,2499
SUB05067,ACC05067,PLN_GROWTH,2025-02-13,2025-09-02,cancelled,19,199
SUB05068,ACC05068,PLN_STARTER,2025-02-14,,active,4,49
SUB05069,ACC05069,PLN_GROWTH,2025-02-14,2025-07-05,cancelled,15,199
SUB05070,ACC05070,PLN_GROWTH,2025-02-14,2025-10-06,cancelled,21,199
SUB05071,ACC05071,PLN_GROWTH,2025-02-14,,active,14,199
SUB05072,ACC05072,PLN_SCALE,2025-02-14,2025-05-23,cancelled,113,799
SUB05073,ACC05073,PLN_STARTER,2025-02-14,2025-07-25,cancelled,3,49
SUB05074,ACC05074,PLN_GROWTH,2025-02-15,2025-07-04,cancelled,23,199
SUB05075,ACC05075,PLN_STARTER,2025-02-15,2025-04-01,cancelled,5,49
SUB05076,ACC05076,PLN_GROWTH,2025-02-15,2025-12-12,cancelled,14,199
SUB05077,ACC05077,PLN_SCALE,2025-02-15,2025-05-13,cancelled,72,799
SUB05078,ACC05078,PLN_SCALE,2025-02-15,2025-08-22,cancelled,87,799
SUB05079,ACC05079,PLN_STARTER,2025-02-15,2025-04-01,cancelled,5,49
SUB05080,ACC05080,PLN_ENTERPRISE,2025-02-15,2025-07-04,cancelled,516,2499
SUB05081,ACC05081,PLN_STARTER,2025-02-15,,active,3,49
SUB05082,ACC05082,PLN_STARTER,2025-02-15,2025-08-13,cancelled,5,49
SUB05083,ACC05083,PLN_GROWTH,2025-02-15,2025-05-25,cancelled,20,199
SUB05084,ACC05084,PLN_STARTER,2025-02-15,2025-04-27,cancelled,5,49
SUB05085,ACC05085,PLN_SCALE,2025-02-16,,active,79,799
SUB05086,ACC05086,PLN_STARTER,2025-02-16,2025-03-18,cancelled,4,49
SUB05087,ACC05087,PLN_STARTER,2025-02-16,2025-09-02,cancelled,5,49
SUB05088,ACC05088,PLN_SCALE,2025-02-16,,active,68,799
SUB05089,ACC05089,PLN_GROWTH,2025-02-16,2025-04-07,cancelled,15,199
SUB05090,ACC05090,PLN_SCALE,2025-02-16,,active,99,799
SUB05091,ACC05091,PLN_STARTER,2025-02-16,2025-12-16,cancelled,6,49
SUB05092,ACC05092,PLN_STARTER,2025-02-16,,active,4,49
SUB05093,ACC05093,PLN_STARTER,2025-02-16,2025-04-23,cancelled,4,49
SUB05094,ACC05094,PLN_GROWTH,2025-02-17,,active,16,199
SUB05095,ACC05095,PLN_SCALE,2025-02-17,,active,88,799
SUB05096,ACC05096,PLN_GROWTH,2025-02-17,2025-12-09,cancelled,13,199
SUB05097,ACC05097,PLN_SCALE,2025-02-17,,active,62,799
SUB05098,ACC05098,PLN_STARTER,2025-02-17,,active,5,49
SUB05099,ACC05099,PLN_ENTERPRISE,2025-02-17,2025-07-07,cancelled,403,2499
SUB05100,ACC05100,PLN_ENTERPRISE,2025-02-17,2025-09-26,cancelled,418,2499
SUB05101,ACC05101,PLN_GROWTH,2025-02-17,2025-05-19,cancelled,15,199
SUB05102,ACC05102,PLN_SCALE,2025-02-18,2025-07-17,cancelled,71,799
SUB05103,ACC05103,PLN_STARTER,2025-02-18,2025-09-05,cancelled,5,49
SUB05104,ACC05104,PLN_ENTERPRISE,2025-02-18,2025-03-08,cancelled,383,2499
SUB05105,ACC05105,PLN_STARTER,2025-02-18,2025-03-15,cancelled,5,49
SUB05106,ACC05106,PLN_GROWTH,2025-02-18,2025-03-01,cancelled,13,199
SUB05107,ACC05107,PLN_STARTER,2025-02-19,2025-03-18,cancelled,4,49
SUB05108,ACC05108,PLN_STARTER,2025-02-19,2025-09-17,cancelled,5,49
SUB05109,ACC05109,PLN_STARTER,2025-02-19,,active,5,49
SUB05110,ACC05110,PLN_GROWTH,2025-02-19,2025-04-05,cancelled,21,199
SUB05111,ACC05111,PLN_GROWTH,2025-02-20,2025-03-06,cancelled,18,199
SUB05112,ACC05112,PLN_GROWTH,2025-02-20,,active,16,199
SUB05113,ACC05113,PLN_ENTERPRISE,2025-02-20,2025-05-07,cancelled,549,2499
SUB05114,ACC05114,PLN_STARTER,2025-02-20,2025-04-05,cancelled,5,49
SUB05115,ACC05115,PLN_SCALE,2025-02-20,2025-12-06,cancelled,87,799
SUB05116,ACC05116,PLN_STARTER,2025-02-21,2025-03-21,cancelled,3,49
SUB05117,ACC05117,PLN_STARTER,2025-02-21,2025-03-24,cancelled,3,49
SUB05118,ACC05118,PLN_SCALE,2025-02-21,,active,62,799
SUB05119,ACC05119,PLN_STARTER,2025-02-21,,active,3,49
SUB05120,ACC05120,PLN_SCALE,2025-02-21,,active,62,799
SUB05121,ACC05121,PLN_GROWTH,2025-02-21,,active,13,199
SUB05122,ACC05122,PLN_STARTER,2025-02-21,,active,6,49
SUB05123,ACC05123,PLN_STARTER,2025-02-21,,active,3,49
SUB05124,ACC05124,PLN_STARTER,2025-02-21,2025-07-04,cancelled,4,49
SUB05125,ACC05125,PLN_GROWTH,2025-02-21,2025-11-01,cancelled,13,199
SUB05126,ACC05126,PLN_ENTERPRISE,2025-02-21,2025-05-02,cancelled,442,2499
SUB05127,ACC05127,PLN_GROWTH,2025-02-21,2025-10-09,cancelled,15,199
SUB05128,ACC05128,PLN_GROWTH,2025-02-21,,active,15,199
SUB05129,ACC05129,PLN_GROWTH,2025-02-22,,active,13,199
SUB05130,ACC05130,PLN_STARTER,2025-02-22,,active,3,49
SUB05131,ACC05131,PLN_SCALE,2025-02-22,2025-11-27,cancelled,98,799
SUB05132,ACC05132,PLN_SCALE,2025-02-22,,active,90,799
SUB05133,ACC05133,PLN_GROWTH,2025-02-22,2025-09-25,cancelled,22,199
SUB05134,ACC05134,PLN_SCALE,2025-02-22,2025-04-02,cancelled,88,799
SUB05135,ACC05135,PLN_SCALE,2025-02-22,2025-05-20,cancelled,87,799
SUB05136,ACC05136,PLN_GROWTH,2025-02-22,2025-07-11,cancelled,22,199
SUB05137,ACC05137,PLN_GROWTH,2025-02-22,2025-07-07,cancelled,16,199
SUB05138,ACC05138,PLN_GROWTH,2025-02-22,2025-07-11,cancelled,17,199
SUB05139,ACC05139,PLN_GROWTH,2025-02-22,2025-05-19,cancelled,18,199
SUB05140,ACC05140,PLN_STARTER,2025-02-23,2025-05-25,cancelled,4,49
SUB05141,ACC05141,PLN_SCALE,2025-02-23,2025-07-08,cancelled,109,799
SUB05142,ACC05142,PLN_STARTER,2025-02-23,2025-08-23,cancelled,5,49
SUB05143,ACC05143,PLN_SCALE,2025-02-23,2025-09-24,cancelled,108,799
SUB05144,ACC05144,PLN_STARTER,2025-02-23,2025-07-16,cancelled,3,49
SUB05145,ACC05145,PLN_STARTER,2025-02-23,2025-05-04,cancelled,3,49
SUB05146,ACC05146,PLN_SCALE,2025-02-24,,active,79,799
SUB05147,ACC05147,PLN_SCALE,2025-02-24,2025-05-24,cancelled,64,799
SUB05148,ACC05148,PLN_ENTERPRISE,2025-02-24,2025-11-22,cancelled,548,2499
SUB05149,ACC05149,PLN_GROWTH,2025-02-24,,active,17,199
SUB05150,ACC05150,PLN_SCALE,2025-02-24,,active,103,799
SUB05151,ACC05151,PLN_STARTER,2025-02-24,2025-06-09,cancelled,4,49
SUB05152,ACC05152,PLN_STARTER,2025-02-24,2025-04-05,cancelled,4,49
SUB05153,ACC05153,PLN_STARTER,2025-02-24,2025-05-27,cancelled,5,49
SUB05154,ACC05154,PLN_SCALE,2025-02-24,2025-04-22,cancelled,95,799
SUB05155,ACC05155,PLN_SCALE,2025-02-25,,active,111,799
SUB05156,ACC05156,PLN_SCALE,2025-02-25,,active,97,799
SUB05157,ACC05157,PLN_GROWTH,2025-02-25,2025-07-09,cancelled,15,199
SUB05158,ACC05158,PLN_STARTER,2025-02-25,2025-03-06,cancelled,5,49
SUB05159,ACC05159,PLN_STARTER,2025-02-25,,active,5,49
SUB05160,ACC05160,PLN_STARTER,2025-02-26,2025-06-01,cancelled,4,49
SUB05161,ACC05161,PLN_SCALE,2025-02-26,,active,98,799
SUB05162,ACC05162,PLN_STARTER,2025-02-26,,active,4,49
SUB05163,ACC05163,PLN_STARTER,2025-02-26,2025-05-27,cancelled,4,49
SUB05164,ACC05164,PLN_GROWTH,2025-02-26,,active,21,199
SUB05165,ACC05165,PLN_GROWTH,2025-02-26,2025-09-15,cancelled,19,199
SUB05166,ACC05166,PLN_ENTERPRISE,2025-02-26,,active,348,2499
SUB05167,ACC05167,PLN_SCALE,2025-02-26,2025-08-21,cancelled,108,799
SUB05168,ACC05168,PLN_STARTER,2025-02-27,2025-06-09,cancelled,6,49
SUB05169,ACC05169,PLN_SCALE,2025-02-27,2025-07-11,cancelled,81,799
SUB05170,ACC05170,PLN_STARTER,2025-02-27,2025-12-23,cancelled,5,49
SUB05171,ACC05171,PLN_SCALE,2025-02-27,,active,99,799
SUB05172,ACC05172,PLN_SCALE,2025-02-27,,active,72,799
SUB05173,ACC05173,PLN_GROWTH,2025-02-27,2025-08-17,cancelled,20,199
SUB05174,ACC05174,PLN_SCALE,2025-02-27,,active,101,799
SUB05175,ACC05175,PLN_SCALE,2025-02-28,2025-04-28,cancelled,108,799
SUB05176,ACC05176,PLN_STARTER,2025-02-28,,active,4,49
SUB05177,ACC05177,PLN_STARTER,2025-02-28,2025-06-06,cancelled,5,49
SUB05178,ACC05178,PLN_ENTERPRISE,2025-02-28,,active,521,2499
SUB05179,ACC05179,PLN_GROWTH,2025-02-28,2025-05-19,cancelled,17,199
SUB05180,ACC05180,PLN_STARTER,2025-03-01,2025-06-12,cancelled,5,49
SUB05181,ACC05181,PLN_GROWTH,2025-03-01,,active,20,199
SUB05182,ACC05182,PLN_STARTER,2025-03-01,,active,3,49
SUB05183,ACC05183,PLN_GROWTH,2025-03-01,,active,21,199
SUB05184,ACC05184,PLN_GROWTH,2025-03-01,2025-07-27,cancelled,20,199
SUB05185,ACC05185,PLN_GROWTH,2025-03-02,2025-07-04,cancelled,18,199
SUB05186,ACC05186,PLN_ENTERPRISE,2025-03-02,2025-05-04,cancelled,527,2499
SUB05187,ACC05187,PLN_SCALE,2025-03-02,,active,93,799
SUB05188,ACC05188,PLN_STARTER,2025-03-02,,active,6,49
SUB05189,ACC05189,PLN_ENTERPRISE,2025-03-02,2025-09-18,cancelled,414,2499
SUB05190,ACC05190,PLN_SCALE,2025-03-02,2025-06-17,cancelled,91,799
SUB05191,ACC05191,PLN_SCALE,2025-03-03,2025-12-17,cancelled,96,799
SUB05192,ACC05192,PLN_STARTER,2025-03-03,2025-05-08,cancelled,4,49
SUB05193,ACC05193,PLN_STARTER,2025-03-03,,active,3,49
SUB05194,ACC05194,PLN_GROWTH,2025-03-03,2025-10-24,cancelled,16,199
SUB05195,ACC05195,PLN_STARTER,2025-03-03,2025-09-21,cancelled,4,49
SUB05196,ACC05196,PLN_SCALE,2025-03-03,2025-06-14,cancelled,77,799
SUB05197,ACC05197,PLN_GROWTH,2025-03-04,,active,20,199
SUB05198,ACC05198,PLN_GROWTH,2025-03-04,2025-09-23,cancelled,13,199
SUB05199,ACC05199,PLN_SCALE,2025-03-04,2025-12-17,cancelled,78,799
SUB05200,ACC05200,PLN_ENTERPRISE,2025-03-04,2025-07-20,cancelled,370,2499
SUB05201,ACC05201,PLN_STARTER,2025-03-05,2025-11-26,cancelled,3,49
SUB05202,ACC05202,PLN_ENTERPRISE,2025-03-05,2025-10-14,cancelled,388,2499
SUB05203,ACC05203,PLN_STARTER,2025-03-05,,active,4,49
SUB05204,ACC05204,PLN_STARTER,2025-03-05,2025-07-15,cancelled,3,49
SUB05205,ACC05205,PLN_GROWTH,2025-03-06,2025-11-07,cancelled,15,199
SUB05206,ACC05206,PLN_GROWTH,2025-03-06,2025-06-02,cancelled,14,199
SUB05207,ACC05207,PLN_STARTER,2025-03-06,2025-05-23,cancelled,6,49
SUB05208,ACC05208,PLN_SCALE,2025-03-06,2025-12-18,cancelled,99,799
SUB05209,ACC05209,PLN_SCALE,2025-03-06,2025-06-13,cancelled,72,799
SUB05210,ACC05210,PLN_SCALE,2025-03-06,2025-05-04,cancelled,89,799
SUB05211,ACC05211,PLN_SCALE,2025-03-06,2025-07-09,cancelled,71,799
SUB05212,ACC05212,PLN_SCALE,2025-03-06,2025-10-27,cancelled,70,799
SUB05213,ACC05213,PLN_STARTER,2025-03-06,2025-11-12,cancelled,6,49
SUB05214,ACC05214,PLN_ENTERPRISE,2025-03-06,2025-12-19,cancelled,349,2499
SUB05215,ACC05215,PLN_GROWTH,2025-03-06,,active,21,199
SUB05216,ACC05216,PLN_STARTER,2025-03-07,,active,5,49
SUB05217,ACC05217,PLN_SCALE,2025-03-07,2025-12-13,cancelled,80,799
SUB05218,ACC05218,PLN_GROWTH,2025-03-07,2025-08-12,cancelled,16,199
SUB05219,ACC05219,PLN_STARTER,2025-03-07,2025-08-01,cancelled,4,49
SUB05220,ACC05220,PLN_SCALE,2025-03-07,2025-05-05,cancelled,107,799
SUB05221,ACC05221,PLN_STARTER,2025-03-07,,active,3,49
SUB05222,ACC05222,PLN_GROWTH,2025-03-08,2025-04-06,cancelled,17,199
SUB05223,ACC05223,PLN_GROWTH,2025-03-08,,active,22,199
SUB05224,ACC05224,PLN_STARTER,2025-03-08,2025-06-13,cancelled,4,49
SUB05225,ACC05225,PLN_GROWTH,2025-03-08,2025-05-07,cancelled,12,199
SUB05226,ACC05226,PLN_STARTER,2025-03-08,,active,3,49
SUB05227,ACC05227,PLN_STARTER,2025-03-09,2025-06-27,cancelled,4,49
SUB05228,ACC05228,PLN_STARTER,2025-03-09,2025-09-28,cancelled,4,49
SUB05229,ACC05229,PLN_STARTER,2025-03-09,2025-12-12,cancelled,3,49
SUB05230,ACC05230,PLN_ENTERPRISE,2025-03-09,,active,459,2499
SUB05231,ACC05231,PLN_GROWTH,2025-03-09,2025-06-06,cancelled,15,199
SUB05232,ACC05232,PLN_GROWTH,2025-03-09,2025-06-22,cancelled,22,199
SUB05233,ACC05233,PLN_STARTER,2025-03-10,2025-12-17,cancelled,5,49
SUB05234,ACC05234,PLN_GROWTH,2025-03-10,2025-06-17,cancelled,22,199
SUB05235,ACC05235,PLN_GROWTH,2025-03-10,2025-07-28,cancelled,15,199
SUB05236,ACC05236,PLN_GROWTH,2025-03-10,,active,20,199
SUB05237,ACC05237,PLN_SCALE,2025-03-10,2025-04-17,cancelled,78,799
SUB05238,ACC05238,PLN_STARTER,2025-03-10,2025-10-12,cancelled,3,49
SUB05239,ACC05239,PLN_SCALE,2025-03-10,2025-12-03,cancelled,112,799
SUB05240,ACC05240,PLN_GROWTH,2025-03-10,2025-07-23,cancelled,21,199
SUB05241,ACC05241,PLN_GROWTH,2025-03-10,,active,12,199
SUB05242,ACC05242,PLN_STARTER,2025-03-11,2025-07-14,cancelled,3,49
SUB05243,ACC05243,PLN_STARTER,2025-03-11,,active,4,49
SUB05244,ACC05244,PLN_ENTERPRISE,2025-03-11,,active,498,2499
SUB05245,ACC05245,PLN_SCALE,2025-03-11,,active,100,799
SUB05246,ACC05246,PLN_STARTER,2025-03-11,2025-08-07,cancelled,4,49
SUB05247,ACC05247,PLN_STARTER,2025-03-11,2025-07-18,cancelled,4,49
SUB05248,ACC05248,PLN_STARTER,2025-03-11,2025-07-17,cancelled,4,49
SUB05249,ACC05249,PLN_STARTER,2025-03-11,,active,4,49
SUB05250,ACC05250,PLN_STARTER,2025-03-12,2025-06-13,cancelled,5,49
SUB05251,ACC05251,PLN_SCALE,2025-03-12,,active,63,799
SUB05252,ACC05252,PLN_GROWTH,2025-03-12,2025-09-02,cancelled,13,199
SUB05253,ACC05253,PLN_STARTER,2025-03-13,,active,4,49
SUB05254,ACC05254,PLN_ENTERPRISE,2025-03-13,,active,554,2499
SUB05255,ACC05255,PLN_GROWTH,2025-03-13,2025-07-03,cancelled,17,199
SUB05256,ACC05256,PLN_STARTER,2025-03-13,2025-09-18,cancelled,6,49
SUB05257,ACC05257,PLN_SCALE,2025-03-13,,active,99,799
SUB05258,ACC05258,PLN_STARTER,2025-03-13,2025-05-07,cancelled,3,49
SUB05259,ACC05259,PLN_GROWTH,2025-03-13,2025-12-17,cancelled,15,199
SUB05260,ACC05260,PLN_STARTER,2025-03-14,2025-07-26,cancelled,5,49
SUB05261,ACC05261,PLN_ENTERPRISE,2025-03-14,2025-09-13,cancelled,495,2499
SUB05262,ACC05262,PLN_STARTER,2025-03-14,2025-04-27,cancelled,4,49
SUB05263,ACC05263,PLN_GROWTH,2025-03-14,2025-07-27,cancelled,23,199
SUB05264,ACC05264,PLN_SCALE,2025-03-14,,active,111,799
SUB05265,ACC05265,PLN_STARTER,2025-03-15,2025-07-12,cancelled,3,49
SUB05266,ACC05266,PLN_STARTER,2025-03-15,2025-10-11,cancelled,4,49
SUB05267,ACC05267,PLN_STARTER,2025-03-15,2025-11-16,cancelled,6,49
SUB05268,ACC05268,PLN_GROWTH,2025-03-15,,active,22,199
SUB05269,ACC05269,PLN_SCALE,2025-03-15,2025-08-07,cancelled,71,799
SUB05270,ACC05270,PLN_GROWTH,2025-03-15,2025-06-20,cancelled,19,199
SUB05271,ACC05271,PLN_STARTER,2025-03-16,,active,5,49
SUB05272,ACC05272,PLN_SCALE,2025-03-16,2025-06-07,cancelled,113,799
SUB05273,ACC05273,PLN_GROWTH,2025-03-16,2025-12-17,cancelled,22,199
SUB05274,ACC05274,PLN_ENTERPRISE,2025-03-16,,active,549,2499
SUB05275,ACC05275,PLN_STARTER,2025-03-16,2025-06-09,cancelled,4,49
SUB05276,ACC05276,PLN_ENTERPRISE,2025-03-17,,active,389,2499
SUB05277,ACC05277,PLN_ENTERPRISE,2025-03-17,2025-10-22,cancelled,337,2499
SUB05278,ACC05278,PLN_ENTERPRISE,2025-03-17,2025-04-18,cancelled,449,2499
SUB05279,ACC05279,PLN_GROWTH,2025-03-17,,active,18,199
SUB05280,ACC05280,PLN_STARTER,2025-03-17,2025-09-27,cancelled,4,49
SUB05281,ACC05281,PLN_GROWTH,2025-03-18,,active,16,199
SUB05282,ACC05282,PLN_GROWTH,2025-03-18,2025-09-21,cancelled,13,199
SUB05283,ACC05283,PLN_STARTER,2025-03-18,2025-12-06,cancelled,5,49
SUB05284,ACC05284,PLN_STARTER,2025-03-18,2025-12-08,cancelled,5,49
SUB05285,ACC05285,PLN_GROWTH,2025-03-18,,active,15,199
SUB05286,ACC05286,PLN_STARTER,2025-03-18,2025-09-12,cancelled,5,49
SUB05287,ACC05287,PLN_GROWTH,2025-03-18,2025-06-23,cancelled,19,199
SUB05288,ACC05288,PLN_SCALE,2025-03-19,2025-12-24,cancelled,82,799
SUB05289,ACC05289,PLN_ENTERPRISE,2025-03-19,2025-07-09,cancelled,314,2499
SUB05290,ACC05290,PLN_SCALE,2025-03-19,2025-07-05,cancelled,92,799
SUB05291,ACC05291,PLN_STARTER,2025-03-19,2025-08-12,cancelled,5,49
SUB05292,ACC05292,PLN_ENTERPRISE,2025-03-19,2025-10-13,cancelled,320,2499
SUB05293,ACC05293,PLN_GROWTH,2025-03-20,,active,20,199
SUB05294,ACC05294,PLN_GROWTH,2025-03-20,2025-04-16,cancelled,21,199
SUB05295,ACC05295,PLN_SCALE,2025-03-20,,active,71,799
SUB05296,ACC05296,PLN_STARTER,2025-03-20,,active,6,49
SUB05297,ACC05297,PLN_STARTER,2025-03-20,2025-04-02,cancelled,4,49
SUB05298,ACC05298,PLN_STARTER,2025-03-20,,active,6,49
SUB05299,ACC05299,PLN_STARTER,2025-03-20,2025-04-14,cancelled,5,49
SUB05300,ACC05300,PLN_SCALE,2025-03-21,2025-05-03,cancelled,112,799
SUB05301,ACC05301,PLN_GROWTH,2025-03-21,,active,17,199
SUB05302,ACC05302,PLN_GROWTH,2025-03-21,2025-07-16,cancelled,14,199
SUB05303,ACC05303,PLN_SCALE,2025-03-21,2025-08-07,cancelled,109,799
SUB05304,ACC05304,PLN_STARTER,2025-03-21,2025-04-02,cancelled,5,49
SUB05305,ACC05305,PLN_STARTER,2025-03-21,2025-06-21,cancelled,4,49
SUB05306,ACC05306,PLN_STARTER,2025-03-22,2025-05-19,cancelled,4,49
SUB05307,ACC05307,PLN_GROWTH,2025-03-22,,active,18,199
SUB05308,ACC05308,PLN_GROWTH,2025-03-22,,active,17,199
SUB05309,ACC05309,PLN_STARTER,2025-03-22,,active,4,49
SUB05310,ACC05310,PLN_GROWTH,2025-03-22,2025-05-14,cancelled,17,199
SUB05311,ACC05311,PLN_ENTERPRISE,2025-03-22,2025-08-08,cancelled,492,2499
SUB05312,ACC05312,PLN_GROWTH,2025-03-22,2025-07-07,cancelled,15,199
SUB05313,ACC05313,PLN_STARTER,2025-03-22,2025-12-14,cancelled,3,49
SUB05314,ACC05314,PLN_STARTER,2025-03-22,,active,4,49
SUB05315,ACC05315,PLN_STARTER,2025-03-23,,active,4,49
SUB05316,ACC05316,PLN_GROWTH,2025-03-23,2025-07-01,cancelled,18,199
SUB05317,ACC05317,PLN_GROWTH,2025-03-23,,active,19,199
SUB05318,ACC05318,PLN_STARTER,2025-03-23,2025-10-23,cancelled,4,49
SUB05319,ACC05319,PLN_STARTER,2025-03-23,2025-09-09,cancelled,4,49
SUB05320,ACC05320,PLN_STARTER,2025-03-23,,active,4,49
SUB05321,ACC05321,PLN_SCALE,2025-03-23,,active,106,799
SUB05322,ACC05322,PLN_STARTER,2025-03-23,,active,6,49
SUB05323,ACC05323,PLN_GROWTH,2025-03-24,,active,18,199
SUB05324,ACC05324,PLN_SCALE,2025-03-24,2025-04-20,cancelled,81,799
SUB05325,ACC05325,PLN_GROWTH,2025-03-24,2025-05-01,cancelled,19,199
SUB05326,ACC05326,PLN_STARTER,2025-03-24,2025-10-10,cancelled,3,49
SUB05327,ACC05327,PLN_STARTER,2025-03-24,2025-05-05,cancelled,5,49
SUB05328,ACC05328,PLN_STARTER,2025-03-24,2025-10-11,cancelled,4,49
SUB05329,ACC05329,PLN_GROWTH,2025-03-25,2025-08-07,cancelled,16,199
SUB05330,ACC05330,PLN_GROWTH,2025-03-25,2025-05-19,cancelled,14,199
SUB05331,ACC05331,PLN_ENTERPRISE,2025-03-25,,active,418,2499
SUB05332,ACC05332,PLN_GROWTH,2025-03-25,,active,23,199
SUB05333,ACC05333,PLN_GROWTH,2025-03-25,,active,20,199
SUB05334,ACC05334,PLN_GROWTH,2025-03-25,2025-12-23,cancelled,12,199
SUB05335,ACC05335,PLN_STARTER,2025-03-25,2025-04-12,cancelled,5,49
SUB05336,ACC05336,PLN_STARTER,2025-03-25,,active,5,49
SUB05337,ACC05337,PLN_GROWTH,2025-03-25,,active,12,199
SUB05338,ACC05338,PLN_STARTER,2025-03-26,2025-05-25,cancelled,5,49
SUB05339,ACC05339,PLN_SCALE,2025-03-26,2025-08-12,cancelled,112,799
SUB05340,ACC05340,PLN_SCALE,2025-03-27,2025-10-03,cancelled,99,799
SUB05341,ACC05341,PLN_SCALE,2025-03-27,2025-12-20,cancelled,62,799
SUB05342,ACC05342,PLN_GROWTH,2025-03-27,,active,14,199
SUB05343,ACC05343,PLN_STARTER,2025-03-27,,active,4,49
SUB05344,ACC05344,PLN_STARTER,2025-03-27,2025-07-10,cancelled,4,49
SUB05345,ACC05345,PLN_STARTER,2025-03-27,2025-09-18,cancelled,5,49
SUB05346,ACC05346,PLN_STARTER,2025-03-27,2025-08-05,cancelled,4,49
SUB05347,ACC05347,PLN_STARTER,2025-03-27,,active,5,49
SUB05348,ACC05348,PLN_STARTER,2025-03-27,2025-10-06,cancelled,4,49
SUB05349,ACC05349,PLN_STARTER,2025-03-27,2025-06-11,cancelled,4,49
SUB05350,ACC05350,PLN_GROWTH,2025-03-28,2025-12-10,cancelled,17,199
SUB05351,ACC05351,PLN_GROWTH,2025-03-28,2025-09-27,cancelled,14,199
SUB05352,ACC05352,PLN_STARTER,2025-03-28,2025-05-08,cancelled,5,49
SUB05353,ACC05353,PLN_STARTER,2025-03-28,2025-09-19,cancelled,5,49
SUB05354,ACC05354,PLN_GROWTH,2025-03-28,2025-05-20,cancelled,20,199
SUB05355,ACC05355,PLN_GROWTH,2025-03-28,2025-06-15,cancelled,17,199
SUB05356,ACC05356,PLN_GROWTH,2025-03-28,,active,12,199
SUB05357,ACC05357,PLN_ENTERPRISE,2025-03-28,,active,472,2499
SUB05358,ACC05358,PLN_STARTER,2025-03-29,2025-11-13,cancelled,5,49
SUB05359,ACC05359,PLN_STARTER,2025-03-29,,active,3,49
SUB05360,ACC05360,PLN_GROWTH,2025-03-29,2025-09-02,cancelled,20,199
SUB05361,ACC05361,PLN_GROWTH,2025-03-29,,active,13,199
SUB05362,ACC05362,PLN_ENTERPRISE,2025-03-29,,active,436,2499
SUB05363,ACC05363,PLN_GROWTH,2025-03-29,,active,12,199
SUB05364,ACC05364,PLN_SCALE,2025-03-30,2025-06-19,cancelled,85,799
SUB05365,ACC05365,PLN_STARTER,2025-03-30,,active,5,49
SUB05366,ACC05366,PLN_STARTER,2025-03-30,,active,5,49
SUB05367,ACC05367,PLN_STARTER,2025-03-30,2025-07-11,cancelled,6,49
SUB05368,ACC05368,PLN_SCALE,2025-03-30,2025-06-09,cancelled,92,799
SUB05369,ACC05369,PLN_STARTER,2025-03-30,2025-10-01,cancelled,3,49
SUB05370,ACC05370,PLN_GROWTH,2025-03-30,,active,23,199
SUB05371,ACC05371,PLN_STARTER,2025-03-30,,active,5,49
SUB05372,ACC05372,PLN_SCALE,2025-03-30,,active,78,799
SUB05373,ACC05373,PLN_SCALE,2025-03-31,,active,71,799
SUB05374,ACC05374,PLN_SCALE,2025-03-31,,active,94,799
SUB05375,ACC05375,PLN_GROWTH,2025-03-31,,active,13,199
SUB05376,ACC05376,PLN_STARTER,2025-03-31,2025-07-01,cancelled,6,49
SUB05377,ACC05377,PLN_GROWTH,2025-03-31,,active,19,199
SUB05378,ACC05378,PLN_SCALE,2025-03-31,2025-05-09,cancelled,96,799
SUB05379,ACC05379,PLN_GROWTH,2025-04-01,,active,17,199
SUB05380,ACC05380,PLN_STARTER,2025-04-01,2025-08-24,cancelled,5,49
SUB05381,ACC05381,PLN_SCALE,2025-04-01,,active,70,799
SUB05382,ACC05382,PLN_GROWTH,2025-04-01,,active,20,199
SUB05383,ACC05383,PLN_SCALE,2025-04-01,2025-08-23,cancelled,68,799
SUB05384,ACC05384,PLN_ENTERPRISE,2025-04-01,,active,332,2499
SUB05385,ACC05385,PLN_GROWTH,2025-04-01,2025-07-26,cancelled,15,199
SUB05386,ACC05386,PLN_STARTER,2025-04-02,2025-10-17,cancelled,4,49
SUB05387,ACC05387,PLN_STARTER,2025-04-02,2025-12-11,cancelled,3,49
SUB05388,ACC05388,PLN_ENTERPRISE,2025-04-02,,active,495,2499
SUB05389,ACC05389,PLN_STARTER,2025-04-02,2025-09-13,cancelled,4,49
SUB05390,ACC05390,PLN_STARTER,2025-04-02,2025-10-23,cancelled,4,49
SUB05391,ACC05391,PLN_STARTER,2025-04-03,,active,5,49
SUB05392,ACC05392,PLN_GROWTH,2025-04-03,2025-06-03,cancelled,15,199
SUB05393,ACC05393,PLN_GROWTH,2025-04-03,,active,20,199
SUB05394,ACC05394,PLN_SCALE,2025-04-03,,active,94,799
SUB05395,ACC05395,PLN_ENTERPRISE,2025-04-03,,active,306,2499
SUB05396,ACC05396,PLN_STARTER,2025-04-04,2025-06-20,cancelled,4,49
SUB05397,ACC05397,PLN_STARTER,2025-04-04,,active,5,49
SUB05398,ACC05398,PLN_GROWTH,2025-04-04,,active,17,199
SUB05399,ACC05399,PLN_SCALE,2025-04-04,,active,75,799
SUB05400,ACC05400,PLN_ENTERPRISE,2025-04-05,2025-07-14,cancelled,300,2499
SUB05401,ACC05401,PLN_GROWTH,2025-04-05,,active,17,199
SUB05402,ACC05402,PLN_SCALE,2025-04-05,,active,84,799
SUB05403,ACC05403,PLN_GROWTH,2025-04-05,2025-06-03,cancelled,14,199
SUB05404,ACC05404,PLN_GROWTH,2025-04-05,,active,16,199
SUB05405,ACC05405,PLN_SCALE,2025-04-05,2025-10-21,cancelled,81,799
SUB05406,ACC05406,PLN_STARTER,2025-04-05,2025-11-17,cancelled,4,49
SUB05407,ACC05407,PLN_GROWTH,2025-04-06,2025-08-21,cancelled,18,199
SUB05408,ACC05408,PLN_ENTERPRISE,2025-04-06,2025-06-18,cancelled,354,2499
SUB05409,ACC05409,PLN_ENTERPRISE,2025-04-06,,active,564,2499
SUB05410,ACC05410,PLN_SCALE,2025-04-06,2025-06-18,cancelled,107,799
SUB05411,ACC05411,PLN_GROWTH,2025-04-06,,active,13,199
SUB05412,ACC05412,PLN_ENTERPRISE,2025-04-06,,active,395,2499
SUB05413,ACC05413,PLN_STARTER,2025-04-07,,active,3,49
SUB05414,ACC05414,PLN_GROWTH,2025-04-07,2025-06-01,cancelled,15,199
SUB05415,ACC05415,PLN_STARTER,2025-04-07,2025-10-27,cancelled,4,49
SUB05416,ACC05416,PLN_ENTERPRISE,2025-04-07,,active,472,2499
SUB05417,ACC05417,PLN_ENTERPRISE,2025-04-07,,active,333,2499
SUB05418,ACC05418,PLN_STARTER,2025-04-07,2025-06-07,cancelled,4,49
SUB05419,ACC05419,PLN_GROWTH,2025-04-08,,active,17,199
SUB05420,ACC05420,PLN_GROWTH,2025-04-08,,active,16,199
SUB05421,ACC05421,PLN_STARTER,2025-04-08,,active,5,49
SUB05422,ACC05422,PLN_SCALE,2025-04-09,,active,82,799
SUB05423,ACC05423,PLN_STARTER,2025-04-09,2025-12-02,cancelled,5,49
SUB05424,ACC05424,PLN_GROWTH,2025-04-09,2025-05-20,cancelled,22,199
SUB05425,ACC05425,PLN_SCALE,2025-04-09,2025-07-22,cancelled,87,799
SUB05426,ACC05426,PLN_GROWTH,2025-04-09,,active,22,199
SUB05427,ACC05427,PLN_STARTER,2025-04-09,2025-05-16,cancelled,4,49
SUB05428,ACC05428,PLN_GROWTH,2025-04-09,2025-09-19,cancelled,13,199
SUB05429,ACC05429,PLN_STARTER,2025-04-10,,active,3,49
SUB05430,ACC05430,PLN_GROWTH,2025-04-10,,active,16,199
SUB05431,ACC05431,PLN_GROWTH,2025-04-10,2025-12-27,cancelled,14,199
SUB05432,ACC05432,PLN_STARTER,2025-04-10,,active,4,49
SUB05433,ACC05433,PLN_STARTER,2025-04-10,2025-12-13,cancelled,5,49
SUB05434,ACC05434,PLN_STARTER,2025-04-10,2025-06-03,cancelled,5,49
SUB05435,ACC05435,PLN_ENTERPRISE,2025-04-10,2025-08-26,cancelled,485,2499
SUB05436,ACC05436,PLN_GROWTH,2025-04-10,2025-11-14,cancelled,19,199
SUB05437,ACC05437,PLN_STARTER,2025-04-10,,active,4,49
SUB05438,ACC05438,PLN_ENTERPRISE,2025-04-10,,active,495,2499
SUB05439,ACC05439,PLN_GROWTH,2025-04-10,2025-05-02,cancelled,18,199
SUB05440,ACC05440,PLN_SCALE,2025-04-10,2025-06-04,cancelled,99,799
SUB05441,ACC05441,PLN_STARTER,2025-04-11,,active,4,49
SUB05442,ACC05442,PLN_GROWTH,2025-04-11,2025-12-09,cancelled,19,199
SUB05443,ACC05443,PLN_ENTERPRISE,2025-04-11,,active,382,2499
SUB05444,ACC05444,PLN_GROWTH,2025-04-11,2025-11-24,cancelled,21,199
SUB05445,ACC05445,PLN_ENTERPRISE,2025-04-11,,active,376,2499
SUB05446,ACC05446,PLN_ENTERPRISE,2025-04-11,2025-06-16,cancelled,518,2499
SUB05447,ACC05447,PLN_GROWTH,2025-04-11,2025-08-15,cancelled,16,199
SUB05448,ACC05448,PLN_GROWTH,2025-04-12,,active,21,199
SUB05449,ACC05449,PLN_GROWTH,2025-04-12,2025-06-26,cancelled,14,199
SUB05450,ACC05450,PLN_ENTERPRISE,2025-04-12,,active,533,2499
SUB05451,ACC05451,PLN_SCALE,2025-04-12,,active,72,799
SUB05452,ACC05452,PLN_ENTERPRISE,2025-04-12,2025-09-01,cancelled,329,2499
SUB05453,ACC05453,PLN_GROWTH,2025-04-12,,active,16,199
SUB05454,ACC05454,PLN_ENTERPRISE,2025-04-12,,active,357,2499
SUB05455,ACC05455,PLN_STARTER,2025-04-13,2025-09-12,cancelled,5,49
SUB05456,ACC05456,PLN_SCALE,2025-04-13,,active,62,799
SUB05457,ACC05457,PLN_SCALE,2025-04-13,,active,101,799
SUB05458,ACC05458,PLN_ENTERPRISE,2025-04-13,,active,419,2499
SUB05459,ACC05459,PLN_SCALE,2025-04-13,,active,61,799
SUB05460,ACC05460,PLN_ENTERPRISE,2025-04-13,,active,384,2499
SUB05461,ACC05461,PLN_ENTERPRISE,2025-04-13,2025-08-07,cancelled,495,2499
SUB05462,ACC05462,PLN_STARTER,2025-04-13,,active,4,49
SUB05463,ACC05463,PLN_STARTER,2025-04-14,,active,6,49
SUB05464,ACC05464,PLN_SCALE,2025-04-14,2025-05-14,cancelled,74,799
SUB05465,ACC05465,PLN_STARTER,2025-04-14,,active,5,49
SUB05466,ACC05466,PLN_STARTER,2025-04-14,2025-09-18,cancelled,5,49
SUB05467,ACC05467,PLN_GROWTH,2025-04-14,2025-08-28,cancelled,19,199
SUB05468,ACC05468,PLN_SCALE,2025-04-15,2025-06-05,cancelled,70,799
SUB05469,ACC05469,PLN_GROWTH,2025-04-15,2025-09-21,cancelled,14,199
SUB05470,ACC05470,PLN_GROWTH,2025-04-15,,active,20,199
SUB05471,ACC05471,PLN_GROWTH,2025-04-15,2025-10-07,cancelled,16,199
SUB05472,ACC05472,PLN_SCALE,2025-04-16,,active,92,799
SUB05473,ACC05473,PLN_ENTERPRISE,2025-04-16,2025-06-26,cancelled,388,2499
SUB05474,ACC05474,PLN_STARTER,2025-04-16,2025-10-21,cancelled,5,49
SUB05475,ACC05475,PLN_STARTER,2025-04-16,2025-05-14,cancelled,4,49
SUB05476,ACC05476,PLN_STARTER,2025-04-16,,active,4,49
SUB05477,ACC05477,PLN_ENTERPRISE,2025-04-16,2025-12-10,cancelled,473,2499
SUB05478,ACC05478,PLN_GROWTH,2025-04-17,,active,20,199
SUB05479,ACC05479,PLN_SCALE,2025-04-17,,active,92,799
SUB05480,ACC05480,PLN_STARTER,2025-04-17,2025-09-02,cancelled,3,49
SUB05481,ACC05481,PLN_STARTER,2025-04-17,,active,4,49
SUB05482,ACC05482,PLN_SCALE,2025-04-17,2025-07-16,cancelled,96,799
SUB05483,ACC05483,PLN_GROWTH,2025-04-17,,active,19,199
SUB05484,ACC05484,PLN_GROWTH,2025-04-18,2025-12-10,cancelled,17,199
SUB05485,ACC05485,PLN_SCALE,2025-04-18,2025-07-03,cancelled,110,799
SUB05486,ACC05486,PLN_GROWTH,2025-04-18,2025-08-17,cancelled,17,199
SUB05487,ACC05487,PLN_GROWTH,2025-04-18,,active,16,199
SUB05488,ACC05488,PLN_SCALE,2025-04-18,2025-05-18,cancelled,70,799
SUB05489,ACC05489,PLN_STARTER,2025-04-18,,active,3,49
SUB05490,ACC05490,PLN_GROWTH,2025-04-19,,active,19,199
SUB05491,ACC05491,PLN_SCALE,2025-04-19,2025-07-10,cancelled,93,799
SUB05492,ACC05492,PLN_STARTER,2025-04-19,,active,3,49
SUB05493,ACC05493,PLN_ENTERPRISE,2025-04-19,2025-10-01,cancelled,432,2499
SUB05494,ACC05494,PLN_STARTER,2025-04-19,2025-06-11,cancelled,3,49
SUB05495,ACC05495,PLN_STARTER,2025-04-19,,active,5,49
SUB05496,ACC05496,PLN_GROWTH,2025-04-19,2025-06-03,cancelled,15,199
SUB05497,ACC05497,PLN_STARTER,2025-04-20,,active,4,49
SUB05498,ACC05498,PLN_GROWTH,2025-04-20,2025-09-25,cancelled,20,199
SUB05499,ACC05499,PLN_GROWTH,2025-04-20,,active,18,199
SUB05500,ACC05500,PLN_SCALE,2025-04-20,2025-05-10,cancelled,114,799
SUB05501,ACC05501,PLN_SCALE,2025-04-20,,active,106,799
SUB05502,ACC05502,PLN_SCALE,2025-04-21,,active,113,799
SUB05503,ACC05503,PLN_SCALE,2025-04-21,2025-08-13,cancelled,64,799
SUB05504,ACC05504,PLN_STARTER,2025-04-21,,active,4,49
SUB05505,ACC05505,PLN_ENTERPRISE,2025-04-21,,active,454,2499
SUB05506,ACC05506,PLN_SCALE,2025-04-21,,active,67,799
SUB05507,ACC05507,PLN_STARTER,2025-04-21,,active,4,49
SUB05508,ACC05508,PLN_STARTER,2025-04-21,2025-08-25,cancelled,5,49
SUB05509,ACC05509,PLN_ENTERPRISE,2025-04-21,,active,525,2499
SUB05510,ACC05510,PLN_SCALE,2025-04-21,2025-08-16,cancelled,79,799
SUB05511,ACC05511,PLN_SCALE,2025-04-21,,active,114,799
SUB05512,ACC05512,PLN_STARTER,2025-04-21,,active,6,49
SUB05513,ACC05513,PLN_SCALE,2025-04-21,,active,70,799
SUB05514,ACC05514,PLN_SCALE,2025-04-21,,active,79,799
SUB05515,ACC05515,PLN_STARTER,2025-04-22,,active,3,49
SUB05516,ACC05516,PLN_ENTERPRISE,2025-04-22,2025-11-17,cancelled,309,2499
SUB05517,ACC05517,PLN_SCALE,2025-04-22,2025-06-09,cancelled,105,799
SUB05518,ACC05518,PLN_STARTER,2025-04-22,2025-10-11,cancelled,5,49
SUB05519,ACC05519,PLN_SCALE,2025-04-22,,active,84,799
SUB05520,ACC05520,PLN_GROWTH,2025-04-22,,active,15,199
SUB05521,ACC05521,PLN_SCALE,2025-04-22,2025-09-14,cancelled,104,799
SUB05522,ACC05522,PLN_STARTER,2025-04-22,,active,3,49
SUB05523,ACC05523,PLN_GROWTH,2025-04-22,,active,19,199
SUB05524,ACC05524,PLN_GROWTH,2025-04-22,2025-12-10,cancelled,18,199
SUB05525,ACC05525,PLN_ENTERPRISE,2025-04-23,,active,337,2499
SUB05526,ACC05526,PLN_STARTER,2025-04-23,2025-09-26,cancelled,6,49
SUB05527,ACC05527,PLN_STARTER,2025-04-23,2025-08-11,cancelled,5,49
SUB05528,ACC05528,PLN_GROWTH,2025-04-23,,active,23,199
SUB05529,ACC05529,PLN_STARTER,2025-04-23,2025-08-08,cancelled,4,49
SUB05530,ACC05530,PLN_ENTERPRISE,2025-04-23,,active,532,2499
SUB05531,ACC05531,PLN_STARTER,2025-04-24,2025-07-23,cancelled,5,49
SUB05532,ACC05532,PLN_GROWTH,2025-04-24,2025-05-02,cancelled,21,199
SUB05533,ACC05533,PLN_GROWTH,2025-04-24,2025-06-06,cancelled,13,199
SUB05534,ACC05534,PLN_SCALE,2025-04-25,,active,101,799
SUB05535,ACC05535,PLN_STARTER,2025-04-25,2025-08-27,cancelled,3,49
SUB05536,ACC05536,PLN_STARTER,2025-04-25,,active,4,49
SUB05537,ACC05537,PLN_STARTER,2025-04-25,,active,3,49
SUB05538,ACC05538,PLN_STARTER,2025-04-25,,active,4,49
SUB05539,ACC05539,PLN_STARTER,2025-04-25,2025-05-21,cancelled,4,49
SUB05540,ACC05540,PLN_STARTER,2025-04-26,2025-06-14,cancelled,5,49
SUB05541,ACC05541,PLN_GROWTH,2025-04-26,2025-06-17,cancelled,13,199
SUB05542,ACC05542,PLN_GROWTH,2025-04-26,2025-05-27,cancelled,17,199
SUB05543,ACC05543,PLN_STARTER,2025-04-26,2025-11-19,cancelled,4,49
SUB05544,ACC05544,PLN_GROWTH,2025-04-26,,active,16,199
SUB05545,ACC05545,PLN_GROWTH,2025-04-26,,active,21,199
SUB05546,ACC05546,PLN_STARTER,2025-04-26,2025-06-08,cancelled,3,49
SUB05547,ACC05547,PLN_SCALE,2025-04-26,2025-10-21,cancelled,109,799
SUB05548,ACC05548,PLN_STARTER,2025-04-26,,active,5,49
SUB05549,ACC05549,PLN_GROWTH,2025-04-26,,active,16,199
SUB05550,ACC05550,PLN_GROWTH,2025-04-26,2025-05-11,cancelled,19,199
SUB05551,ACC05551,PLN_SCALE,2025-04-27,2025-10-28,cancelled,90,799
SUB05552,ACC05552,PLN_SCALE,2025-04-27,2025-07-06,cancelled,65,799
SUB05553,ACC05553,PLN_STARTER,2025-04-27,2025-05-25,cancelled,5,49
SUB05554,ACC05554,PLN_GROWTH,2025-04-27,2025-10-06,cancelled,21,199
SUB05555,ACC05555,PLN_GROWTH,2025-04-27,,active,20,199
SUB05556,ACC05556,PLN_STARTER,2025-04-27,,active,5,49
SUB05557,ACC05557,PLN_GROWTH,2025-04-28,,active,18,199
SUB05558,ACC05558,PLN_GROWTH,2025-04-28,2025-06-01,cancelled,20,199
SUB05559,ACC05559,PLN_STARTER,2025-04-28,2025-11-12,cancelled,6,49
SUB05560,ACC05560,PLN_STARTER,2025-04-28,,active,4,49
SUB05561,ACC05561,PLN_STARTER,2025-04-28,2025-05-25,cancelled,5,49
SUB05562,ACC05562,PLN_GROWTH,2025-04-28,2025-11-17,cancelled,19,199
SUB05563,ACC05563,PLN_GROWTH,2025-04-29,2025-05-22,cancelled,15,199
SUB05564,ACC05564,PLN_STARTER,2025-04-29,,active,3,49
SUB05565,ACC05565,PLN_SCALE,2025-04-29,,active,98,799
SUB05566,ACC05566,PLN_ENTERPRISE,2025-04-29,2025-12-12,cancelled,477,2499
SUB05567,ACC05567,PLN_ENTERPRISE,2025-04-29,,active,530,2499
SUB05568,ACC05568,PLN_STARTER,2025-04-30,2025-12-04,cancelled,4,49
SUB05569,ACC05569,PLN_STARTER,2025-04-30,2025-09-10,cancelled,3,49
SUB05570,ACC05570,PLN_ENTERPRISE,2025-04-30,2025-06-15,cancelled,402,2499
SUB05571,ACC05571,PLN_ENTERPRISE,2025-04-30,2025-09-19,cancelled,311,2499
SUB05572,ACC05572,PLN_ENTERPRISE,2025-04-30,2025-10-27,cancelled,359,2499
SUB05573,ACC05573,PLN_GROWTH,2025-04-30,2025-11-05,cancelled,23,199
SUB05574,ACC05574,PLN_GROWTH,2025-04-30,,active,13,199
SUB05575,ACC05575,PLN_ENTERPRISE,2025-04-30,,active,528,2499
SUB05576,ACC05576,PLN_SCALE,2025-05-01,,active,97,799
SUB05577,ACC05577,PLN_GROWTH,2025-05-01,2025-06-05,cancelled,12,199
SUB05578,ACC05578,PLN_STARTER,2025-05-01,,active,5,49
SUB05579,ACC05579,PLN_STARTER,2025-05-01,,active,4,49
SUB05580,ACC05580,PLN_STARTER,2025-05-01,2025-11-19,cancelled,6,49
SUB05581,ACC05581,PLN_GROWTH,2025-05-01,2025-08-28,cancelled,19,199
SUB05582,ACC05582,PLN_STARTER,2025-05-02,2025-08-24,cancelled,4,49
SUB05583,ACC05583,PLN_STARTER,2025-05-02,2025-06-11,cancelled,4,49
SUB05584,ACC05584,PLN_SCALE,2025-05-02,,active,83,799
SUB05585,ACC05585,PLN_GROWTH,2025-05-02,2025-07-17,cancelled,19,199
SUB05586,ACC05586,PLN_STARTER,2025-05-02,2025-06-18,cancelled,5,49
SUB05587,ACC05587,PLN_SCALE,2025-05-02,2025-11-09,cancelled,107,799
SUB05588,ACC05588,PLN_STARTER,2025-05-02,2025-06-20,cancelled,5,49
SUB05589,ACC05589,PLN_GROWTH,2025-05-02,2025-07-22,cancelled,23,199
SUB05590,ACC05590,PLN_ENTERPRISE,2025-05-02,,active,362,2499
SUB05591,ACC05591,PLN_GROWTH,2025-05-03,,active,19,199
SUB05592,ACC05592,PLN_STARTER,2025-05-03,2025-07-09,cancelled,5,49
SUB05593,ACC05593,PLN_GROWTH,2025-05-03,2025-11-10,cancelled,22,199
SUB05594,ACC05594,PLN_STARTER,2025-05-03,2025-09-03,cancelled,3,49
SUB05595,ACC05595,PLN_SCALE,2025-05-03,,active,75,799
SUB05596,ACC05596,PLN_GROWTH,2025-05-03,2025-07-05,cancelled,18,199
SUB05597,ACC05597,PLN_STARTER,2025-05-03,,active,5,49
SUB05598,ACC05598,PLN_GROWTH,2025-05-03,2025-11-09,cancelled,17,199
SUB05599,ACC05599,PLN_ENTERPRISE,2025-05-03,,active,359,2499
SUB05600,ACC05600,PLN_STARTER,2025-05-03,2025-07-12,cancelled,4,49
SUB05601,ACC05601,PLN_GROWTH,2025-05-03,2025-06-22,cancelled,21,199
SUB05602,ACC05602,PLN_STARTER,2025-05-03,,active,5,49
SUB05603,ACC05603,PLN_STARTER,2025-05-03,2025-07-06,cancelled,4,49
SUB05604,ACC05604,PLN_STARTER,2025-05-04,2025-09-25,cancelled,5,49
SUB05605,ACC05605,PLN_SCALE,2025-05-04,,active,85,799
SUB05606,ACC05606,PLN_GROWTH,2025-05-04,,active,16,199
SUB05607,ACC05607,PLN_GROWTH,2025-05-04,2025-10-13,cancelled,21,199
SUB05608,ACC05608,PLN_SCALE,2025-05-04,,active,90,799
SUB05609,ACC05609,PLN_STARTER,2025-05-04,2025-07-01,cancelled,5,49
SUB05610,ACC05610,PLN_GROWTH,2025-05-04,2025-08-10,cancelled,22,199
SUB05611,ACC05611,PLN_GROWTH,2025-05-04,2025-09-13,cancelled,18,199
SUB05612,ACC05612,PLN_STARTER,2025-05-05,2025-07-20,cancelled,3,49
SUB05613,ACC05613,PLN_SCALE,2025-05-05,,active,113,799
SUB05614,ACC05614,PLN_STARTER,2025-05-05,2025-06-13,cancelled,4,49
SUB05615,ACC05615,PLN_GROWTH,2025-05-05,2025-07-10,cancelled,16,199
SUB05616,ACC05616,PLN_SCALE,2025-05-06,2025-07-19,cancelled,70,799
SUB05617,ACC05617,PLN_GROWTH,2025-05-06,,active,19,199
SUB05618,ACC05618,PLN_STARTER,2025-05-06,2025-07-22,cancelled,5,49
SUB05619,ACC05619,PLN_STARTER,2025-05-06,2025-12-19,cancelled,4,49
SUB05620,ACC05620,PLN_GROWTH,2025-05-06,2025-06-17,cancelled,13,199
SUB05621,ACC05621,PLN_SCALE,2025-05-06,,active,100,799
SUB05622,ACC05622,PLN_GROWTH,2025-05-06,,active,17,199
SUB05623,ACC05623,PLN_STARTER,2025-05-06,,active,6,49
SUB05624,ACC05624,PLN_GROWTH,2025-05-06,,active,16,199
SUB05625,ACC05625,PLN_STARTER,2025-05-06,,active,4,49
SUB05626,ACC05626,PLN_GROWTH,2025-05-06,,active,18,199
SUB05627,ACC05627,PLN_GROWTH,2025-05-07,2025-11-01,cancelled,21,199
SUB05628,ACC05628,PLN_ENTERPRISE,2025-05-07,,active,331,2499
SUB05629,ACC05629,PLN_STARTER,2025-05-08,2025-09-22,cancelled,4,49
SUB05630,ACC05630,PLN_GROWTH,2025-05-08,,active,15,199
SUB05631,ACC05631,PLN_STARTER,2025-05-08,2025-08-02,cancelled,4,49
SUB05632,ACC05632,PLN_SCALE,2025-05-08,,active,94,799
SUB05633,ACC05633,PLN_SCALE,2025-05-08,,active,84,799
SUB05634,ACC05634,PLN_SCALE,2025-05-08,,active,74,799
SUB05635,ACC05635,PLN_SCALE,2025-05-08,,active,65,799
SUB05636,ACC05636,PLN_STARTER,2025-05-08,2025-12-13,cancelled,4,49
SUB05637,ACC05637,PLN_STARTER,2025-05-08,2025-10-23,cancelled,4,49
SUB05638,ACC05638,PLN_STARTER,2025-05-09,2025-09-17,cancelled,4,49
SUB05639,ACC05639,PLN_ENTERPRISE,2025-05-09,,active,335,2499
SUB05640,ACC05640,PLN_GROWTH,2025-05-09,,active,20,199
SUB05641,ACC05641,PLN_STARTER,2025-05-09,,active,4,49
SUB05642,ACC05642,PLN_SCALE,2025-05-09,,active,101,799
SUB05643,ACC05643,PLN_GROWTH,2025-05-10,,active,14,199
SUB05644,ACC05644,PLN_SCALE,2025-05-10,2025-10-15,cancelled,102,799
SUB05645,ACC05645,PLN_GROWTH,2025-05-10,,active,16,199
SUB05646,ACC05646,PLN_STARTER,2025-05-10,2025-07-24,cancelled,3,49
SUB05647,ACC05647,PLN_GROWTH,2025-05-10,,active,14,199
SUB05648,ACC05648,PLN_GROWTH,2025-05-11,2025-11-01,cancelled,17,199
SUB05649,ACC05649,PLN_SCALE,2025-05-11,,active,91,799
SUB05650,ACC05650,PLN_GROWTH,2025-05-11,2025-06-25,cancelled,17,199
SUB05651,ACC05651,PLN_SCALE,2025-05-11,,active,109,799
SUB05652,ACC05652,PLN_STARTER,2025-05-11,,active,6,49
SUB05653,ACC05653,PLN_GROWTH,2025-05-11,2025-07-17,cancelled,16,199
SUB05654,ACC05654,PLN_SCALE,2025-05-12,,active,95,799
SUB05655,ACC05655,PLN_GROWTH,2025-05-12,,active,15,199
SUB05656,ACC05656,PLN_SCALE,2025-05-12,,active,112,799
SUB05657,ACC05657,PLN_SCALE,2025-05-12,,active,93,799
SUB05658,ACC05658,PLN_GROWTH,2025-05-12,2025-07-27,cancelled,23,199
SUB05659,ACC05659,PLN_SCALE,2025-05-12,2025-07-03,cancelled,101,799
SUB05660,ACC05660,PLN_SCALE,2025-05-12,2025-10-04,cancelled,95,799
SUB05661,ACC05661,PLN_GROWTH,2025-05-12,,active,22,199
SUB05662,ACC05662,PLN_GROWTH,2025-05-12,,active,23,199
SUB05663,ACC05663,PLN_ENTERPRISE,2025-05-13,2025-07-27,cancelled,542,2499
SUB05664,ACC05664,PLN_STARTER,2025-05-13,,active,5,49
SUB05665,ACC05665,PLN_SCALE,2025-05-13,,active,89,799
SUB05666,ACC05666,PLN_ENTERPRISE,2025-05-13,,active,560,2499
SUB05667,ACC05667,PLN_STARTER,2025-05-13,,active,3,49
SUB05668,ACC05668,PLN_ENTERPRISE,2025-05-13,,active,373,2499
SUB05669,ACC05669,PLN_SCALE,2025-05-13,,active,87,799
SUB05670,ACC05670,PLN_STARTER,2025-05-13,2025-08-12,cancelled,5,49
SUB05671,ACC05671,PLN_SCALE,2025-05-14,,active,70,799
SUB05672,ACC05672,PLN_ENTERPRISE,2025-05-14,,active,314,2499
SUB05673,ACC05673,PLN_GROWTH,2025-05-14,,active,20,199
SUB05674,ACC05674,PLN_STARTER,2025-05-14,,active,5,49
SUB05675,ACC05675,PLN_STARTER,2025-05-14,2025-08-01,cancelled,5,49
SUB05676,ACC05676,PLN_STARTER,2025-05-14,2025-08-28,cancelled,4,49
SUB05677,ACC05677,PLN_STARTER,2025-05-15,2025-11-13,cancelled,5,49
SUB05678,ACC05678,PLN_STARTER,2025-05-15,,active,6,49
SUB05679,ACC05679,PLN_STARTER,2025-05-15,,active,3,49
SUB05680,ACC05680,PLN_GROWTH,2025-05-15,,active,14,199
SUB05681,ACC05681,PLN_SCALE,2025-05-15,,active,63,799
SUB05682,ACC05682,PLN_STARTER,2025-05-15,,active,4,49
SUB05683,ACC05683,PLN_GROWTH,2025-05-15,2025-11-15,cancelled,14,199
SUB05684,ACC05684,PLN_STARTER,2025-05-15,,active,3,49
SUB05685,ACC05685,PLN_STARTER,2025-05-15,2025-09-27,cancelled,3,49
SUB05686,ACC05686,PLN_STARTER,2025-05-16,,active,4,49
SUB05687,ACC05687,PLN_GROWTH,2025-05-16,,active,17,199
SUB05688,ACC05688,PLN_STARTER,2025-05-16,,active,6,49
SUB05689,ACC05689,PLN_GROWTH,2025-05-16,2025-12-22,cancelled,20,199
SUB05690,ACC05690,PLN_SCALE,2025-05-16,,active,69,799
SUB05691,ACC05691,PLN_GROWTH,2025-05-16,2025-12-06,cancelled,17,199
SUB05692,ACC05692,PLN_STARTER,2025-05-16,,active,4,49
SUB05693,ACC05693,PLN_GROWTH,2025-05-16,2025-09-05,cancelled,12,199
SUB05694,ACC05694,PLN_SCALE,2025-05-17,,active,107,799
SUB05695,ACC05695,PLN_STARTER,2025-05-17,2025-09-15,cancelled,6,49
SUB05696,ACC05696,PLN_STARTER,2025-05-17,,active,6,49
SUB05697,ACC05697,PLN_STARTER,2025-05-17,,active,4,49
SUB05698,ACC05698,PLN_STARTER,2025-05-17,2025-10-27,cancelled,5,49
SUB05699,ACC05699,PLN_STARTER,2025-05-17,2025-07-15,cancelled,5,49
SUB05700,ACC05700,PLN_GROWTH,2025-05-18,2025-06-07,cancelled,15,199
SUB05701,ACC05701,PLN_STARTER,2025-05-18,,active,3,49
SUB05702,ACC05702,PLN_GROWTH,2025-05-18,2025-09-12,cancelled,16,199
SUB05703,ACC05703,PLN_ENTERPRISE,2025-05-18,2025-09-03,cancelled,418,2499
SUB05704,ACC05704,PLN_ENTERPRISE,2025-05-18,2025-08-26,cancelled,534,2499
SUB05705,ACC05705,PLN_GROWTH,2025-05-18,2025-06-11,cancelled,19,199
SUB05706,ACC05706,PLN_SCALE,2025-05-18,,active,97,799
SUB05707,ACC05707,PLN_SCALE,2025-05-19,,active,104,799
SUB05708,ACC05708,PLN_GROWTH,2025-05-19,2025-10-23,cancelled,18,199
SUB05709,ACC05709,PLN_STARTER,2025-05-19,,active,3,49
SUB05710,ACC05710,PLN_GROWTH,2025-05-19,2025-12-25,cancelled,17,199
SUB05711,ACC05711,PLN_GROWTH,2025-05-19,,active,19,199
SUB05712,ACC05712,PLN_STARTER,2025-05-19,2025-11-12,cancelled,5,49
SUB05713,ACC05713,PLN_STARTER,2025-05-19,2025-11-20,cancelled,6,49
SUB05714,ACC05714,PLN_STARTER,2025-05-20,2025-11-15,cancelled,4,49
SUB05715,ACC05715,PLN_STARTER,2025-05-20,2025-12-04,cancelled,3,49
SUB05716,ACC05716,PLN_SCALE,2025-05-20,,active,63,799
SUB05717,ACC05717,PLN_STARTER,2025-05-20,2025-07-09,cancelled,5,49
SUB05718,ACC05718,PLN_GROWTH,2025-05-20,,active,22,199
SUB05719,ACC05719,PLN_STARTER,2025-05-20,2025-10-19,cancelled,4,49
SUB05720,ACC05720,PLN_SCALE,2025-05-20,,active,63,799
SUB05721,ACC05721,PLN_STARTER,2025-05-20,2025-09-23,cancelled,5,49
SUB05722,ACC05722,PLN_STARTER,2025-05-20,,active,5,49
SUB05723,ACC05723,PLN_SCALE,2025-05-20,,active,88,799
SUB05724,ACC05724,PLN_GROWTH,2025-05-20,2025-12-15,cancelled,20,199
SUB05725,ACC05725,PLN_STARTER,2025-05-20,2025-07-04,cancelled,5,49
SUB05726,ACC05726,PLN_STARTER,2025-05-21,2025-11-18,cancelled,4,49
SUB05727,ACC05727,PLN_STARTER,2025-05-21,2025-11-14,cancelled,3,49
SUB05728,ACC05728,PLN_STARTER,2025-05-21,2025-09-03,cancelled,3,49
SUB05729,ACC05729,PLN_STARTER,2025-05-22,2025-09-28,cancelled,6,49
SUB05730,ACC05730,PLN_STARTER,2025-05-22,2025-09-13,cancelled,5,49
SUB05731,ACC05731,PLN_STARTER,2025-05-22,,active,5,49
SUB05732,ACC05732,PLN_STARTER,2025-05-22,2025-08-28,cancelled,4,49
SUB05733,ACC05733,PLN_GROWTH,2025-05-22,,active,22,199
SUB05734,ACC05734,PLN_ENTERPRISE,2025-05-22,,active,495,2499
SUB05735,ACC05735,PLN_SCALE,2025-05-22,2025-07-22,cancelled,95,799
SUB05736,ACC05736,PLN_SCALE,2025-05-22,2025-11-14,cancelled,102,799
SUB05737,ACC05737,PLN_STARTER,2025-05-23,2025-10-27,cancelled,3,49
SUB05738,ACC05738,PLN_GROWTH,2025-05-23,,active,20,199
SUB05739,ACC05739,PLN_GROWTH,2025-05-23,2025-07-27,cancelled,21,199
SUB05740,ACC05740,PLN_GROWTH,2025-05-23,2025-07-10,cancelled,16,199
SUB05741,ACC05741,PLN_GROWTH,2025-05-23,,active,15,199
SUB05742,ACC05742,PLN_GROWTH,2025-05-24,,active,13,199
SUB05743,ACC05743,PLN_ENTERPRISE,2025-05-24,2025-07-06,cancelled,407,2499
SUB05744,ACC05744,PLN_SCALE,2025-05-24,,active,89,799
SUB05745,ACC05745,PLN_STARTER,2025-05-24,,active,3,49
SUB05746,ACC05746,PLN_SCALE,2025-05-24,,active,65,799
SUB05747,ACC05747,PLN_GROWTH,2025-05-24,2025-06-08,cancelled,23,199
SUB05748,ACC05748,PLN_GROWTH,2025-05-24,2025-08-15,cancelled,15,199
SUB05749,ACC05749,PLN_STARTER,2025-05-24,2025-06-09,cancelled,5,49
SUB05750,ACC05750,PLN_SCALE,2025-05-24,2025-09-14,cancelled,61,799
SUB05751,ACC05751,PLN_STARTER,2025-05-25,,active,4,49
SUB05752,ACC05752,PLN_SCALE,2025-05-25,2025-06-26,cancelled,83,799
SUB05753,ACC05753,PLN_SCALE,2025-05-25,2025-09-09,cancelled,112,799
SUB05754,ACC05754,PLN_GROWTH,2025-05-25,,active,19,199
SUB05755,ACC05755,PLN_STARTER,2025-05-25,2025-07-18,cancelled,5,49
SUB05756,ACC05756,PLN_GROWTH,2025-05-26,,active,17,199
SUB05757,ACC05757,PLN_GROWTH,2025-05-26,2025-08-26,cancelled,23,199
SUB05758,ACC05758,PLN_ENTERPRISE,2025-05-26,,active,458,2499
SUB05759,ACC05759,PLN_GROWTH,2025-05-26,,active,17,199
SUB05760,ACC05760,PLN_STARTER,2025-05-27,2025-12-02,cancelled,6,49
SUB05761,ACC05761,PLN_SCALE,2025-05-27,,active,82,799
SUB05762,ACC05762,PLN_GROWTH,2025-05-27,2025-08-10,cancelled,23,199
SUB05763,ACC05763,PLN_STARTER,2025-05-27,,active,5,49
SUB05764,ACC05764,PLN_STARTER,2025-05-27,2025-07-15,cancelled,4,49
SUB05765,ACC05765,PLN_STARTER,2025-05-27,,active,3,49
SUB05766,ACC05766,PLN_SCALE,2025-05-27,2025-06-28,cancelled,96,799
SUB05767,ACC05767,PLN_STARTER,2025-05-28,2025-10-07,cancelled,5,49
SUB05768,ACC05768,PLN_GROWTH,2025-05-28,2025-10-18,cancelled,22,199
SUB05769,ACC05769,PLN_STARTER,2025-05-28,,active,3,49
SUB05770,ACC05770,PLN_STARTER,2025-05-28,,active,5,49
SUB05771,ACC05771,PLN_GROWTH,2025-05-28,2025-07-06,cancelled,15,199
SUB05772,ACC05772,PLN_ENTERPRISE,2025-05-29,2025-09-08,cancelled,376,2499
SUB05773,ACC05773,PLN_GROWTH,2025-05-29,2025-10-04,cancelled,20,199
SUB05774,ACC05774,PLN_STARTER,2025-05-29,,active,6,49
SUB05775,ACC05775,PLN_GROWTH,2025-05-29,,active,19,199
SUB05776,ACC05776,PLN_SCALE,2025-05-29,2025-07-05,cancelled,82,799
SUB05777,ACC05777,PLN_STARTER,2025-05-30,,active,4,49
SUB05778,ACC05778,PLN_STARTER,2025-05-30,2025-08-01,cancelled,3,49
SUB05779,ACC05779,PLN_ENTERPRISE,2025-05-30,,active,440,2499
SUB05780,ACC05780,PLN_STARTER,2025-05-30,,active,3,49
SUB05781,ACC05781,PLN_STARTER,2025-05-30,,active,6,49
SUB05782,ACC05782,PLN_GROWTH,2025-05-30,,active,21,199
SUB05783,ACC05783,PLN_STARTER,2025-05-30,,active,5,49
SUB05784,ACC05784,PLN_GROWTH,2025-05-30,,active,20,199
SUB05785,ACC05785,PLN_STARTER,2025-05-30,,active,3,49
SUB05786,ACC05786,PLN_GROWTH,2025-05-30,2025-06-11,cancelled,14,199
SUB05787,ACC05787,PLN_SCALE,2025-05-30,2025-11-12,cancelled,109,799
SUB05788,ACC05788,PLN_STARTER,2025-05-30,,active,5,49
SUB05789,ACC05789,PLN_GROWTH,2025-05-31,,active,16,199
SUB05790,ACC05790,PLN_STARTER,2025-05-31,2025-09-05,cancelled,3,49
SUB05791,ACC05791,PLN_ENTERPRISE,2025-05-31,,active,471,2499
SUB05792,ACC05792,PLN_ENTERPRISE,2025-05-31,2025-06-26,cancelled,383,2499
SUB05793,ACC05793,PLN_GROWTH,2025-05-31,,active,16,199
SUB05794,ACC05794,PLN_GROWTH,2025-06-01,2025-11-12,cancelled,21,199
SUB05795,ACC05795,PLN_SCALE,2025-06-01,,active,78,799
SUB05796,ACC05796,PLN_SCALE,2025-06-01,,active,67,799
SUB05797,ACC05797,PLN_SCALE,2025-06-01,,active,62,799
SUB05798,ACC05798,PLN_STARTER,2025-06-01,2025-10-15,cancelled,5,49
SUB05799,ACC05799,PLN_SCALE,2025-06-01,2025-09-19,cancelled,98,799
SUB05800,ACC05800,PLN_SCALE,2025-06-01,2025-09-23,cancelled,81,799
SUB05801,ACC05801,PLN_STARTER,2025-06-01,2025-07-07,cancelled,4,49
SUB05802,ACC05802,PLN_STARTER,2025-06-01,2025-08-18,cancelled,4,49
SUB05803,ACC05803,PLN_SCALE,2025-06-02,,active,111,799
SUB05804,ACC05804,PLN_STARTER,2025-06-02,,active,5,49
SUB05805,ACC05805,PLN_STARTER,2025-06-02,,active,4,49
SUB05806,ACC05806,PLN_STARTER,2025-06-02,2025-12-16,cancelled,4,49
SUB05807,ACC05807,PLN_SCALE,2025-06-03,2025-11-06,cancelled,63,799
SUB05808,ACC05808,PLN_GROWTH,2025-06-03,2025-10-15,cancelled,13,199
SUB05809,ACC05809,PLN_STARTER,2025-06-03,,active,5,49
SUB05810,ACC05810,PLN_STARTER,2025-06-03,2025-08-13,cancelled,5,49
SUB05811,ACC05811,PLN_STARTER,2025-06-03,,active,5,49
SUB05812,ACC05812,PLN_GROWTH,2025-06-03,,active,13,199
SUB05813,ACC05813,PLN_SCALE,2025-06-03,2025-12-09,cancelled,91,799
SUB05814,ACC05814,PLN_STARTER,2025-06-03,2025-11-03,cancelled,3,49
SUB05815,ACC05815,PLN_GROWTH,2025-06-03,,active,19,199
SUB05816,ACC05816,PLN_SCALE,2025-06-03,2025-12-12,cancelled,95,799
SUB05817,ACC05817,PLN_STARTER,2025-06-03,,active,5,49
SUB05818,ACC05818,PLN_STARTER,2025-06-03,,active,4,49
SUB05819,ACC05819,PLN_SCALE,2025-06-03,,active,78,799
SUB05820,ACC05820,PLN_SCALE,2025-06-04,2025-10-11,cancelled,108,799
SUB05821,ACC05821,PLN_STARTER,2025-06-04,2025-07-25,cancelled,5,49
SUB05822,ACC05822,PLN_STARTER,2025-06-04,2025-08-21,cancelled,4,49
SUB05823,ACC05823,PLN_ENTERPRISE,2025-06-04,,active,508,2499
SUB05824,ACC05824,PLN_ENTERPRISE,2025-06-04,,active,522,2499
SUB05825,ACC05825,PLN_GROWTH,2025-06-04,,active,18,199
SUB05826,ACC05826,PLN_STARTER,2025-06-04,,active,3,49
SUB05827,ACC05827,PLN_STARTER,2025-06-04,,active,4,49
SUB05828,ACC05828,PLN_STARTER,2025-06-04,2025-07-25,cancelled,5,49
SUB05829,ACC05829,PLN_STARTER,2025-06-05,2025-12-05,cancelled,4,49
SUB05830,ACC05830,PLN_ENTERPRISE,2025-06-05,,active,525,2499
SUB05831,ACC05831,PLN_SCALE,2025-06-05,2025-09-03,cancelled,69,799
SUB05832,ACC05832,PLN_STARTER,2025-06-05,,active,4,49
SUB05833,ACC05833,PLN_ENTERPRISE,2025-06-06,,active,359,2499
SUB05834,ACC05834,PLN_STARTER,2025-06-07,,active,5,49
SUB05835,ACC05835,PLN_STARTER,2025-06-07,2025-10-04,cancelled,5,49
SUB05836,ACC05836,PLN_GROWTH,2025-06-07,,active,13,199
SUB05837,ACC05837,PLN_STARTER,2025-06-07,,active,3,49
SUB05838,ACC05838,PLN_SCALE,2025-06-07,2025-09-06,cancelled,74,799
SUB05839,ACC05839,PLN_SCALE,2025-06-07,2025-09-13,cancelled,79,799
SUB05840,ACC05840,PLN_GROWTH,2025-06-07,2025-08-10,cancelled,13,199
SUB05841,ACC05841,PLN_GROWTH,2025-06-07,2025-11-24,cancelled,19,199
SUB05842,ACC05842,PLN_STARTER,2025-06-07,,active,6,49
SUB05843,ACC05843,PLN_GROWTH,2025-06-07,2025-08-15,cancelled,17,199
SUB05844,ACC05844,PLN_SCALE,2025-06-07,,active,78,799
SUB05845,ACC05845,PLN_STARTER,2025-06-08,,active,4,49
SUB05846,ACC05846,PLN_STARTER,2025-06-08,2025-07-18,cancelled,4,49
SUB05847,ACC05847,PLN_GROWTH,2025-06-08,2025-09-02,cancelled,22,199
SUB05848,ACC05848,PLN_STARTER,2025-06-08,,active,3,49
SUB05849,ACC05849,PLN_STARTER,2025-06-08,,active,5,49
SUB05850,ACC05850,PLN_STARTER,2025-06-09,2025-10-15,cancelled,4,49
SUB05851,ACC05851,PLN_STARTER,2025-06-09,,active,4,49
SUB05852,ACC05852,PLN_SCALE,2025-06-09,2025-08-15,cancelled,64,799
SUB05853,ACC05853,PLN_SCALE,2025-06-09,,active,100,799
SUB05854,ACC05854,PLN_STARTER,2025-06-09,2025-09-12,cancelled,5,49
SUB05855,ACC05855,PLN_STARTER,2025-06-09,2025-12-14,cancelled,5,49
SUB05856,ACC05856,PLN_GROWTH,2025-06-09,2025-11-09,cancelled,15,199
SUB05857,ACC05857,PLN_GROWTH,2025-06-09,2025-08-19,cancelled,20,199
SUB05858,ACC05858,PLN_SCALE,2025-06-09,,active,78,799
SUB05859,ACC05859,PLN_STARTER,2025-06-10,,active,3,49
SUB05860,ACC05860,PLN_STARTER,2025-06-10,,active,5,49
SUB05861,ACC05861,PLN_GROWTH,2025-06-10,,active,21,199
SUB05862,ACC05862,PLN_STARTER,2025-06-10,,active,4,49
SUB05863,ACC05863,PLN_STARTER,2025-06-10,2025-10-17,cancelled,4,49
SUB05864,ACC05864,PLN_STARTER,2025-06-10,2025-07-11,cancelled,5,49
SUB05865,ACC05865,PLN_ENTERPRISE,2025-06-10,2025-08-25,cancelled,495,2499
SUB05866,ACC05866,PLN_STARTER,2025-06-11,,active,5,49
SUB05867,ACC05867,PLN_SCALE,2025-06-11,2025-07-27,cancelled,66,799
SUB05868,ACC05868,PLN_GROWTH,2025-06-11,2025-08-24,cancelled,22,199
SUB05869,ACC05869,PLN_GROWTH,2025-06-11,2025-10-25,cancelled,18,199
SUB05870,ACC05870,PLN_STARTER,2025-06-12,,active,3,49
SUB05871,ACC05871,PLN_SCALE,2025-06-12,,active,106,799
SUB05872,ACC05872,PLN_GROWTH,2025-06-12,,active,20,199
SUB05873,ACC05873,PLN_STARTER,2025-06-12,2025-07-18,cancelled,3,49
SUB05874,ACC05874,PLN_SCALE,2025-06-12,2025-10-26,cancelled,74,799
SUB05875,ACC05875,PLN_SCALE,2025-06-13,,active,75,799
SUB05876,ACC05876,PLN_STARTER,2025-06-13,,active,4,49
SUB05877,ACC05877,PLN_STARTER,2025-06-13,2025-10-02,cancelled,6,49
SUB05878,ACC05878,PLN_GROWTH,2025-06-13,,active,17,199
SUB05879,ACC05879,PLN_STARTER,2025-06-13,2025-11-24,cancelled,5,49
SUB05880,ACC05880,PLN_SCALE,2025-06-13,2025-11-20,cancelled,94,799
SUB05881,ACC05881,PLN_ENTERPRISE,2025-06-14,2025-09-12,cancelled,560,2499
SUB05882,ACC05882,PLN_SCALE,2025-06-14,,active,110,799
SUB05883,ACC05883,PLN_STARTER,2025-06-14,,active,4,49
SUB05884,ACC05884,PLN_SCALE,2025-06-14,2025-12-02,cancelled,68,799
SUB05885,ACC05885,PLN_SCALE,2025-06-14,,active,93,799
SUB05886,ACC05886,PLN_STARTER,2025-06-15,,active,5,49
SUB05887,ACC05887,PLN_ENTERPRISE,2025-06-15,,active,480,2499
SUB05888,ACC05888,PLN_GROWTH,2025-06-15,2025-08-10,cancelled,23,199
SUB05889,ACC05889,PLN_ENTERPRISE,2025-06-15,2025-11-26,cancelled,481,2499
SUB05890,ACC05890,PLN_SCALE,2025-06-15,,active,61,799
SUB05891,ACC05891,PLN_GROWTH,2025-06-15,,active,22,199
SUB05892,ACC05892,PLN_STARTER,2025-06-16,,active,5,49
SUB05893,ACC05893,PLN_STARTER,2025-06-16,2025-08-11,cancelled,3,49
SUB05894,ACC05894,PLN_SCALE,2025-06-16,,active,92,799
SUB05895,ACC05895,PLN_GROWTH,2025-06-16,,active,15,199
SUB05896,ACC05896,PLN_GROWTH,2025-06-16,2025-08-28,cancelled,13,199
SUB05897,ACC05897,PLN_GROWTH,2025-06-16,,active,14,199
SUB05898,ACC05898,PLN_ENTERPRISE,2025-06-16,,active,509,2499
SUB05899,ACC05899,PLN_SCALE,2025-06-16,2025-08-19,cancelled,110,799
SUB05900,ACC05900,PLN_GROWTH,2025-06-16,2025-08-02,cancelled,16,199
SUB05901,ACC05901,PLN_STARTER,2025-06-16,2025-11-10,cancelled,6,49
SUB05902,ACC05902,PLN_GROWTH,2025-06-16,,active,23,199
SUB05903,ACC05903,PLN_ENTERPRISE,2025-06-16,,active,431,2499
SUB05904,ACC05904,PLN_GROWTH,2025-06-17,2025-09-10,cancelled,21,199
SUB05905,ACC05905,PLN_STARTER,2025-06-17,,active,6,49
SUB05906,ACC05906,PLN_SCALE,2025-06-17,2025-09-19,cancelled,95,799
SUB05907,ACC05907,PLN_SCALE,2025-06-17,,active,65,799
SUB05908,ACC05908,PLN_SCALE,2025-06-17,,active,84,799
SUB05909,ACC05909,PLN_STARTER,2025-06-17,,active,3,49
SUB05910,ACC05910,PLN_STARTER,2025-06-17,2025-11-09,cancelled,4,49
SUB05911,ACC05911,PLN_GROWTH,2025-06-17,,active,13,199
SUB05912,ACC05912,PLN_SCALE,2025-06-17,,active,105,799
SUB05913,ACC05913,PLN_SCALE,2025-06-18,,active,83,799
SUB05914,ACC05914,PLN_ENTERPRISE,2025-06-18,,active,550,2499
SUB05915,ACC05915,PLN_ENTERPRISE,2025-06-18,,active,341,2499
SUB05916,ACC05916,PLN_STARTER,2025-06-18,,active,5,49
SUB05917,ACC05917,PLN_STARTER,2025-06-18,,active,5,49
SUB05918,ACC05918,PLN_SCALE,2025-06-18,,active,114,799
SUB05919,ACC05919,PLN_STARTER,2025-06-18,2025-10-28,cancelled,5,49
SUB05920,ACC05920,PLN_SCALE,2025-06-18,,active,110,799
SUB05921,ACC05921,PLN_SCALE,2025-06-18,,active,101,799
SUB05922,ACC05922,PLN_SCALE,2025-06-19,2025-11-28,cancelled,62,799
SUB05923,ACC05923,PLN_STARTER,2025-06-19,2025-12-11,cancelled,4,49
SUB05924,ACC05924,PLN_STARTER,2025-06-19,2025-11-12,cancelled,3,49
SUB05925,ACC05925,PLN_SCALE,2025-06-20,2025-12-18,cancelled,88,799
SUB05926,ACC05926,PLN_STARTER,2025-06-20,2025-08-18,cancelled,5,49
SUB05927,ACC05927,PLN_ENTERPRISE,2025-06-20,,active,314,2499
SUB05928,ACC05928,PLN_ENTERPRISE,2025-06-20,,active,497,2499
SUB05929,ACC05929,PLN_GROWTH,2025-06-20,,active,22,199
SUB05930,ACC05930,PLN_SCALE,2025-06-20,2025-10-03,cancelled,101,799
SUB05931,ACC05931,PLN_GROWTH,2025-06-20,2025-10-01,cancelled,20,199
SUB05932,ACC05932,PLN_STARTER,2025-06-21,2025-11-14,cancelled,5,49
SUB05933,ACC05933,PLN_GROWTH,2025-06-21,2025-11-22,cancelled,19,199
SUB05934,ACC05934,PLN_ENTERPRISE,2025-06-21,2025-10-02,cancelled,338,2499
SUB05935,ACC05935,PLN_STARTER,2025-06-21,2025-10-27,cancelled,4,49
SUB05936,ACC05936,PLN_SCALE,2025-06-22,,active,68,799
SUB05937,ACC05937,PLN_STARTER,2025-06-22,2025-10-24,cancelled,3,49
SUB05938,ACC05938,PLN_ENTERPRISE,2025-06-22,2025-12-19,cancelled,347,2499
SUB05939,ACC05939,PLN_STARTER,2025-06-22,,active,4,49
SUB05940,ACC05940,PLN_STARTER,2025-06-22,,active,5,49
SUB05941,ACC05941,PLN_STARTER,2025-06-22,2025-11-25,cancelled,5,49
SUB05942,ACC05942,PLN_STARTER,2025-06-22,,active,3,49
SUB05943,ACC05943,PLN_STARTER,2025-06-22,,active,4,49
SUB05944,ACC05944,PLN_STARTER,2025-06-22,2025-11-05,cancelled,4,49
SUB05945,ACC05945,PLN_GROWTH,2025-06-23,2025-08-09,cancelled,17,199
SUB05946,ACC05946,PLN_STARTER,2025-06-23,2025-11-01,cancelled,4,49
SUB05947,ACC05947,PLN_SCALE,2025-06-23,,active,69,799
SUB05948,ACC05948,PLN_STARTER,2025-06-23,,active,6,49
SUB05949,ACC05949,PLN_STARTER,2025-06-23,,active,6,49
SUB05950,ACC05950,PLN_STARTER,2025-06-23,2025-11-17,cancelled,5,49
SUB05951,ACC05951,PLN_STARTER,2025-06-23,2025-07-12,cancelled,5,49
SUB05952,ACC05952,PLN_GROWTH,2025-06-23,2025-12-27,cancelled,12,199
SUB05953,ACC05953,PLN_ENTERPRISE,2025-06-23,,active,522,2499
SUB05954,ACC05954,PLN_STARTER,2025-06-24,,active,5,49
SUB05955,ACC05955,PLN_STARTER,2025-06-24,2025-12-04,cancelled,5,49
SUB05956,ACC05956,PLN_STARTER,2025-06-24,2025-09-13,cancelled,4,49
SUB05957,ACC05957,PLN_STARTER,2025-06-24,,active,4,49
SUB05958,ACC05958,PLN_GROWTH,2025-06-24,,active,17,199
SUB05959,ACC05959,PLN_SCALE,2025-06-24,2025-08-16,cancelled,102,799
SUB05960,ACC05960,PLN_STARTER,2025-06-24,2025-08-01,cancelled,4,49
SUB05961,ACC05961,PLN_GROWTH,2025-06-24,2025-10-16,cancelled,13,199
SUB05962,ACC05962,PLN_STARTER,2025-06-24,2025-11-22,cancelled,3,49
SUB05963,ACC05963,PLN_GROWTH,2025-06-24,2025-11-21,cancelled,19,199
SUB05964,ACC05964,PLN_STARTER,2025-06-25,,active,3,49
SUB05965,ACC05965,PLN_GROWTH,2025-06-25,,active,15,199
SUB05966,ACC05966,PLN_STARTER,2025-06-25,2025-09-10,cancelled,5,49
SUB05967,ACC05967,PLN_SCALE,2025-06-26,2025-09-15,cancelled,71,799
SUB05968,ACC05968,PLN_GROWTH,2025-06-26,2025-08-12,cancelled,15,199
SUB05969,ACC05969,PLN_STARTER,2025-06-26,2025-08-03,cancelled,3,49
SUB05970,ACC05970,PLN_STARTER,2025-06-26,2025-08-24,cancelled,4,49
SUB05971,ACC05971,PLN_STARTER,2025-06-27,,active,5,49
SUB05972,ACC05972,PLN_SCALE,2025-06-27,2025-11-27,cancelled,68,799
SUB05973,ACC05973,PLN_STARTER,2025-06-27,2025-08-16,cancelled,4,49
SUB05974,ACC05974,PLN_ENTERPRISE,2025-06-27,2025-08-08,cancelled,451,2499
SUB05975,ACC05975,PLN_GROWTH,2025-06-27,,active,15,199
SUB05976,ACC05976,PLN_STARTER,2025-06-27,2025-08-27,cancelled,4,49
SUB05977,ACC05977,PLN_STARTER,2025-06-27,2025-07-25,cancelled,4,49
SUB05978,ACC05978,PLN_ENTERPRISE,2025-06-27,2025-09-11,cancelled,397,2499
SUB05979,ACC05979,PLN_GROWTH,2025-06-27,,active,22,199
SUB05980,ACC05980,PLN_ENTERPRISE,2025-06-27,,active,398,2499
SUB05981,ACC05981,PLN_GROWTH,2025-06-27,,active,13,199
SUB05982,ACC05982,PLN_SCALE,2025-06-28,2025-09-09,cancelled,95,799
SUB05983,ACC05983,PLN_SCALE,2025-06-28,,active,104,799
SUB05984,ACC05984,PLN_SCALE,2025-06-28,,active,74,799
SUB05985,ACC05985,PLN_ENTERPRISE,2025-06-29,2025-11-24,cancelled,392,2499
SUB05986,ACC05986,PLN_STARTER,2025-06-29,2025-09-07,cancelled,4,49
SUB05987,ACC05987,PLN_STARTER,2025-06-29,,active,3,49
SUB05988,ACC05988,PLN_STARTER,2025-06-29,2025-07-12,cancelled,5,49
SUB05989,ACC05989,PLN_ENTERPRISE,2025-06-29,2025-07-21,cancelled,424,2499
SUB05990,ACC05990,PLN_STARTER,2025-06-29,2025-08-17,cancelled,4,49
SUB05991,ACC05991,PLN_STARTER,2025-06-30,2025-08-11,cancelled,3,49
SUB05992,ACC05992,PLN_ENTERPRISE,2025-06-30,,active,477,2499
SUB05993,ACC05993,PLN_GROWTH,2025-06-30,,active,22,199
SUB05994,ACC05994,PLN_SCALE,2025-06-30,2025-08-02,cancelled,73,799
SUB05995,ACC05995,PLN_GROWTH,2025-06-30,2025-07-01,cancelled,12,199
SUB05996,ACC05996,PLN_GROWTH,2025-06-30,,active,13,199
SUB05997,ACC05997,PLN_GROWTH,2025-06-30,2025-10-11,cancelled,19,199
SUB05998,ACC05998,PLN_STARTER,2025-06-30,2025-08-07,cancelled,3,49
SUB05999,ACC05999,PLN_STARTER,2025-06-30,2025-08-01,cancelled,4,49
SUB06000,ACC06000,PLN_SCALE,2025-06-30,2025-11-13,cancelled,89,799
